Time_Sample	C0101	C0102	C0201	C0202	C0301	C0302	C0401	C0402	C0501	C0502	C0601	C0602	C0701	C0702	C0801	C0802	C0901	C0902	C1001	C1002		
0	0.259	0.269	0.276	0.269	0.441	0.341	0.336	0.483	0.451	0.337	0.293	0.263	0.193	0.235	0.211	0.208	0.301	0.319	0.29	0.429		
1	0.259	0.269	0.276	0.269	0.441	0.341	0.336	0.483	0.451	0.336	0.292	0.263	0.192	0.235	0.211	0.208	0.301	0.319	0.29	0.429		
2	0.259	0.269	0.276	0.269	0.441	0.341	0.336	0.483	0.451	0.335	0.292	0.263	0.193	0.235	0.211	0.208	0.301	0.319	0.29	0.43		
3	0.259	0.269	0.276	0.269	0.441	0.341	0.336	0.483	0.451	0.336	0.292	0.263	0.193	0.235	0.211	0.208	0.301	0.319	0.29	0.43		
4	0.259	0.269	0.276	0.269	0.441	0.341	0.336	0.483	0.451	0.337	0.292	0.263	0.193	0.235	0.211	0.208	0.301	0.319	0.29	0.43		
5	0.259	0.269	0.276	0.269	0.44	0.341	0.336	0.483	0.451	0.336	0.292	0.263	0.192	0.235	0.211	0.208	0.301	0.319	0.29	0.431		
6	0.259	0.269	0.276	0.269	0.441	0.341	0.336	0.483	0.451	0.336	0.292	0.263	0.193	0.235	0.211	0.208	0.301	0.319	0.29	0.431		
7	0.259	0.269	0.276	0.269	0.44	0.341	0.336	0.483	0.451	0.336	0.292	0.263	0.193	0.235	0.211	0.207	0.301	0.319	0.29	0.432		
8	0.259	0.269	0.276	0.269	0.44	0.341	0.336	0.483	0.451	0.335	0.292	0.263	0.193	0.234	0.211	0.208	0.301	0.319	0.29	0.432		
9	0.259	0.269	0.276	0.269	0.44	0.341	0.336	0.483	0.451	0.335	0.293	0.263	0.193	0.235	0.211	0.208	0.301	0.319	0.29	0.433		
10	0.259	0.269	0.276	0.269	0.44	0.341	0.336	0.483	0.451	0.336	0.293	0.263	0.193	0.235	0.211	0.208	0.301	0.319	0.29	0.433		
11	0.259	0.269	0.276	0.269	0.44	0.341	0.336	0.482	0.451	0.336	0.292	0.263	0.192	0.234	0.211	0.207	0.301	0.319	0.29	0.434		
12	0.259	0.269	0.276	0.269	0.44	0.341	0.336	0.482	0.451	0.336	0.292	0.263	0.193	0.235	0.211	0.208	0.301	0.319	0.29	0.434		
13	0.259	0.269	0.276	0.269	0.44	0.341	0.336	0.482	0.451	0.335	0.292	0.263	0.192	0.234	0.211	0.208	0.301	0.319	0.29	0.435		
14	0.259	0.269	0.276	0.269	0.44	0.341	0.336	0.482	0.451	0.335	0.293	0.263	0.193	0.234	0.21	0.208	0.301	0.319	0.29	0.435		
15	0.259	0.269	0.276	0.27	0.44	0.341	0.336	0.482	0.451	0.335	0.293	0.263	0.192	0.234	0.21	0.208	0.3	0.319	0.29	0.436		
16	0.259	0.269	0.276	0.27	0.44	0.341	0.336	0.482	0.451	0.336	0.292	0.263	0.193	0.234	0.211	0.208	0.3	0.319	0.29	0.436		
17	0.259	0.269	0.276	0.269	0.44	0.341	0.336	0.482	0.451	0.336	0.293	0.263	0.192	0.234	0.211	0.207	0.3	0.319	0.29	0.437		
18	0.259	0.269	0.276	0.27	0.44	0.341	0.336	0.482	0.451	0.336	0.292	0.263	0.192	0.234	0.211	0.207	0.3	0.319	0.29	0.437		
19	0.258	0.269	0.276	0.269	0.44	0.341	0.336	0.482	0.451	0.335	0.292	0.263	0.192	0.234	0.211	0.207	0.3	0.319	0.29	0.438		
20	0.259	0.269	0.276	0.269	0.44	0.341	0.336	0.482	0.452	0.334	0.292	0.263	0.192	0.234	0.211	0.208	0.3	0.319	0.29	0.438		
21	0.259	0.269	0.276	0.27	0.44	0.341	0.336	0.482	0.452	0.334	0.292	0.263	0.192	0.234	0.211	0.208	0.301	0.319	0.29	0.439		
22	0.259	0.269	0.276	0.269	0.44	0.341	0.336	0.482	0.452	0.335	0.292	0.263	0.192	0.234	0.21	0.208	0.3	0.319	0.29	0.439		
23	0.258	0.269	0.276	0.269	0.44	0.341	0.336	0.482	0.452	0.335	0.292	0.263	0.192	0.234	0.211	0.207	0.301	0.319	0.29	0.44		
24	0.259	0.269	0.276	0.269	0.44	0.341	0.336	0.482	0.452	0.335	0.292	0.263	0.192	0.234	0.211	0.207	0.3	0.319	0.29	0.44		
25	0.259	0.269	0.276	0.269	0.44	0.341	0.336	0.482	0.452	0.335	0.292	0.263	0.192	0.234	0.211	0.207	0.301	0.319	0.29	0.441		
26	0.259	0.269	0.276	0.269	0.44	0.341	0.336	0.481	0.452	0.334	0.292	0.263	0.192	0.234	0.211	0.208	0.301	0.319	0.29	0.441		
27	0.258	0.269	0.276	0.27	0.44	0.341	0.336	0.481	0.452	0.334	0.292	0.263	0.192	0.234	0.21	0.208	0.3	0.319	0.29	0.442		
28	0.259	0.269	0.277	0.27	0.439	0.341	0.336	0.481	0.452	0.335	0.292	0.263	0.192	0.234	0.211	0.208	0.3	0.319	0.29	0.442		
29	0.259	0.269	0.276	0.269	0.439	0.342	0.336	0.481	0.452	0.335	0.291	0.263	0.192	0.234	0.211	0.207	0.3	0.319	0.29	0.443		
30	0.258	0.269	0.276	0.27	0.439	0.341	0.336	0.481	0.452	0.335	0.291	0.263	0.192	0.234	0.211	0.207	0.3	0.319	0.29	0.443		
31	0.258	0.269	0.276	0.27	0.439	0.341	0.336	0.481	0.452	0.334	0.291	0.263	0.192	0.234	0.211	0.207	0.3	0.319	0.29	0.444		
32	0.258	0.269	0.276	0.269	0.439	0.341	0.336	0.481	0.452	0.333	0.291	0.263	0.192	0.234	0.211	0.208	0.3	0.318	0.29	0.444		
33	0.259	0.269	0.276	0.27	0.439	0.341	0.336	0.481	0.452	0.334	0.291	0.263	0.192	0.234	0.211	0.208	0.3	0.319	0.29	0.445		
34	0.259	0.269	0.277	0.27	0.439	0.342	0.336	0.481	0.452	0.335	0.291	0.263	0.192	0.234	0.211	0.208	0.3	0.319	0.29	0.445		
35	0.259	0.269	0.277	0.27	0.439	0.342	0.336	0.481	0.451	0.335	0.291	0.262	0.192	0.234	0.21	0.207	0.3	0.318	0.29	0.446		
36	0.259	0.269	0.277	0.27	0.439	0.342	0.336	0.481	0.452	0.335	0.291	0.263	0.192	0.234	0.211	0.207	0.3	0.319	0.29	0.446		
37	0.259	0.269	0.277	0.27	0.439	0.342	0.336	0.481	0.451	0.334	0.291	0.263	0.192	0.234	0.21	0.207	0.3	0.318	0.29	0.447		
38	0.259	0.269	0.277	0.27	0.439	0.342	0.336	0.481	0.452	0.333	0.291	0.262	0.192	0.234	0.211	0.208	0.3	0.318	0.29	0.447		
39	0.259	0.269	0.277	0.27	0.439	0.342	0.336	0.481	0.451	0.334	0.291	0.262	0.192	0.234	0.21	0.208	0.3	0.318	0.29	0.448		
40	0.259	0.269	0.276	0.27	0.439	0.342	0.336	0.481	0.452	0.335	0.292	0.262	0.192	0.234	0.21	0.208	0.3	0.318	0.29	0.448		
41	0.258	0.269	0.277	0.27	0.438	0.342	0.336	0.481	0.452	0.335	0.291	0.262	0.192	0.234	0.21	0.207	0.3	0.319	0.29	0.449		
42	0.259	0.269	0.276	0.27	0.438	0.342	0.336	0.481	0.452	0.334	0.291	0.262	0.192	0.234	0.21	0.207	0.3	0.318	0.29	0.449		
43	0.259	0.269	0.276	0.27	0.438	0.342	0.336	0.481	0.452	0.334	0.291	0.262	0.192	0.234	0.21	0.207	0.3	0.319	0.291	0.452		
44	0.259	0.269	0.276	0.27	0.438	0.342	0.336	0.48	0.452	0.333	0.291	0.262	0.192	0.234	0.21	0.208	0.3	0.319	0.291	0.464		
45	0.259	0.269	0.277	0.27	0.438	0.342	0.336	0.48	0.452	0.334	0.291	0.262	0.192	0.234	0.21	0.208	0.3	0.319	0.295	0.486		
46	0.259	0.269	0.277	0.27	0.438	0.342	0.336	0.48	0.452	0.334	0.291	0.262	0.192	0.234	0.21	0.208	0.301	0.319	0.302	0.513		
47	0.259	0.269	0.276	0.27	0.438	0.342	0.336	0.48	0.452	0.335	0.291	0.262	0.192	0.234	0.21	0.207	0.3	0.319	0.315	0.543		
48	0.258	0.269	0.277	0.27	0.438	0.342	0.336	0.48	0.452	0.334	0.291	0.262	0.192	0.233	0.21	0.206	0.301	0.319	0.332	0.58		
49	0.258	0.269	0.277	0.27	0.438	0.342	0.336	0.481	0.452	0.334	0.291	0.262	0.192	0.233	0.21	0.207	0.301	0.319	0.351	0.62		
50	0.258	0.269	0.277	0.27	0.438	0.342	0.336	0.48	0.452	0.333	0.291	0.262	0.192	0.233	0.21	0.208	0.3	0.319	0.373	0.662		
51	0.258	0.269	0.277	0.27	0.438	0.342	0.336	0.48	0.452	0.334	0.291	0.262	0.192	0.233	0.21	0.208	0.3	0.319	0.395	0.704		
52	0.258	0.269	0.277	0.271	0.438	0.343	0.336	0.48	0.452	0.335	0.291	0.262	0.192	0.233	0.21	0.208	0.3	0.319	0.419	0.745		
53	0.258	0.269	0.277	0.271	0.438	0.343	0.337	0.48	0.453	0.335	0.291	0.262	0.192	0.233	0.21	0.207	0.301	0.319	0.443	0.792		
54	0.258	0.269	0.276	0.271	0.438	0.343	0.337	0.48	0.453	0.335	0.291	0.262	0.192	0.233	0.21	0.207	0.301	0.319	0.467	0.839		
55	0.258	0.269	0.276	0.271	0.438	0.343	0.337	0.48	0.454	0.335	0.291	0.262	0.192	0.233	0.21	0.207	0.301	0.319	0.492	0.882		
56	0.258	0.269	0.276	0.271	0.438	0.343	0.337	0.48	0.454	0.335	0.291	0.262	0.192	0.233	0.21	0.208	0.301	0.319	0.519	0.922		
57	0.258	0.269	0.276	0.271	0.438	0.343	0.337	0.48	0.454	0.334	0.291	0.262	0.192	0.233	0.21	0.208	0.301	0.319	0.546	0.963		
58	0.258	0.269	0.276	0.271	0.438	0.344	0.337	0.48	0.454	0.334	0.291	0.262	0.192	0.233	0.21	0.207	0.301	0.32	0.574	1.004		
59	0.258	0.27	0.276	0.272	0.438	0.344	0.337	0.48	0.455	0.334	0.291	0.262	0.192	0.233	0.21	0.207	0.301	0.32	0.603	1.04		
60	0.258	0.27	0.276	0.272	0.438	0.344	0.337	0.48	0.455	0.334	0.291	0.262	0.192	0.233	0.21	0.207	0.301	0.32	0.632	1.072		
61	0.258	0.27	0.277	0.272	0.438	0.344	0.337	0.48	0.456	0.334	0.291	0.262	0.192	0.233	0.21	0.207	0.301	0.32	0.66	1.102		
62	0.258	0.27	0.277	0.272	0.438	0.344	0.337	0.48	0.456	0.334	0.291	0.262	0.192	0.233	0.21	0.208	0.301	0.32	0.688	1.127		
63	0.258	0.27	0.276	0.272	0.438	0.345	0.338	0.48	0.457	0.334	0.291	0.262	0.192	0.233	0.21	0.208	0.301	0.32	0.717	1.152		
64	0.258	0.27	0.276	0.272	0.438	0.345	0.338	0.48	0.457	0.334	0.291	0.262	0.192	0.233	0.21	0.207	0.301	0.321	0.745	1.175		
65	0.258	0.27	0.276	0.273	0.438	0.345	0.338	0.479	0.458	0.334	0.291	0.262	0.192	0.233	0.21	0.207	0.301	0.321	0.771	1.197		
66	0.258	0.27	0.276	0.273	0.438	0.345	0.338	0.48	0.458	0.334	0.29	0.262	0.192	0.233	0.21	0.206	0.301	0.321	0.797	1.218		
67	0.258	0.271	0.276	0.273	0.438	0.345	0.338	0.48	0.459	0.334	0.291	0.262	0.192	0.233	0.21	0.207	0.301	0.321	0.82	1.24		
68	0.258	0.271	0.276	0.273	0.438	0.346	0.338	0.479	0.459	0.334	0.29	0.262	0.192	0.233	0.21	0.208	0.301	0.322	0.842	1.258		
69	0.258	0.271	0.276	0.274	0.438	0.346	0.339	0.479	0.46	0.334	0.29	0.262	0.192	0.233	0.21	0.208	0.301	0.322	0.864	1.275		
70	0.258	0.271	0.276	0.274	0.438	0.346	0.339	0.479	0.459	0.334	0.291	0.262	0.192	0.233	0.21	0.207	0.302	0.322	0.887	1.294		
71	0.258	0.271	0.276	0.274	0.438	0.347	0.339	0.479	0.462	0.334	0.291	0.262	0.192	0.233	0.21	0.207	0.302	0.322	0.908	1.312		
72	0.258	0.272	0.276	0.274	0.437	0.347	0.339	0.479	0.462	0.334	0.291	0.262	0.192	0.233	0.21	0.206	0.302	0.323	0.928	1.329		
73	0.258	0.272	0.276	0.275	0.437	0.347	0.34	0.479	0.462	0.334	0.291	0.263	0.192	0.233	0.21	0.207	0.302	0.323	0.947	1.346		
74	0.258	0.272	0.276	0.275	0.437	0.347	0.34	0.479	0.461	0.334	0.291	0.263	0.192	0.233	0.21	0.207	0.302	0.327	0.965	1.361		
75	0.258	0.272	0.276	0.275	0.437	0.348	0.34	0.479	0.46	0.334	0.291	0.263	0.192	0.233	0.21	0.207	0.302	0.339	0.984	1.375		
76	0.258	0.273	0.276	0.276	0.437	0.348	0.34	0.479	0.462	0.334	0.291	0.263	0.192	0.233	0.21	0.207	0.302	0.357	1.003	1.388		
77	0.258	0.273	0.276	0.276	0.437	0.348	0.34	0.479	0.465	0.334	0.291	0.263	0.192	0.233	0.21	0.207	0.303	0.38	1.023	1.402		
78	0.258	0.273	0.276	0.276	0.437	0.349	0.341	0.479	0.466	0.334	0.291	0.263	0.192	0.233	0.21	0.207	0.303	0.404	1.041	1.415		
79	0.258	0.274	0.276	0.277	0.437	0.349	0.341	0.479	0.466	0.334	0.291	0.264	0.192	0.232	0.21	0.207	0.303	0.43	1.057	1.429		
80	0.258	0.274	0.276	0.276	0.437	0.349	0.341	0.479	0.465	0.334	0.291	0.264	0.192	0.233	0.21	0.207	0.303	0.459	1.073	1.444		
81	0.258	0.274	0.276	0.277	0.437	0.35	0.341	0.479	0.463	0.335	0.291	0.264	0.192	0.232	0.21	0.207	0.304	0.488	1.087	1.458		
82	0.258	0.274	0.276	0.277	0.437	0.35	0.342	0.479	0.465	0.335	0.291	0.264	0.192	0.233	0.21	0.207	0.305	0.519	1.101	1.47		
83	0.258	0.275	0.276	0.278	0.437	0.35	0.342	0.479	0.469	0.335	0.291	0.265	0.192	0.233	0.21	0.207	0.312	0.549	1.114	1.481		
84	0.258	0.275	0.276	0.278	0.437	0.351	0.342	0.478	0.469	0.334	0.292	0.265	0.192	0.232	0.21	0.207	0.325	0.58	1.126	1.493		
85	0.258	0.276	0.276	0.278	0.437	0.351	0.343	0.478	0.469	0.335	0.292	0.265	0.192	0.233	0.21	0.207	0.341	0.612	1.139	1.503		
86	0.258	0.276	0.276	0.279	0.437	0.351	0.343	0.478	0.468	0.335	0.292	0.265	0.192	0.233	0.21	0.207	0.359	0.644	1.153	1.513		
87	0.258	0.276	0.276	0.279	0.437	0.352	0.343	0.478	0.466	0.335	0.292	0.266	0.192	0.232	0.21	0.207	0.378	0.677	1.167	1.523		
88	0.258	0.277	0.276	0.279	0.437	0.352	0.344	0.478	0.469	0.335	0.292	0.266	0.192	0.233	0.21	0.207	0.399	0.707	1.181	1.533		
89	0.258	0.277	0.276	0.28	0.436	0.353	0.344	0.478	0.472	0.335	0.292	0.266	0.193	0.233	0.21	0.207	0.421	0.736	1.194	1.542		
90	0.258	0.277	0.276	0.28	0.436	0.353	0.344	0.478	0.473	0.335	0.293	0.267	0.192	0.233	0.21	0.207	0.443	0.762	1.205	1.55		
91	0.258	0.278	0.276	0.28	0.436	0.353	0.345	0.478	0.473	0.335	0.293	0.267	0.193	0.233	0.21	0.207	0.47	0.789	1.215	1.559		
92	0.258	0.278	0.276	0.281	0.436	0.354	0.345	0.478	0.471	0.335	0.293	0.267	0.193	0.233	0.21	0.207	0.499	0.815	1.226	1.568		
93	0.258	0.278	0.276	0.281	0.436	0.354	0.345	0.478	0.47	0.336	0.293	0.268	0.193	0.233	0.21	0.207	0.529	0.841	1.236	1.576		
94	0.258	0.279	0.276	0.282	0.436	0.355	0.346	0.478	0.472	0.336	0.294	0.268	0.193	0.233	0.21	0.207	0.562	0.869	1.247	1.584		
95	0.258	0.279	0.276	0.282	0.436	0.355	0.346	0.478	0.475	0.336	0.294	0.268	0.193	0.233	0.21	0.207	0.599	0.893	1.258	1.59		
96	0.258	0.279	0.276	0.282	0.437	0.355	0.346	0.478	0.476	0.336	0.295	0.269	0.193	0.233	0.21	0.207	0.634	0.915	1.269	1.596		
97	0.259	0.28	0.276	0.283	0.436	0.356	0.347	0.478	0.476	0.337	0.295	0.269	0.193	0.233	0.21	0.207	0.666	0.936	1.28	1.602		
98	0.259	0.28	0.276	0.283	0.436	0.356	0.347	0.478	0.475	0.337	0.295	0.269	0.193	0.233	0.21	0.207	0.699	0.957	1.29	1.608		
99	0.259	0.281	0.276	0.283	0.436	0.357	0.347	0.478	0.474	0.337	0.295	0.27	0.194	0.233	0.21	0.207	0.731	0.976	1.298	1.615		
100	0.259	0.281	0.276	0.284	0.436	0.357	0.348	0.478	0.476	0.337	0.296	0.27	0.194	0.233	0.21	0.207	0.762	0.994	1.306	1.623		
101	0.259	0.281	0.276	0.284	0.436	0.358	0.348	0.478	0.479	0.338	0.296	0.27	0.194	0.233	0.21	0.207	0.789	1.013	1.312	1.629		
102	0.259	0.282	0.276	0.285	0.436	0.359	0.348	0.478	0.48	0.338	0.296	0.271	0.194	0.233	0.21	0.207	0.813	1.031	1.319	1.635		
103	0.259	0.282	0.276	0.285	0.436	0.359	0.349	0.478	0.48	0.339	0.297	0.271	0.194	0.233	0.21	0.207	0.837	1.047	1.325	1.641		
104	0.259	0.282	0.276	0.286	0.436	0.36	0.349	0.477	0.478	0.339	0.297	0.271	0.194	0.233	0.21	0.207	0.86	1.062	1.331	1.646		
105	0.259	0.283	0.276	0.286	0.436	0.361	0.349	0.477	0.477	0.34	0.297	0.272	0.194	0.233	0.21	0.207	0.884	1.075	1.336	1.652		
106	0.26	0.283	0.276	0.286	0.436	0.363	0.35	0.477	0.479	0.34	0.298	0.272	0.194	0.233	0.211	0.207	0.906	1.088	1.342	1.658		
107	0.26	0.284	0.276	0.287	0.436	0.366	0.35	0.477	0.483	0.341	0.298	0.272	0.195	0.234	0.21	0.207	0.926	1.101	1.348	1.664		
108	0.26	0.284	0.276	0.287	0.436	0.37	0.351	0.477	0.483	0.341	0.299	0.273	0.195	0.234	0.211	0.207	0.947	1.113	1.353	1.669		
109	0.26	0.284	0.276	0.288	0.436	0.374	0.351	0.477	0.483	0.341	0.299	0.273	0.195	0.234	0.211	0.207	0.968	1.125	1.359	1.674		
110	0.26	0.285	0.276	0.288	0.436	0.378	0.351	0.477	0.482	0.342	0.299	0.273	0.195	0.234	0.211	0.207	0.987	1.136	1.364	1.679		
111	0.26	0.285	0.276	0.289	0.436	0.383	0.352	0.477	0.48	0.342	0.3	0.274	0.195	0.234	0.211	0.207	1.005	1.148	1.369	1.683		
112	0.261	0.286	0.276	0.289	0.436	0.388	0.352	0.477	0.483	0.343	0.3	0.274	0.195	0.234	0.211	0.207	1.023	1.159	1.374	1.687		
113	0.261	0.286	0.276	0.289	0.436	0.394	0.353	0.476	0.486	0.343	0.3	0.274	0.196	0.234	0.211	0.207	1.043	1.169	1.378	1.692		
114	0.261	0.286	0.276	0.29	0.436	0.399	0.353	0.476	0.487	0.344	0.301	0.275	0.196	0.235	0.211	0.207	1.064	1.179	1.382	1.698		
115	0.261	0.287	0.276	0.29	0.436	0.404	0.354	0.477	0.486	0.344	0.301	0.275	0.196	0.235	0.211	0.207	1.081	1.189	1.387	1.704		
116	0.261	0.287	0.276	0.291	0.436	0.41	0.354	0.476	0.485	0.345	0.302	0.275	0.196	0.235	0.211	0.207	1.095	1.202	1.392	1.708		
117	0.262	0.288	0.276	0.291	0.436	0.415	0.354	0.476	0.484	0.345	0.302	0.276	0.196	0.235	0.212	0.207	1.107	1.214	1.397	1.714		
118	0.262	0.288	0.276	0.292	0.436	0.419	0.355	0.476	0.486	0.346	0.303	0.276	0.196	0.235	0.212	0.207	1.12	1.224	1.402	1.718		
119	0.262	0.289	0.276	0.292	0.436	0.424	0.355	0.476	0.49	0.346	0.303	0.276	0.196	0.235	0.212	0.207	1.133	1.233	1.407	1.723		
120	0.262	0.289	0.276	0.293	0.436	0.428	0.356	0.477	0.49	0.347	0.304	0.277	0.197	0.235	0.212	0.207	1.144	1.242	1.411	1.728		
121	0.263	0.289	0.276	0.293	0.436	0.432	0.356	0.476	0.49	0.347	0.304	0.277	0.197	0.235	0.212	0.207	1.153	1.249	1.415	1.733		
122	0.263	0.29	0.276	0.293	0.436	0.436	0.356	0.476	0.488	0.348	0.304	0.278	0.197	0.236	0.212	0.207	1.161	1.257	1.42	1.737		
123	0.263	0.29	0.276	0.294	0.436	0.441	0.357	0.476	0.487	0.348	0.305	0.278	0.197	0.236	0.212	0.207	1.169	1.265	1.425	1.741		
124	0.264	0.291	0.276	0.294	0.436	0.446	0.357	0.476	0.49	0.349	0.305	0.278	0.198	0.236	0.212	0.207	1.177	1.273	1.43	1.745		
125	0.264	0.291	0.276	0.295	0.436	0.451	0.358	0.476	0.493	0.349	0.305	0.279	0.197	0.236	0.213	0.207	1.185	1.279	1.434	1.748		
126	0.264	0.291	0.276	0.295	0.436	0.457	0.358	0.476	0.494	0.35	0.306	0.279	0.198	0.236	0.213	0.207	1.193	1.286	1.438	1.752		
127	0.264	0.292	0.276	0.296	0.436	0.463	0.359	0.476	0.493	0.35	0.306	0.28	0.198	0.236	0.213	0.207	1.202	1.294	1.442	1.755		
128	0.264	0.292	0.276	0.296	0.436	0.47	0.359	0.476	0.492	0.351	0.307	0.28	0.198	0.237	0.213	0.207	1.21	1.302	1.445	1.759		
129	0.265	0.293	0.276	0.297	0.436	0.476	0.36	0.476	0.491	0.351	0.307	0.281	0.198	0.237	0.213	0.207	1.217	1.31	1.449	1.763		
130	0.265	0.293	0.276	0.297	0.436	0.483	0.36	0.476	0.495	0.352	0.307	0.281	0.198	0.237	0.214	0.207	1.224	1.318	1.453	1.766		
131	0.265	0.294	0.276	0.298	0.436	0.49	0.361	0.476	0.495	0.352	0.308	0.282	0.199	0.237	0.214	0.207	1.232	1.324	1.456	1.769		
132	0.266	0.294	0.276	0.298	0.436	0.499	0.361	0.476	0.496	0.353	0.308	0.282	0.199	0.237	0.214	0.207	1.239	1.33	1.46	1.774		
133	0.266	0.295	0.276	0.298	0.436	0.508	0.361	0.476	0.496	0.353	0.308	0.282	0.199	0.238	0.215	0.207	1.247	1.337	1.463	1.777		
134	0.266	0.295	0.276	0.299	0.436	0.517	0.362	0.476	0.497	0.354	0.309	0.283	0.199	0.238	0.216	0.208	1.254	1.342	1.466	1.78		
135	0.267	0.296	0.277	0.299	0.436	0.526	0.362	0.476	0.497	0.354	0.309	0.284	0.2	0.238	0.217	0.208	1.261	1.348	1.47	1.784		
136	0.267	0.296	0.277	0.3	0.436	0.535	0.363	0.476	0.498	0.355	0.31	0.284	0.2	0.238	0.219	0.208	1.268	1.354	1.474	1.787		
137	0.267	0.297	0.277	0.3	0.436	0.544	0.363	0.476	0.499	0.355	0.31	0.284	0.2	0.238	0.221	0.208	1.275	1.36	1.477	1.79		
138	0.268	0.297	0.277	0.301	0.436	0.553	0.363	0.476	0.499	0.356	0.31	0.285	0.2	0.238	0.224	0.208	1.281	1.365	1.48	1.793		
139	0.268	0.297	0.277	0.301	0.436	0.562	0.364	0.476	0.5	0.356	0.311	0.285	0.2	0.239	0.226	0.208	1.286	1.37	1.483	1.796		
140	0.268	0.298	0.277	0.302	0.436	0.572	0.364	0.476	0.5	0.357	0.311	0.286	0.2	0.239	0.229	0.208	1.291	1.375	1.486	1.799		
141	0.269	0.298	0.277	0.302	0.436	0.583	0.365	0.476	0.501	0.357	0.312	0.286	0.201	0.239	0.231	0.208	1.296	1.379	1.489	1.801		
142	0.269	0.299	0.277	0.303	0.436	0.594	0.365	0.476	0.501	0.358	0.312	0.287	0.201	0.239	0.234	0.208	1.301	1.383	1.492	1.804		
143	0.269	0.299	0.278	0.303	0.436	0.606	0.366	0.476	0.502	0.358	0.313	0.288	0.201	0.239	0.237	0.209	1.306	1.388	1.495	1.807		
144	0.27	0.3	0.278	0.304	0.436	0.618	0.366	0.476	0.503	0.359	0.313	0.288	0.201	0.24	0.24	0.209	1.31	1.392	1.498	1.809		
145	0.27	0.3	0.278	0.304	0.436	0.631	0.367	0.476	0.503	0.359	0.313	0.288	0.201	0.24	0.243	0.209	1.316	1.398	1.501	1.811		
146	0.27	0.301	0.278	0.304	0.436	0.644	0.367	0.476	0.504	0.36	0.314	0.289	0.202	0.24	0.246	0.209	1.321	1.402	1.504	1.813		
147	0.271	0.301	0.278	0.305	0.436	0.656	0.368	0.476	0.505	0.36	0.314	0.289	0.202	0.24	0.248	0.209	1.325	1.406	1.506	1.817		
148	0.271	0.302	0.279	0.306	0.436	0.67	0.368	0.476	0.505	0.361	0.315	0.29	0.202	0.241	0.251	0.209	1.33	1.41	1.509	1.819		
149	0.271	0.302	0.279	0.306	0.436	0.684	0.369	0.477	0.506	0.361	0.315	0.291	0.202	0.241	0.254	0.21	1.335	1.415	1.512	1.822		
150	0.272	0.303	0.279	0.307	0.436	0.698	0.369	0.476	0.506	0.362	0.315	0.291	0.202	0.241	0.256	0.21	1.338	1.419	1.515	1.825		
151	0.272	0.303	0.279	0.307	0.436	0.713	0.37	0.477	0.507	0.362	0.316	0.292	0.203	0.241	0.259	0.21	1.343	1.423	1.517	1.828		
152	0.272	0.304	0.28	0.307	0.436	0.727	0.37	0.476	0.508	0.363	0.316	0.292	0.203	0.241	0.261	0.21	1.347	1.427	1.52	1.83		
153	0.273	0.304	0.28	0.308	0.436	0.742	0.371	0.477	0.508	0.363	0.317	0.293	0.203	0.242	0.264	0.21	1.351	1.431	1.523	1.832		
154	0.273	0.305	0.28	0.309	0.436	0.757	0.371	0.477	0.509	0.364	0.317	0.293	0.203	0.242	0.268	0.21	1.355	1.435	1.526	1.834		
155	0.273	0.305	0.28	0.309	0.436	0.771	0.371	0.477	0.51	0.364	0.318	0.294	0.203	0.242	0.271	0.21	1.358	1.438	1.529	1.837		
156	0.274	0.306	0.28	0.309	0.436	0.785	0.372	0.477	0.51	0.365	0.318	0.294	0.204	0.242	0.275	0.211	1.362	1.443	1.531	1.839		
157	0.274	0.306	0.281	0.31	0.436	0.799	0.372	0.477	0.511	0.365	0.318	0.295	0.204	0.243	0.279	0.211	1.366	1.446	1.533	1.842		
158	0.275	0.307	0.281	0.31	0.435	0.813	0.373	0.476	0.511	0.366	0.319	0.295	0.204	0.243	0.282	0.211	1.37	1.449	1.536	1.843		
159	0.275	0.307	0.281	0.311	0.435	0.826	0.374	0.477	0.512	0.366	0.319	0.296	0.204	0.243	0.286	0.211	1.374	1.452	1.538	1.846		
160	0.275	0.308	0.282	0.311	0.436	0.839	0.374	0.477	0.512	0.367	0.32	0.296	0.204	0.243	0.29	0.211	1.378	1.455	1.541	1.848		
161	0.276	0.308	0.282	0.312	0.435	0.851	0.374	0.477	0.513	0.367	0.32	0.296	0.205	0.243	0.294	0.212	1.381	1.459	1.544	1.851		
162	0.276	0.308	0.282	0.312	0.435	0.864	0.375	0.477	0.514	0.367	0.321	0.297	0.205	0.244	0.298	0.212	1.384	1.462	1.546	1.853		
163	0.277	0.309	0.283	0.313	0.435	0.877	0.375	0.477	0.514	0.368	0.321	0.298	0.205	0.244	0.302	0.212	1.387	1.466	1.548	1.855		
164	0.277	0.31	0.283	0.313	0.435	0.89	0.376	0.477	0.515	0.368	0.322	0.298	0.205	0.244	0.306	0.212	1.39	1.47	1.551	1.859		
165	0.277	0.31	0.283	0.314	0.435	0.903	0.376	0.477	0.515	0.369	0.322	0.298	0.205	0.245	0.31	0.212	1.394	1.474	1.554	1.862		
166	0.278	0.31	0.284	0.314	0.435	0.915	0.377	0.477	0.516	0.369	0.322	0.299	0.205	0.245	0.314	0.212	1.398	1.478	1.556	1.863		
167	0.281	0.311	0.284	0.315	0.435	0.927	0.377	0.477	0.516	0.37	0.323	0.299	0.206	0.245	0.318	0.213	1.401	1.481	1.558	1.866		
168	0.285	0.311	0.284	0.315	0.435	0.939	0.378	0.477	0.517	0.37	0.324	0.3	0.206	0.245	0.321	0.213	1.405	1.484	1.561	1.868		
169	0.29	0.312	0.285	0.316	0.435	0.951	0.378	0.477	0.518	0.371	0.324	0.3	0.206	0.245	0.326	0.213	1.408	1.488	1.563	1.871		
170	0.296	0.312	0.285	0.316	0.435	0.963	0.379	0.477	0.518	0.371	0.324	0.301	0.206	0.246	0.332	0.213	1.412	1.491	1.565	1.873		
171	0.303	0.313	0.286	0.317	0.435	0.974	0.379	0.477	0.519	0.372	0.324	0.301	0.207	0.246	0.339	0.213	1.417	1.494	1.567	1.875		
172	0.311	0.313	0.286	0.317	0.435	0.984	0.38	0.477	0.519	0.372	0.325	0.301	0.207	0.246	0.348	0.214	1.42	1.497	1.569	1.877		
173	0.32	0.314	0.286	0.318	0.435	0.995	0.38	0.477	0.52	0.372	0.325	0.302	0.208	0.246	0.357	0.214	1.423	1.5	1.572	1.879		
174	0.329	0.314	0.287	0.318	0.435	1.005	0.381	0.477	0.52	0.373	0.326	0.302	0.209	0.247	0.367	0.214	1.426	1.503	1.574	1.88		
175	0.338	0.315	0.287	0.319	0.435	1.015	0.382	0.477	0.521	0.373	0.326	0.303	0.211	0.248	0.378	0.214	1.429	1.505	1.576	1.881		
176	0.349	0.315	0.287	0.319	0.435	1.025	0.383	0.477	0.521	0.374	0.327	0.303	0.213	0.25	0.388	0.214	1.432	1.508	1.578	1.883		
177	0.361	0.316	0.288	0.32	0.435	1.035	0.385	0.478	0.522	0.374	0.327	0.304	0.215	0.254	0.398	0.215	1.435	1.51	1.58	1.886		
178	0.373	0.316	0.288	0.32	0.435	1.045	0.388	0.478	0.522	0.375	0.327	0.304	0.218	0.261	0.409	0.215	1.437	1.513	1.582	1.888		
179	0.386	0.317	0.289	0.321	0.435	1.055	0.391	0.478	0.523	0.375	0.327	0.303	0.221	0.271	0.421	0.215	1.441	1.515	1.585	1.889		
180	0.4	0.317	0.289	0.321	0.435	1.065	0.394	0.478	0.523	0.376	0.328	0.304	0.225	0.281	0.432	0.215	1.444	1.518	1.587	1.892		
181	0.415	0.318	0.289	0.322	0.435	1.075	0.398	0.478	0.524	0.376	0.328	0.306	0.228	0.293	0.443	0.215	1.446	1.521	1.589	1.894		
182	0.429	0.318	0.29	0.322	0.435	1.084	0.402	0.479	0.524	0.377	0.329	0.306	0.232	0.305	0.455	0.216	1.449	1.524	1.591	1.896		
183	0.444	0.319	0.29	0.323	0.435	1.093	0.406	0.479	0.525	0.377	0.329	0.306	0.236	0.317	0.466	0.217	1.452	1.527	1.593	1.898		
184	0.459	0.319	0.29	0.323	0.435	1.103	0.41	0.479	0.525	0.377	0.329	0.305	0.241	0.329	0.477	0.218	1.454	1.529	1.595	1.901		
185	0.473	0.32	0.291	0.324	0.435	1.112	0.415	0.479	0.525	0.378	0.33	0.305	0.245	0.341	0.489	0.22	1.457	1.531	1.597	1.902		
186	0.488	0.32	0.291	0.324	0.435	1.12	0.42	0.48	0.526	0.378	0.33	0.307	0.25	0.353	0.501	0.222	1.459	1.534	1.599	1.904		
187	0.503	0.321	0.291	0.325	0.435	1.129	0.424	0.48	0.526	0.379	0.33	0.308	0.255	0.365	0.512	0.225	1.461	1.535	1.601	1.905		
188	0.517	0.321	0.292	0.325	0.435	1.138	0.429	0.48	0.527	0.379	0.331	0.308	0.26	0.377	0.523	0.228	1.464	1.538	1.603	1.907		
189	0.532	0.322	0.292	0.326	0.435	1.146	0.433	0.48	0.528	0.379	0.331	0.308	0.265	0.389	0.534	0.232	1.466	1.541	1.605	1.909		
190	0.547	0.323	0.293	0.326	0.435	1.155	0.439	0.481	0.529	0.38	0.331	0.308	0.27	0.401	0.545	0.236	1.468	1.543	1.607	1.911		
191	0.562	0.323	0.293	0.327	0.435	1.164	0.444	0.481	0.531	0.38	0.332	0.307	0.275	0.414	0.556	0.241	1.471	1.546	1.609	1.912		
192	0.576	0.323	0.293	0.327	0.434	1.172	0.45	0.482	0.532	0.381	0.332	0.309	0.281	0.426	0.567	0.245	1.473	1.548	1.611	1.913		
193	0.59	0.324	0.294	0.328	0.434	1.18	0.455	0.482	0.534	0.381	0.332	0.31	0.287	0.438	0.578	0.25	1.475	1.55	1.607	1.916		
194	0.605	0.324	0.294	0.329	0.434	1.188	0.46	0.482	0.536	0.382	0.333	0.311	0.293	0.449	0.588	0.255	1.477	1.552	1.611	1.918		
195	0.62	0.325	0.295	0.329	0.434	1.196	0.465	0.483	0.539	0.382	0.333	0.311	0.299	0.46	0.598	0.26	1.48	1.554	1.618	1.92		
196	0.634	0.326	0.295	0.33	0.434	1.204	0.47	0.483	0.541	0.383	0.333	0.31	0.306	0.471	0.608	0.265	1.483	1.556	1.62	1.922		
197	0.648	0.326	0.295	0.33	0.434	1.213	0.476	0.483	0.544	0.383	0.334	0.31	0.313	0.481	0.619	0.27	1.486	1.559	1.621	1.924		
198	0.662	0.327	0.296	0.331	0.434	1.22	0.483	0.484	0.547	0.383	0.334	0.311	0.32	0.492	0.629	0.275	1.488	1.561	1.619	1.926		
199	0.676	0.327	0.296	0.331	0.434	1.228	0.489	0.484	0.55	0.384	0.335	0.312	0.327	0.502	0.639	0.28	1.49	1.564	1.618	1.928		
200	0.69	0.328	0.296	0.332	0.434	1.236	0.496	0.484	0.554	0.384	0.338	0.313	0.335	0.512	0.649	0.285	1.492	1.566	1.621	1.929		
201	0.703	0.328	0.297	0.332	0.434	1.244	0.503	0.485	0.557	0.385	0.344	0.312	0.342	0.523	0.659	0.291	1.495	1.567	1.628	1.931		
202	0.717	0.329	0.297	0.333	0.434	1.251	0.51	0.485	0.561	0.385	0.351	0.312	0.351	0.533	0.668	0.297	1.497	1.569	1.631	1.932		
203	0.731	0.329	0.298	0.334	0.434	1.259	0.518	0.486	0.564	0.385	0.358	0.312	0.359	0.544	0.678	0.303	1.499	1.571	1.631	1.934		
204	0.745	0.33	0.298	0.334	0.434	1.267	0.527	0.486	0.567	0.386	0.366	0.313	0.367	0.554	0.687	0.31	1.501	1.574	1.629	1.936		
205	0.758	0.331	0.298	0.335	0.434	1.274	0.538	0.486	0.57	0.386	0.375	0.314	0.375	0.565	0.696	0.318	1.504	1.576	1.628	1.938		
206	0.771	0.331	0.299	0.335	0.434	1.281	0.549	0.487	0.573	0.387	0.384	0.314	0.384	0.575	0.705	0.325	1.506	1.578	1.631	1.939		
207	0.783	0.332	0.299	0.336	0.434	1.288	0.56	0.487	0.576	0.387	0.393	0.315	0.392	0.585	0.714	0.332	1.509	1.58	1.638	1.94		
208	0.796	0.332	0.3	0.336	0.435	1.295	0.573	0.488	0.579	0.387	0.402	0.314	0.4	0.595	0.723	0.339	1.512	1.583	1.641	1.941		
209	0.809	0.333	0.3	0.337	0.435	1.303	0.587	0.488	0.582	0.39	0.411	0.314	0.407	0.605	0.731	0.346	1.514	1.585	1.641	1.943		
210	0.822	0.333	0.3	0.337	0.435	1.31	0.601	0.489	0.585	0.394	0.419	0.315	0.415	0.615	0.74	0.353	1.516	1.588	1.64	1.945		
211	0.835	0.334	0.301	0.338	0.435	1.317	0.615	0.489	0.588	0.4	0.428	0.316	0.422	0.624	0.749	0.36	1.519	1.59	1.637	1.947		
212	0.847	0.334	0.301	0.339	0.435	1.324	0.631	0.49	0.592	0.407	0.436	0.316	0.429	0.634	0.758	0.366	1.52	1.592	1.641	1.948		
213	0.859	0.335	0.302	0.339	0.435	1.33	0.646	0.49	0.595	0.415	0.444	0.316	0.436	0.643	0.766	0.373	1.522	1.594	1.648	1.95		
214	0.871	0.336	0.302	0.34	0.435	1.337	0.662	0.491	0.598	0.423	0.451	0.316	0.443	0.652	0.774	0.38	1.524	1.595	1.651	1.951		
215	0.883	0.336	0.302	0.34	0.435	1.344	0.677	0.491	0.601	0.43	0.458	0.315	0.45	0.661	0.782	0.387	1.526	1.597	1.652	1.953		
216	0.895	0.337	0.303	0.341	0.435	1.35	0.693	0.492	0.605	0.438	0.465	0.316	0.457	0.669	0.79	0.394	1.528	1.599	1.65	1.953		
217	0.907	0.337	0.303	0.341	0.435	1.356	0.708	0.492	0.608	0.446	0.471	0.318	0.463	0.678	0.798	0.402	1.53	1.6	1.648	1.955		
218	0.918	0.338	0.304	0.342	0.435	1.363	0.723	0.493	0.612	0.454	0.478	0.318	0.47	0.686	0.806	0.409	1.532	1.603	1.651	1.957		
219	0.929	0.339	0.304	0.343	0.435	1.369	0.737	0.493	0.616	0.462	0.486	0.319	0.477	0.695	0.814	0.416	1.534	1.604	1.658	1.959		
220	0.94	0.339	0.304	0.343	0.436	1.376	0.752	0.494	0.619	0.47	0.493	0.32	0.484	0.704	0.821	0.424	1.537	1.606	1.661	1.96		
221	0.95	0.34	0.305	0.344	0.436	1.382	0.767	0.494	0.623	0.478	0.5	0.324	0.491	0.712	0.828	0.431	1.539	1.607	1.662	1.961		
222	0.961	0.341	0.305	0.345	0.436	1.389	0.781	0.495	0.626	0.485	0.507	0.331	0.497	0.72	0.836	0.437	1.541	1.609	1.66	1.962		
223	0.971	0.341	0.306	0.345	0.436	1.395	0.796	0.495	0.63	0.492	0.514	0.338	0.502	0.727	0.843	0.444	1.544	1.612	1.658	1.964		
224	0.981	0.342	0.306	0.346	0.436	1.401	0.811	0.496	0.633	0.5	0.521	0.345	0.507	0.735	0.85	0.451	1.546	1.615	1.661	1.965		
225	0.991	0.342	0.306	0.346	0.436	1.407	0.825	0.496	0.636	0.507	0.528	0.351	0.512	0.743	0.858	0.458	1.547	1.618	1.667	1.967		
226	1.001	0.343	0.307	0.347	0.437	1.412	0.839	0.497	0.639	0.515	0.535	0.358	0.516	0.751	0.865	0.465	1.548	1.62	1.671	1.969		
227	1.011	0.344	0.307	0.347	0.437	1.418	0.852	0.498	0.643	0.522	0.542	0.365	0.52	0.759	0.872	0.471	1.551	1.622	1.671	1.97		
228	1.021	0.344	0.308	0.348	0.437	1.424	0.865	0.498	0.646	0.53	0.549	0.373	0.524	0.766	0.878	0.477	1.553	1.623	1.669	1.971		
229	1.031	0.345	0.308	0.349	0.438	1.43	0.879	0.499	0.65	0.537	0.555	0.382	0.527	0.774	0.885	0.483	1.555	1.624	1.667	1.972		
230	1.041	0.346	0.309	0.349	0.438	1.435	0.892	0.499	0.654	0.544	0.562	0.388	0.53	0.781	0.891	0.489	1.557	1.626	1.67	1.974		
231	1.05	0.346	0.309	0.35	0.438	1.441	0.905	0.5	0.658	0.551	0.568	0.395	0.533	0.788	0.898	0.495	1.559	1.628	1.676	1.975		
232	1.06	0.347	0.309	0.351	0.438	1.447	0.919	0.5	0.662	0.557	0.574	0.402	0.536	0.795	0.904	0.5	1.561	1.63	1.68	1.976		
233	1.069	0.347	0.31	0.351	0.439	1.452	0.931	0.501	0.666	0.564	0.581	0.408	0.538	0.803	0.911	0.506	1.561	1.631	1.681	1.977		
234	1.077	0.348	0.31	0.352	0.439	1.458	0.944	0.502	0.67	0.57	0.587	0.417	0.541	0.81	0.917	0.512	1.564	1.632	1.68	1.979		
235	1.086	0.349	0.311	0.353	0.439	1.463	0.956	0.502	0.674	0.577	0.593	0.425	0.543	0.817	0.923	0.518	1.565	1.634	1.677	1.98		
236	1.095	0.349	0.311	0.353	0.44	1.468	0.969	0.503	0.678	0.584	0.599	0.431	0.546	0.824	0.929	0.524	1.567	1.636	1.679	1.982		
237	1.104	0.35	0.312	0.354	0.44	1.474	0.981	0.503	0.682	0.591	0.605	0.437	0.548	0.831	0.935	0.531	1.568	1.637	1.686	1.984		
238	1.113	0.351	0.312	0.355	0.441	1.479	0.992	0.504	0.686	0.598	0.611	0.441	0.55	0.838	0.941	0.538	1.57	1.639	1.69	1.985		
239	1.121	0.351	0.312	0.355	0.441	1.484	1.004	0.504	0.69	0.604	0.617	0.448	0.553	0.844	0.946	0.545	1.571	1.641	1.69	1.986		
240	1.13	0.352	0.313	0.356	0.441	1.489	1.015	0.505	0.695	0.61	0.623	0.454	0.554	0.85	0.952	0.551	1.573	1.643	1.689	1.987		
241	1.138	0.353	0.313	0.357	0.442	1.494	1.026	0.506	0.699	0.617	0.629	0.46	0.557	0.857	0.957	0.558	1.574	1.645	1.687	1.989		
242	1.146	0.353	0.314	0.361	0.442	1.5	1.036	0.506	0.704	0.623	0.635	0.466	0.559	0.863	0.963	0.565	1.576	1.646	1.689	1.99		
243	1.155	0.354	0.314	0.368	0.443	1.505	1.046	0.507	0.708	0.629	0.641	0.472	0.561	0.869	0.968	0.572	1.578	1.647	1.695	1.992		
244	1.163	0.357	0.315	0.377	0.443	1.51	1.057	0.507	0.713	0.635	0.647	0.479	0.563	0.875	0.973	0.578	1.58	1.648	1.699	1.993		
245	1.171	0.363	0.315	0.388	0.444	1.515	1.067	0.508	0.718	0.641	0.653	0.484	0.565	0.881	0.978	0.585	1.582	1.65	1.7	1.994		
246	1.179	0.371	0.316	0.401	0.444	1.52	1.077	0.508	0.724	0.647	0.659	0.49	0.566	0.887	0.984	0.591	1.583	1.651	1.698	1.996		
247	1.186	0.382	0.316	0.414	0.444	1.525	1.087	0.509	0.729	0.653	0.665	0.496	0.568	0.893	0.989	0.597	1.584	1.653	1.696	1.997		
248	1.194	0.393	0.316	0.427	0.445	1.53	1.096	0.51	0.735	0.659	0.671	0.502	0.57	0.898	0.994	0.604	1.585	1.654	1.697	1.998		
249	1.202	0.405	0.317	0.442	0.445	1.534	1.106	0.51	0.74	0.665	0.677	0.509	0.572	0.904	0.999	0.61	1.588	1.656	1.704	1.999		
250	1.21	0.418	0.317	0.456	0.446	1.539	1.115	0.511	0.746	0.671	0.683	0.515	0.575	0.91	1.003	0.617	1.589	1.658	1.708	2.001		
251	1.217	0.431	0.318	0.472	0.446	1.544	1.125	0.511	0.753	0.678	0.689	0.521	0.579	0.915	1.008	0.624	1.59	1.659	1.708	2.002		
252	1.224	0.444	0.318	0.489	0.447	1.548	1.134	0.512	0.76	0.684	0.694	0.526	0.583	0.921	1.013	0.63	1.592	1.661	1.707	2.003		
253	1.232	0.458	0.319	0.506	0.447	1.553	1.143	0.513	0.767	0.69	0.7	0.532	0.587	0.926	1.018	0.636	1.593	1.66	1.709	2.004		
254	1.239	0.472	0.319	0.525	0.448	1.557	1.151	0.513	0.774	0.696	0.705	0.537	0.591	0.931	1.023	0.642	1.594	1.661	1.71	2.005		
255	1.246	0.487	0.32	0.542	0.448	1.562	1.16	0.514	0.781	0.702	0.711	0.542	0.596	0.936	1.027	0.647	1.596	1.663	1.712	2.007		
256	1.253	0.504	0.32	0.561	0.449	1.566	1.169	0.515	0.788	0.707	0.716	0.547	0.601	0.941	1.032	0.653	1.598	1.665	1.713	2.008		
257	1.26	0.52	0.321	0.58	0.449	1.571	1.177	0.515	0.796	0.713	0.723	0.552	0.605	0.946	1.037	0.658	1.6	1.666	1.714	2.009		
258	1.267	0.537	0.322	0.596	0.45	1.576	1.186	0.516	0.803	0.719	0.728	0.556	0.61	0.951	1.041	0.663	1.601	1.668	1.716	2.01		
259	1.274	0.554	0.328	0.614	0.45	1.58	1.195	0.516	0.81	0.725	0.734	0.561	0.614	0.955	1.046	0.669	1.602	1.669	1.717	2.012		
260	1.281	0.572	0.336	0.631	0.451	1.585	1.203	0.517	0.818	0.73	0.739	0.565	0.619	0.96	1.05	0.674	1.604	1.671	1.718	2.013		
261	1.288	0.59	0.347	0.649	0.451	1.589	1.211	0.518	0.826	0.736	0.745	0.57	0.624	0.965	1.055	0.679	1.605	1.673	1.72	2.014		
262	1.295	0.61	0.359	0.667	0.452	1.594	1.219	0.518	0.834	0.742	0.75	0.574	0.629	0.97	1.059	0.683	1.607	1.675	1.721	2.015		
263	1.302	0.629	0.373	0.685	0.452	1.598	1.227	0.519	0.841	0.748	0.756	0.579	0.634	0.975	1.063	0.688	1.609	1.677	1.722	2.016		
264	1.309	0.649	0.388	0.703	0.453	1.602	1.234	0.52	0.848	0.754	0.761	0.584	0.64	0.98	1.068	0.693	1.609	1.678	1.724	2.017		
265	1.315	0.669	0.404	0.721	0.453	1.606	1.242	0.52	0.856	0.76	0.766	0.588	0.645	0.985	1.072	0.698	1.611	1.679	1.725	2.019		
266	1.322	0.689	0.422	0.738	0.454	1.611	1.25	0.521	0.864	0.766	0.772	0.593	0.65	0.989	1.076	0.703	1.612	1.68	1.726	2.02		
267	1.329	0.707	0.439	0.756	0.454	1.615	1.257	0.521	0.871	0.772	0.777	0.598	0.655	0.994	1.08	0.708	1.613	1.682	1.728	2.021		
268	1.335	0.725	0.456	0.774	0.455	1.62	1.264	0.522	0.879	0.778	0.783	0.602	0.66	0.999	1.084	0.713	1.615	1.683	1.729	2.022		
269	1.342	0.742	0.475	0.792	0.456	1.624	1.271	0.522	0.886	0.784	0.788	0.607	0.665	1.003	1.088	0.718	1.616	1.685	1.73	2.023		
270	1.348	0.759	0.493	0.81	0.456	1.628	1.278	0.523	0.894	0.789	0.794	0.612	0.67	1.008	1.092	0.723	1.618	1.685	1.731	2.024		
271	1.355	0.775	0.513	0.826	0.457	1.631	1.285	0.524	0.901	0.795	0.799	0.617	0.676	1.013	1.096	0.728	1.619	1.687	1.733	2.026		
272	1.361	0.792	0.533	0.843	0.457	1.636	1.292	0.525	0.909	0.8	0.804	0.621	0.682	1.017	1.1	0.733	1.621	1.688	1.734	2.027		
273	1.368	0.808	0.553	0.859	0.458	1.64	1.3	0.525	0.916	0.806	0.81	0.626	0.687	1.021	1.104	0.737	1.622	1.689	1.735	2.028		
274	1.374	0.825	0.574	0.874	0.458	1.644	1.307	0.526	0.924	0.812	0.815	0.63	0.693	1.026	1.108	0.742	1.623	1.69	1.737	2.029		
275	1.381	0.842	0.595	0.891	0.459	1.648	1.314	0.526	0.932	0.818	0.82	0.635	0.698	1.03	1.111	0.747	1.624	1.691	1.738	2.03		
276	1.387	0.86	0.616	0.906	0.459	1.652	1.32	0.527	0.939	0.823	0.826	0.639	0.703	1.034	1.115	0.752	1.626	1.693	1.74	2.031		
277	1.393	0.877	0.636	0.922	0.46	1.655	1.327	0.528	0.947	0.829	0.832	0.643	0.709	1.038	1.119	0.756	1.627	1.695	1.741	2.032		
278	1.399	0.893	0.658	0.937	0.461	1.659	1.334	0.528	0.954	0.835	0.837	0.647	0.714	1.042	1.123	0.761	1.629	1.695	1.742	2.034		
279	1.405	0.909	0.679	0.951	0.461	1.663	1.34	0.529	0.962	0.841	0.842	0.651	0.72	1.046	1.126	0.765	1.63	1.697	1.743	2.035		
280	1.411	0.923	0.699	0.965	0.462	1.667	1.347	0.53	0.969	0.846	0.847	0.654	0.726	1.05	1.13	0.769	1.631	1.699	1.745	2.036		
281	1.417	0.939	0.717	0.979	0.462	1.67	1.353	0.53	0.976	0.852	0.852	0.658	0.731	1.054	1.133	0.773	1.632	1.7	1.746	2.037		
282	1.423	0.953	0.737	0.993	0.463	1.674	1.359	0.531	0.983	0.857	0.857	0.662	0.737	1.058	1.137	0.777	1.633	1.702	1.748	2.038		
283	1.429	0.968	0.755	1.007	0.463	1.678	1.365	0.531	0.99	0.863	0.862	0.666	0.742	1.062	1.141	0.782	1.634	1.703	1.749	2.039		
284	1.435	0.981	0.773	1.021	0.464	1.682	1.372	0.532	0.997	0.868	0.867	0.67	0.748	1.066	1.144	0.786	1.635	1.704	1.75	2.041		
285	1.441	0.995	0.791	1.034	0.465	1.686	1.378	0.533	1.003	0.873	0.873	0.674	0.753	1.07	1.147	0.79	1.637	1.705	1.751	2.042		
286	1.446	1.009	0.808	1.047	0.465	1.689	1.384	0.533	1.01	0.879	0.878	0.678	0.759	1.074	1.151	0.795	1.639	1.706	1.752	2.043		
287	1.452	1.022	0.825	1.06	0.466	1.693	1.391	0.534	1.017	0.884	0.883	0.681	0.764	1.078	1.154	0.799	1.64	1.708	1.754	2.044		
288	1.457	1.034	0.842	1.073	0.466	1.697	1.396	0.535	1.025	0.889	0.888	0.685	0.769	1.082	1.157	0.803	1.641	1.709	1.755	2.045		
289	1.463	1.047	0.859	1.085	0.467	1.7	1.403	0.535	1.032	0.894	0.893	0.689	0.773	1.085	1.161	0.807	1.643	1.71	1.756	2.046		
290	1.468	1.059	0.876	1.096	0.467	1.704	1.409	0.536	1.038	0.899	0.898	0.693	0.778	1.089	1.164	0.812	1.644	1.712	1.757	2.047		
291	1.473	1.07	0.892	1.108	0.468	1.707	1.414	0.537	1.045	0.905	0.903	0.697	0.783	1.093	1.167	0.816	1.645	1.713	1.758	2.048		
292	1.479	1.082	0.908	1.119	0.469	1.711	1.421	0.538	1.051	0.91	0.907	0.701	0.789	1.096	1.17	0.82	1.647	1.714	1.76	2.049		
293	1.481	1.093	0.923	1.131	0.469	1.714	1.427	0.538	1.058	0.915	0.912	0.705	0.794	1.1	1.173	0.824	1.648	1.716	1.761	2.05		
294	1.482	1.104	0.937	1.142	0.47	1.718	1.432	0.539	1.064	0.92	0.917	0.71	0.799	1.104	1.177	0.828	1.649	1.716	1.762	2.051		
295	1.492	1.115	0.952	1.153	0.47	1.722	1.438	0.54	1.071	0.925	0.922	0.714	0.804	1.107	1.18	0.833	1.65	1.718	1.763	2.052		
296	1.504	1.126	0.966	1.164	0.471	1.725	1.444	0.54	1.078	0.93	0.927	0.718	0.809	1.111	1.183	0.837	1.652	1.719	1.764	2.053		
297	1.509	1.136	0.98	1.175	0.472	1.728	1.449	0.541	1.084	0.936	0.932	0.723	0.814	1.115	1.186	0.841	1.653	1.721	1.765	2.054		
298	1.512	1.146	0.994	1.187	0.472	1.732	1.455	0.542	1.09	0.941	0.936	0.727	0.82	1.118	1.189	0.845	1.655	1.722	1.767	2.055		
299	1.513	1.156	1.008	1.197	0.473	1.735	1.46	0.543	1.097	0.947	0.941	0.731	0.825	1.122	1.192	0.849	1.656	1.723	1.768	2.055		
300	1.512	1.167	1.021	1.207	0.474	1.738	1.465	0.544	1.103	0.952	0.946	0.735	0.83	1.125	1.195	0.853	1.657	1.724	1.769	2.057		
301	1.522	1.177	1.034	1.218	0.474	1.742	1.47	0.545	1.109	0.958	0.951	0.739	0.835	1.129	1.197	0.857	1.658	1.725	1.77	2.057		
302	1.534	1.188	1.046	1.228	0.475	1.745	1.475	0.546	1.116	0.963	0.955	0.743	0.839	1.132	1.201	0.861	1.659	1.726	1.771	2.058		
303	1.539	1.198	1.059	1.238	0.476	1.748	1.48	0.547	1.122	0.969	0.96	0.748	0.844	1.136	1.204	0.864	1.66	1.728	1.772	2.059		
304	1.542	1.209	1.071	1.248	0.476	1.751	1.485	0.549	1.128	0.974	0.964	0.752	0.85	1.139	1.206	0.868	1.661	1.728	1.773	2.06		
305	1.542	1.219	1.083	1.258	0.477	1.755	1.491	0.551	1.134	0.979	0.968	0.757	0.855	1.143	1.209	0.872	1.662	1.729	1.774	2.058		
306	1.542	1.229	1.095	1.267	0.477	1.758	1.495	0.554	1.14	0.985	0.973	0.762	0.86	1.146	1.212	0.875	1.663	1.73	1.775	2.059		
307	1.551	1.238	1.107	1.277	0.478	1.761	1.501	0.557	1.145	0.989	0.978	0.766	0.865	1.15	1.215	0.879	1.662	1.731	1.777	2.06		
308	1.563	1.248	1.119	1.287	0.479	1.764	1.505	0.559	1.151	0.995	0.982	0.771	0.87	1.153	1.218	0.882	1.663	1.732	1.778	2.06		
309	1.568	1.257	1.131	1.296	0.479	1.767	1.51	0.562	1.157	1	0.987	0.776	0.874	1.156	1.221	0.886	1.664	1.733	1.779	2.061		
310	1.571	1.267	1.143	1.306	0.48	1.771	1.515	0.565	1.162	1.005	0.991	0.78	0.879	1.16	1.223	0.89	1.665	1.734	1.78	2.062		
311	1.571	1.276	1.155	1.315	0.481	1.774	1.519	0.569	1.168	1.01	0.995	0.785	0.884	1.163	1.226	0.893	1.666	1.735	1.781	2.063		
312	1.57	1.285	1.167	1.325	0.481	1.777	1.525	0.573	1.173	1.016	1	0.79	0.888	1.167	1.229	0.897	1.667	1.736	1.782	2.064		
313	1.579	1.294	1.178	1.334	0.482	1.78	1.529	0.58	1.179	1.021	1.004	0.795	0.893	1.17	1.232	0.901	1.668	1.74	1.783	2.065		
314	1.591	1.303	1.189	1.343	0.482	1.783	1.534	0.588	1.184	1.026	1.008	0.799	0.897	1.173	1.235	0.904	1.669	1.74	1.784	2.066		
315	1.595	1.312	1.199	1.352	0.483	1.787	1.538	0.597	1.189	1.031	1.013	0.804	0.902	1.176	1.238	0.908	1.67	1.741	1.785	2.067		
316	1.598	1.32	1.209	1.361	0.483	1.789	1.543	0.606	1.195	1.036	1.017	0.808	0.906	1.18	1.241	0.911	1.671	1.742	1.787	2.067		
317	1.598	1.328	1.219	1.369	0.484	1.793	1.547	0.615	1.2	1.041	1.022	0.812	0.911	1.183	1.243	0.914	1.672	1.743	1.785	2.068		
318	1.597	1.337	1.229	1.377	0.485	1.796	1.552	0.625	1.205	1.045	1.025	0.817	0.915	1.186	1.246	0.917	1.673	1.744	1.786	2.069		
319	1.605	1.345	1.239	1.385	0.485	1.799	1.556	0.636	1.21	1.051	1.03	0.821	0.919	1.19	1.249	0.921	1.674	1.745	1.788	2.07		
320	1.617	1.353	1.248	1.393	0.486	1.802	1.561	0.649	1.215	1.055	1.034	0.826	0.924	1.193	1.251	0.924	1.675	1.746	1.789	2.071		
321	1.621	1.361	1.257	1.4	0.487	1.805	1.565	0.662	1.22	1.06	1.039	0.83	0.928	1.196	1.254	0.927	1.676	1.747	1.79	2.072		
322	1.624	1.369	1.267	1.408	0.487	1.808	1.569	0.676	1.225	1.065	1.043	0.835	0.933	1.199	1.257	0.93	1.676	1.748	1.79	2.073		
323	1.623	1.377	1.276	1.415	0.488	1.811	1.574	0.691	1.23	1.07	1.047	0.839	0.937	1.202	1.259	0.933	1.677	1.749	1.792	2.074		
324	1.621	1.384	1.285	1.423	0.488	1.814	1.578	0.707	1.235	1.075	1.051	0.844	0.942	1.205	1.262	0.936	1.678	1.75	1.793	2.075		
325	1.629	1.391	1.293	1.431	0.489	1.817	1.582	0.723	1.24	1.079	1.055	0.849	0.947	1.208	1.264	0.94	1.679	1.751	1.794	2.076		
326	1.641	1.399	1.302	1.438	0.49	1.82	1.587	0.74	1.244	1.084	1.059	0.853	0.951	1.211	1.267	0.943	1.68	1.752	1.795	2.076		
327	1.646	1.406	1.311	1.446	0.49	1.823	1.591	0.759	1.249	1.089	1.063	0.857	0.955	1.214	1.27	0.946	1.681	1.752	1.796	2.077		
328	1.647	1.414	1.32	1.453	0.491	1.826	1.596	0.777	1.254	1.093	1.067	0.862	0.96	1.216	1.272	0.949	1.682	1.753	1.797	2.078		
329	1.647	1.421	1.329	1.46	0.492	1.828	1.6	0.796	1.258	1.098	1.071	0.867	0.964	1.219	1.275	0.951	1.683	1.754	1.798	2.079		
330	1.645	1.428	1.338	1.467	0.492	1.831	1.604	0.814	1.263	1.102	1.075	0.872	0.969	1.224	1.277	0.954	1.684	1.755	1.8	2.08		
331	1.653	1.435	1.346	1.474	0.493	1.834	1.608	0.831	1.267	1.107	1.079	0.877	0.973	1.229	1.28	0.957	1.685	1.756	1.801	2.081		
332	1.664	1.442	1.354	1.481	0.493	1.836	1.613	0.848	1.272	1.111	1.083	0.882	0.977	1.227	1.282	0.96	1.686	1.756	1.801	2.082		
333	1.669	1.449	1.362	1.488	0.494	1.832	1.617	0.865	1.276	1.115	1.087	0.887	0.981	1.225	1.285	0.963	1.687	1.757	1.803	2.082		
334	1.67	1.456	1.37	1.495	0.495	1.838	1.621	0.881	1.281	1.12	1.091	0.891	0.985	1.227	1.288	0.965	1.687	1.758	1.804	2.083		
335	1.669	1.463	1.379	1.502	0.495	1.841	1.625	0.898	1.285	1.124	1.094	0.896	0.989	1.234	1.29	0.968	1.688	1.759	1.805	2.084		
336	1.667	1.47	1.387	1.509	0.496	1.844	1.629	0.915	1.289	1.128	1.099	0.901	0.993	1.242	1.293	0.971	1.689	1.76	1.806	2.084		
337	1.674	1.476	1.394	1.516	0.497	1.846	1.633	0.932	1.294	1.132	1.102	0.905	0.997	1.246	1.296	0.973	1.69	1.76	1.807	2.085		
338	1.685	1.483	1.402	1.522	0.497	1.849	1.637	0.948	1.298	1.137	1.106	0.91	1.001	1.245	1.298	0.976	1.691	1.761	1.808	2.086		
339	1.689	1.49	1.409	1.529	0.498	1.852	1.64	0.965	1.302	1.141	1.11	0.915	1.005	1.242	1.301	0.978	1.691	1.761	1.809	2.086		
340	1.691	1.497	1.417	1.535	0.499	1.854	1.644	0.982	1.306	1.145	1.114	0.92	1.009	1.244	1.303	0.981	1.692	1.762	1.81	2.087		
341	1.69	1.503	1.424	1.542	0.5	1.857	1.648	0.999	1.31	1.149	1.117	0.924	1.013	1.251	1.306	0.983	1.693	1.763	1.811	2.088		
342	1.687	1.51	1.432	1.548	0.501	1.86	1.652	1.016	1.315	1.153	1.12	0.929	1.017	1.258	1.309	0.985	1.694	1.763	1.812	2.088		
343	1.694	1.517	1.44	1.554	0.503	1.862	1.655	1.033	1.318	1.157	1.124	0.933	1.021	1.263	1.311	0.988	1.694	1.764	1.813	2.089		
344	1.706	1.523	1.447	1.56	0.506	1.865	1.659	1.049	1.322	1.16	1.128	0.938	1.026	1.262	1.313	0.99	1.695	1.765	1.814	2.09		
345	1.71	1.53	1.454	1.566	0.509	1.868	1.663	1.065	1.327	1.165	1.131	0.942	1.032	1.259	1.316	0.992	1.696	1.765	1.815	2.09		
346	1.711	1.537	1.462	1.572	0.513	1.87	1.666	1.08	1.331	1.168	1.135	0.947	1.035	1.261	1.318	0.995	1.697	1.766	1.817	2.091		
347	1.71	1.542	1.469	1.578	0.517	1.872	1.67	1.097	1.335	1.172	1.138	0.951	1.037	1.266	1.321	0.997	1.697	1.766	1.817	2.092		
348	1.707	1.548	1.476	1.584	0.521	1.875	1.674	1.112	1.339	1.176	1.141	0.955	1.037	1.274	1.324	0.999	1.698	1.767	1.818	2.092		
349	1.713	1.555	1.483	1.59	0.526	1.877	1.677	1.127	1.343	1.18	1.146	0.96	1.041	1.279	1.326	1.001	1.699	1.767	1.819	2.093		
350	1.725	1.561	1.49	1.596	0.531	1.88	1.681	1.142	1.347	1.184	1.149	0.965	1.049	1.277	1.329	1.003	1.7	1.768	1.82	2.093		
351	1.729	1.567	1.497	1.601	0.537	1.882	1.685	1.157	1.351	1.187	1.153	0.969	1.055	1.275	1.331	1.005	1.7	1.768	1.822	2.094		
352	1.73	1.573	1.504	1.607	0.542	1.885	1.688	1.172	1.354	1.191	1.157	0.973	1.058	1.276	1.334	1.007	1.701	1.769	1.822	2.094		
353	1.728	1.578	1.51	1.613	0.547	1.887	1.692	1.186	1.358	1.195	1.16	0.978	1.06	1.282	1.336	1.009	1.702	1.769	1.823	2.095		
354	1.734	1.584	1.516	1.618	0.553	1.89	1.695	1.2	1.362	1.199	1.164	0.982	1.06	1.289	1.336	1.011	1.703	1.77	1.824	2.096		
355	1.737	1.59	1.523	1.624	0.558	1.892	1.699	1.215	1.366	1.202	1.167	0.986	1.064	1.294	1.339	1.013	1.703	1.77	1.825	2.096		
356	1.74	1.596	1.53	1.629	0.563	1.894	1.703	1.229	1.37	1.206	1.17	0.99	1.072	1.293	1.34	1.015	1.704	1.771	1.826	2.097		
357	1.742	1.602	1.536	1.634	0.568	1.897	1.706	1.243	1.373	1.21	1.173	0.994	1.077	1.29	1.344	1.017	1.704	1.771	1.827	2.097		
358	1.745	1.607	1.543	1.639	0.573	1.899	1.71	1.257	1.377	1.214	1.177	0.998	1.08	1.292	1.348	1.019	1.705	1.772	1.828	2.098		
359	1.748	1.612	1.55	1.645	0.578	1.901	1.713	1.271	1.381	1.217	1.18	1.003	1.082	1.298	1.347	1.021	1.706	1.772	1.829	2.098		
360	1.751	1.618	1.556	1.649	0.583	1.903	1.716	1.285	1.385	1.221	1.183	1.007	1.083	1.305	1.353	1.023	1.706	1.773	1.83	2.099		
361	1.754	1.623	1.563	1.654	0.587	1.906	1.72	1.298	1.388	1.224	1.186	1.011	1.086	1.311	1.352	1.025	1.707	1.773	1.831	2.099		
362	1.757	1.628	1.569	1.659	0.592	1.908	1.724	1.311	1.392	1.228	1.189	1.015	1.094	1.309	1.354	1.026	1.707	1.774	1.832	2.1		
363	1.759	1.633	1.575	1.664	0.596	1.91	1.727	1.324	1.396	1.231	1.193	1.019	1.1	1.306	1.356	1.028	1.708	1.774	1.833	2.1		
364	1.762	1.638	1.581	1.668	0.6	1.913	1.73	1.337	1.399	1.235	1.196	1.023	1.102	1.307	1.361	1.03	1.708	1.774	1.833	2.101		
365	1.765	1.643	1.587	1.673	0.605	1.915	1.734	1.349	1.403	1.243	1.199	1.027	1.104	1.313	1.364	1.032	1.709	1.775	1.834	2.104		
366	1.768	1.647	1.593	1.677	0.608	1.917	1.737	1.361	1.406	1.24	1.202	1.031	1.103	1.32	1.364	1.033	1.71	1.775	1.835	2.105		
367	1.771	1.652	1.599	1.682	0.612	1.92	1.741	1.374	1.41	1.237	1.205	1.036	1.106	1.326	1.367	1.035	1.712	1.776	1.836	2.105		
368	1.773	1.656	1.605	1.686	0.616	1.922	1.744	1.386	1.413	1.241	1.208	1.04	1.114	1.325	1.368	1.037	1.713	1.776	1.837	2.106		
369	1.776	1.661	1.611	1.69	0.62	1.924	1.747	1.398	1.417	1.248	1.211	1.044	1.12	1.321	1.37	1.038	1.713	1.777	1.838	2.106		
370	1.778	1.665	1.617	1.694	0.624	1.926	1.751	1.411	1.421	1.256	1.214	1.048	1.122	1.322	1.372	1.04	1.714	1.777	1.839	2.106		
371	1.781	1.669	1.623	1.698	0.628	1.929	1.754	1.422	1.424	1.263	1.217	1.053	1.124	1.327	1.376	1.041	1.714	1.777	1.839	2.107		
372	1.783	1.673	1.628	1.702	0.631	1.931	1.757	1.434	1.427	1.26	1.22	1.057	1.124	1.335	1.379	1.043	1.715	1.777	1.84	2.107		
373	1.786	1.678	1.634	1.706	0.635	1.933	1.76	1.446	1.431	1.257	1.223	1.061	1.126	1.34	1.378	1.044	1.715	1.777	1.841	2.108		
374	1.789	1.682	1.64	1.71	0.638	1.936	1.764	1.458	1.434	1.261	1.223	1.066	1.134	1.339	1.381	1.045	1.715	1.777	1.842	2.108		
375	1.792	1.686	1.645	1.714	0.642	1.938	1.767	1.469	1.437	1.268	1.226	1.07	1.14	1.335	1.382	1.046	1.716	1.777	1.842	2.109		
376	1.794	1.69	1.651	1.718	0.645	1.939	1.77	1.48	1.44	1.276	1.228	1.075	1.142	1.336	1.386	1.048	1.716	1.777	1.843	2.109		
377	1.797	1.694	1.656	1.722	0.647	1.942	1.774	1.491	1.444	1.282	1.232	1.079	1.144	1.341	1.386	1.048	1.717	1.774	1.846	2.11		
378	1.799	1.698	1.661	1.726	0.65	1.944	1.777	1.501	1.447	1.279	1.235	1.083	1.143	1.349	1.39	1.049	1.717	1.773	1.847	2.11		
379	1.802	1.701	1.666	1.73	0.652	1.946	1.78	1.512	1.45	1.277	1.238	1.088	1.146	1.354	1.39	1.05	1.718	1.773	1.848	2.11		
380	1.805	1.705	1.671	1.733	0.654	1.948	1.783	1.522	1.453	1.28	1.241	1.092	1.153	1.354	1.395	1.05	1.718	1.772	1.849	2.11		
381	1.807	1.709	1.676	1.737	0.657	1.95	1.786	1.533	1.456	1.287	1.244	1.096	1.159	1.35	1.394	1.05	1.718	1.772	1.85	2.111		
382	1.81	1.713	1.68	1.74	0.66	1.953	1.789	1.543	1.459	1.295	1.247	1.1	1.161	1.35	1.396	1.051	1.719	1.771	1.851	2.111		
383	1.812	1.716	1.686	1.744	0.664	1.955	1.793	1.552	1.462	1.301	1.25	1.104	1.163	1.356	1.399	1.052	1.719	1.77	1.852	2.111		
384	1.815	1.72	1.691	1.747	0.668	1.957	1.79	1.562	1.465	1.298	1.252	1.108	1.163	1.363	1.403	1.052	1.719	1.769	1.852	2.112		
385	1.818	1.724	1.695	1.751	0.672	1.959	1.795	1.572	1.468	1.295	1.255	1.112	1.165	1.369	1.403	1.053	1.72	1.769	1.853	2.112		
386	1.82	1.727	1.7	1.754	0.676	1.961	1.797	1.581	1.471	1.299	1.258	1.116	1.172	1.369	1.405	1.05	1.72	1.768	1.854	2.113		
387	1.823	1.731	1.705	1.758	0.68	1.963	1.8	1.59	1.474	1.305	1.261	1.121	1.178	1.365	1.406	1.055	1.72	1.767	1.854	2.113		
388	1.825	1.734	1.709	1.761	0.683	1.965	1.803	1.599	1.477	1.314	1.264	1.125	1.181	1.365	1.41	1.058	1.721	1.766	1.855	2.113		
389	1.827	1.738	1.713	1.765	0.687	1.967	1.806	1.609	1.48	1.32	1.266	1.129	1.183	1.37	1.411	1.056	1.721	1.766	1.856	2.113		
390	1.83	1.741	1.717	1.768	0.69	1.97	1.809	1.618	1.483	1.317	1.27	1.133	1.182	1.377	1.414	1.053	1.722	1.765	1.856	2.114		
391	1.832	1.745	1.722	1.772	0.693	1.971	1.812	1.626	1.486	1.314	1.272	1.137	1.184	1.379	1.414	1.052	1.722	1.764	1.857	2.114		
392	1.835	1.748	1.726	1.775	0.697	1.974	1.814	1.635	1.489	1.318	1.275	1.141	1.192	1.381	1.417	1.056	1.722	1.764	1.857	2.114		
393	1.837	1.752	1.73	1.778	0.7	1.976	1.817	1.643	1.491	1.324	1.279	1.144	1.198	1.383	1.416	1.061	1.723	1.763	1.858	2.114		
394	1.839	1.755	1.734	1.782	0.703	1.982	1.82	1.652	1.494	1.333	1.282	1.148	1.2	1.386	1.421	1.065	1.723	1.762	1.859	2.115		
395	1.842	1.758	1.738	1.785	0.706	1.984	1.823	1.66	1.497	1.339	1.285	1.153	1.202	1.388	1.419	1.064	1.723	1.761	1.86	2.115		
396	1.844	1.762	1.742	1.788	0.709	1.986	1.825	1.669	1.499	1.335	1.288	1.156	1.202	1.39	1.423	1.06	1.724	1.76	1.86	2.115		
397	1.847	1.765	1.746	1.792	0.712	1.988	1.828	1.677	1.502	1.332	1.291	1.16	1.203	1.392	1.422	1.06	1.724	1.76	1.861	2.115		
398	1.849	1.768	1.749	1.795	0.715	1.99	1.831	1.685	1.504	1.336	1.293	1.164	1.211	1.394	1.426	1.064	1.724	1.759	1.861	2.116		
399	1.851	1.772	1.753	1.798	0.717	1.992	1.834	1.693	1.507	1.343	1.296	1.168	1.217	1.396	1.426	1.07	1.725	1.758	1.862	2.116		
400	1.854	1.775	1.757	1.801	0.72	1.994	1.836	1.701	1.51	1.352	1.298	1.171	1.219	1.398	1.427	1.074	1.725	1.758	1.863	2.116		
401	1.856	1.778	1.76	1.804	0.722	1.996	1.838	1.709	1.512	1.358	1.3	1.175	1.221	1.4	1.43	1.073	1.725	1.757	1.864	2.116		
402	1.858	1.781	1.764	1.807	0.724	1.999	1.841	1.717	1.515	1.354	1.303	1.179	1.22	1.402	1.434	1.07	1.726	1.756	1.864	2.116		
403	1.861	1.785	1.767	1.811	0.726	2	1.844	1.724	1.518	1.351	1.306	1.182	1.222	1.404	1.432	1.07	1.726	1.755	1.865	2.117		
404	1.863	1.788	1.771	1.814	0.73	2.003	1.846	1.732	1.52	1.355	1.309	1.186	1.229	1.406	1.433	1.074	1.726	1.755	1.866	2.117		
405	1.865	1.791	1.774	1.816	0.736	2.005	1.849	1.739	1.523	1.361	1.312	1.19	1.236	1.408	1.437	1.08	1.726	1.754	1.866	2.117		
406	1.868	1.794	1.778	1.82	0.742	2.007	1.852	1.746	1.525	1.37	1.315	1.194	1.236	1.41	1.438	1.084	1.727	1.753	1.867	2.117		
407	1.87	1.797	1.781	1.823	0.748	2.008	1.854	1.753	1.528	1.376	1.318	1.197	1.239	1.412	1.438	1.083	1.727	1.752	1.868	2.117		
408	1.872	1.8	1.784	1.825	0.755	2.01	1.857	1.743	1.53	1.372	1.321	1.201	1.242	1.414	1.439	1.08	1.728	1.752	1.869	2.118		
409	1.875	1.803	1.788	1.829	0.761	2.012	1.859	1.749	1.533	1.369	1.324	1.205	1.245	1.416	1.443	1.08	1.728	1.751	1.87	2.118		
410	1.876	1.806	1.791	1.828	0.768	2.015	1.862	1.755	1.535	1.372	1.326	1.209	1.248	1.417	1.445	1.084	1.728	1.75	1.87	2.118		
411	1.879	1.809	1.795	1.831	0.775	2.016	1.865	1.762	1.537	1.379	1.329	1.212	1.251	1.419	1.444	1.09	1.729	1.75	1.871	2.118		
412	1.881	1.812	1.798	1.834	0.782	2.018	1.867	1.769	1.54	1.388	1.332	1.216	1.254	1.421	1.444	1.095	1.729	1.749	1.872	2.119		
413	1.883	1.815	1.801	1.837	0.789	2.02	1.869	1.776	1.543	1.394	1.334	1.22	1.257	1.423	1.447	1.094	1.729	1.749	1.872	2.119		
414	1.885	1.818	1.804	1.84	0.796	2.022	1.872	1.783	1.545	1.39	1.337	1.223	1.26	1.425	1.449	1.091	1.729	1.748	1.873	2.119		
415	1.887	1.821	1.808	1.842	0.803	2.024	1.875	1.79	1.547	1.386	1.339	1.227	1.263	1.426	1.453	1.09	1.73	1.748	1.873	2.119		
416	1.89	1.823	1.811	1.845	0.81	2.026	1.877	1.797	1.55	1.39	1.342	1.23	1.266	1.428	1.454	1.094	1.73	1.747	1.874	2.119		
417	1.887	1.826	1.814	1.848	0.816	2.028	1.879	1.803	1.552	1.395	1.344	1.234	1.269	1.43	1.455	1.1	1.731	1.747	1.874	2.119		
418	1.889	1.829	1.817	1.851	0.823	2.03	1.882	1.81	1.554	1.404	1.347	1.237	1.272	1.431	1.457	1.105	1.731	1.746	1.875	2.12		
419	1.891	1.831	1.82	1.854	0.83	2.032	1.876	1.816	1.557	1.41	1.349	1.241	1.275	1.433	1.458	1.104	1.731	1.746	1.875	2.12		
420	1.893	1.834	1.824	1.857	0.837	2.034	1.885	1.822	1.559	1.406	1.352	1.245	1.279	1.435	1.459	1.101	1.731	1.746	1.876	2.12		
421	1.895	1.837	1.827	1.86	0.845	2.036	1.879	1.829	1.562	1.403	1.355	1.248	1.282	1.436	1.46	1.1	1.732	1.745	1.876	2.12		
422	1.897	1.84	1.83	1.863	0.854	2.038	1.881	1.835	1.564	1.406	1.357	1.252	1.285	1.438	1.461	1.104	1.732	1.745	1.877	2.12		
423	1.899	1.842	1.833	1.865	0.863	2.04	1.884	1.842	1.567	1.412	1.36	1.256	1.288	1.439	1.462	1.11	1.732	1.745	1.877	2.12		
424	1.901	1.845	1.836	1.868	0.872	2.042	1.886	1.848	1.569	1.421	1.362	1.26	1.291	1.441	1.464	1.115	1.732	1.744	1.878	2.12		
425	1.902	1.848	1.839	1.871	0.881	2.044	1.888	1.854	1.571	1.422	1.364	1.263	1.294	1.442	1.465	1.114	1.733	1.744	1.878	2.121		
426	1.904	1.85	1.842	1.874	0.891	2.046	1.89	1.86	1.573	1.425	1.367	1.264	1.297	1.444	1.466	1.111	1.733	1.744	1.879	2.121		
427	1.906	1.853	1.845	1.876	0.9	2.048	1.892	1.866	1.575	1.428	1.369	1.268	1.3	1.445	1.467	1.11	1.733	1.744	1.879	2.121		
428	1.908	1.855	1.848	1.879	0.909	2.05	1.894	1.872	1.577	1.431	1.371	1.271	1.302	1.446	1.468	1.114	1.733	1.744	1.88	2.121		
429	1.91	1.858	1.851	1.882	0.918	2.052	1.897	1.879	1.58	1.433	1.374	1.275	1.306	1.447	1.469	1.12	1.733	1.744	1.88	2.118		
430	1.912	1.86	1.854	1.884	0.926	2.053	1.899	1.884	1.582	1.436	1.376	1.278	1.308	1.448	1.471	1.124	1.728	1.744	1.88	2.118		
431	1.915	1.863	1.857	1.887	0.935	2.055	1.902	1.89	1.584	1.439	1.379	1.282	1.311	1.45	1.471	1.124	1.731	1.744	1.881	2.118		
432	1.916	1.865	1.86	1.889	0.945	2.057	1.904	1.896	1.587	1.441	1.381	1.285	1.314	1.451	1.473	1.121	1.731	1.743	1.881	2.118		
433	1.918	1.868	1.863	1.892	0.954	2.059	1.906	1.903	1.589	1.444	1.383	1.289	1.317	1.451	1.474	1.12	1.732	1.744	1.881	2.118		
434	1.921	1.87	1.866	1.895	0.963	2.061	1.908	1.908	1.591	1.447	1.389	1.292	1.32	1.452	1.475	1.124	1.732	1.744	1.882	2.118		
435	1.922	1.873	1.869	1.898	0.971	2.063	1.911	1.914	1.593	1.449	1.392	1.296	1.322	1.452	1.476	1.13	1.732	1.744	1.882	2.118		
436	1.924	1.875	1.871	1.9	0.98	2.064	1.913	1.919	1.595	1.452	1.394	1.299	1.325	1.453	1.477	1.135	1.732	1.744	1.883	2.118		
437	1.926	1.878	1.874	1.903	0.989	2.066	1.915	1.925	1.597	1.455	1.397	1.303	1.327	1.453	1.478	1.135	1.732	1.746	1.883	2.118		
438	1.929	1.88	1.877	1.905	0.998	2.068	1.917	1.931	1.599	1.457	1.399	1.306	1.33	1.454	1.479	1.132	1.732	1.746	1.883	2.119		
439	1.93	1.883	1.88	1.908	1.007	2.069	1.92	1.936	1.602	1.46	1.402	1.31	1.333	1.454	1.48	1.131	1.732	1.746	1.884	2.118		
440	1.932	1.885	1.883	1.91	1.016	2.071	1.922	1.942	1.604	1.463	1.404	1.313	1.335	1.454	1.482	1.135	1.732	1.746	1.884	2.118		
441	1.934	1.888	1.885	1.913	1.026	2.073	1.924	1.947	1.601	1.466	1.407	1.316	1.338	1.453	1.483	1.142	1.732	1.747	1.882	2.118		
442	1.936	1.89	1.888	1.915	1.034	2.075	1.926	1.952	1.603	1.468	1.409	1.32	1.34	1.453	1.484	1.147	1.732	1.747	1.882	2.119		
443	1.938	1.893	1.886	1.918	1.043	2.077	1.927	1.957	1.606	1.471	1.411	1.323	1.343	1.453	1.485	1.147	1.732	1.746	1.882	2.119		
444	1.94	1.895	1.889	1.92	1.052	2.079	1.929	1.963	1.608	1.473	1.415	1.327	1.344	1.453	1.486	1.144	1.732	1.747	1.883	2.119		
445	1.942	1.897	1.892	1.922	1.061	2.08	1.935	1.968	1.61	1.476	1.416	1.33	1.347	1.452	1.487	1.143	1.732	1.747	1.883	2.119		
446	1.944	1.9	1.894	1.925	1.07	2.082	1.938	1.973	1.612	1.479	1.419	1.334	1.349	1.452	1.489	1.147	1.732	1.747	1.883	2.119		
447	1.946	1.902	1.897	1.927	1.078	2.084	1.94	1.979	1.614	1.481	1.421	1.337	1.351	1.452	1.49	1.153	1.732	1.747	1.884	2.119		
448	1.948	1.904	1.9	1.93	1.087	2.086	1.942	1.984	1.616	1.483	1.424	1.341	1.353	1.452	1.491	1.155	1.732	1.747	1.884	2.119		
449	1.95	1.907	1.902	1.932	1.095	2.087	1.945	1.987	1.618	1.486	1.426	1.344	1.354	1.451	1.492	1.157	1.733	1.747	1.885	2.119		
450	1.952	1.909	1.905	1.934	1.104	2.089	1.947	1.992	1.62	1.488	1.428	1.348	1.355	1.451	1.493	1.159	1.733	1.747	1.885	2.119		
451	1.954	1.911	1.907	1.937	1.113	2.091	1.949	1.997	1.622	1.491	1.431	1.351	1.357	1.451	1.494	1.161	1.733	1.747	1.885	2.118		
452	1.956	1.913	1.91	1.939	1.121	2.092	1.952	2.002	1.624	1.494	1.434	1.354	1.357	1.451	1.495	1.163	1.733	1.747	1.886	2.119		
453	1.958	1.916	1.912	1.941	1.13	2.094	1.953	2.007	1.626	1.496	1.436	1.358	1.358	1.447	1.496	1.165	1.733	1.748	1.886	2.119		
454	1.96	1.918	1.915	1.943	1.138	2.096	1.956	2.012	1.628	1.499	1.439	1.361	1.359	1.447	1.498	1.167	1.733	1.748	1.886	2.118		
455	1.961	1.92	1.917	1.946	1.147	2.097	1.959	2.018	1.63	1.501	1.44	1.364	1.36	1.447	1.499	1.168	1.733	1.748	1.886	2.119		
456	1.963	1.923	1.92	1.948	1.155	2.099	1.96	2.023	1.632	1.504	1.442	1.367	1.36	1.447	1.5	1.17	1.733	1.748	1.887	2.118		
457	1.965	1.925	1.922	1.95	1.164	2.093	1.962	2.027	1.634	1.507	1.445	1.37	1.361	1.446	1.501	1.172	1.733	1.748	1.887	2.118		
458	1.967	1.927	1.925	1.953	1.172	2.098	1.965	2.032	1.636	1.51	1.447	1.373	1.362	1.446	1.502	1.173	1.733	1.749	1.888	2.118		
459	1.968	1.929	1.927	1.955	1.18	2.1	1.967	2.037	1.638	1.512	1.45	1.377	1.363	1.446	1.503	1.175	1.733	1.749	1.888	2.118		
460	1.97	1.931	1.929	1.957	1.189	2.101	1.969	2.042	1.64	1.515	1.452	1.379	1.364	1.446	1.504	1.177	1.733	1.749	1.888	2.118		
461	1.972	1.934	1.932	1.959	1.197	2.103	1.971	2.047	1.642	1.518	1.453	1.383	1.365	1.446	1.505	1.179	1.734	1.749	1.888	2.118		
462	1.973	1.936	1.934	1.961	1.205	2.104	1.973	2.052	1.644	1.52	1.456	1.386	1.366	1.447	1.506	1.18	1.734	1.75	1.889	2.118		
463	1.975	1.938	1.936	1.963	1.213	2.106	1.975	2.055	1.646	1.523	1.458	1.389	1.367	1.447	1.507	1.182	1.734	1.75	1.889	2.118		
464	1.977	1.941	1.939	1.965	1.221	2.107	1.977	2.058	1.648	1.526	1.46	1.392	1.368	1.447	1.508	1.184	1.734	1.75	1.89	2.118		
465	1.979	1.943	1.941	1.967	1.229	2.109	1.979	2.062	1.65	1.528	1.463	1.395	1.368	1.447	1.509	1.185	1.734	1.75	1.89	2.118		
466	1.98	1.945	1.943	1.969	1.237	2.111	1.981	2.065	1.652	1.531	1.465	1.398	1.369	1.447	1.51	1.187	1.734	1.75	1.89	2.117		
467	1.982	1.947	1.945	1.971	1.245	2.113	1.983	2.07	1.655	1.534	1.467	1.401	1.371	1.448	1.511	1.189	1.734	1.75	1.891	2.117		
468	1.984	1.949	1.948	1.973	1.253	2.114	1.985	2.073	1.656	1.536	1.469	1.405	1.371	1.448	1.512	1.191	1.735	1.751	1.891	2.117		
469	1.986	1.951	1.949	1.975	1.26	2.115	1.987	2.078	1.658	1.539	1.471	1.408	1.369	1.449	1.513	1.193	1.735	1.751	1.891	2.117		
470	1.987	1.953	1.952	1.981	1.268	2.117	1.989	2.082	1.66	1.542	1.474	1.411	1.37	1.449	1.514	1.195	1.735	1.751	1.892	2.117		
471	1.989	1.955	1.954	1.983	1.275	2.119	1.991	2.086	1.662	1.544	1.476	1.414	1.371	1.45	1.515	1.197	1.735	1.751	1.892	2.117		
472	1.991	1.957	1.956	1.985	1.282	2.12	1.993	2.089	1.664	1.547	1.478	1.417	1.372	1.45	1.516	1.199	1.735	1.751	1.892	2.117		
473	1.992	1.959	1.958	1.987	1.29	2.122	1.996	2.093	1.666	1.549	1.48	1.42	1.373	1.451	1.517	1.201	1.735	1.752	1.893	2.117		
474	1.994	1.961	1.96	1.989	1.297	2.123	1.995	2.097	1.668	1.552	1.482	1.424	1.374	1.451	1.518	1.203	1.735	1.752	1.893	2.116		
475	1.995	1.963	1.962	1.99	1.304	2.124	1.997	2.101	1.67	1.554	1.484	1.427	1.375	1.452	1.519	1.205	1.735	1.752	1.893	2.116		
476	1.997	1.965	1.964	1.992	1.311	2.126	1.999	2.105	1.672	1.557	1.487	1.43	1.377	1.452	1.52	1.207	1.735	1.752	1.893	2.116		
477	1.999	1.966	1.966	1.994	1.319	2.127	2	2.109	1.674	1.559	1.489	1.433	1.377	1.453	1.521	1.208	1.736	1.752	1.894	2.116		
478	2	1.968	1.968	1.996	1.326	2.129	2.002	2.113	1.676	1.562	1.491	1.436	1.378	1.453	1.518	1.21	1.736	1.752	1.894	2.116		
479	2.002	1.97	1.97	1.998	1.333	2.13	2.004	2.117	1.677	1.564	1.493	1.439	1.379	1.454	1.519	1.212	1.736	1.752	1.895	2.115		
480	2.003	1.972	1.972	1.999	1.34	2.132	2.006	2.121	1.68	1.567	1.495	1.442	1.381	1.455	1.52	1.214	1.736	1.753	1.895	2.115		
481	2.004	1.973	1.973	2.001	1.347	2.133	2.008	2.124	1.682	1.57	1.497	1.444	1.382	1.455	1.522	1.215	1.736	1.753	1.895	2.115		
482	2.006	1.975	1.975	2.002	1.354	2.134	2.01	2.128	1.684	1.572	1.499	1.448	1.383	1.456	1.52	1.217	1.736	1.753	1.895	2.115		
483	2.007	1.972	1.977	2.004	1.361	2.136	2.012	2.132	1.685	1.575	1.501	1.45	1.384	1.456	1.521	1.219	1.736	1.753	1.896	2.114		
484	2.009	1.974	1.978	2.006	1.367	2.138	2.013	2.135	1.687	1.578	1.503	1.453	1.385	1.457	1.523	1.22	1.737	1.753	1.896	2.114		
485	2.01	1.975	1.98	2.007	1.374	2.139	2.014	2.138	1.689	1.58	1.505	1.456	1.386	1.457	1.525	1.222	1.737	1.753	1.897	2.114		
486	2.011	1.977	1.982	2.009	1.381	2.14	2.015	2.142	1.691	1.583	1.507	1.464	1.387	1.458	1.526	1.224	1.737	1.754	1.897	2.114		
487	2.013	1.979	1.984	2.01	1.388	2.141	2.017	2.145	1.693	1.586	1.509	1.465	1.388	1.458	1.527	1.226	1.737	1.754	1.897	2.113		
488	2.014	1.98	1.985	2.012	1.394	2.143	2.018	2.149	1.695	1.583	1.512	1.468	1.389	1.458	1.527	1.227	1.737	1.754	1.898	2.113		
489	2.015	1.981	1.987	2.013	1.401	2.144	2.019	2.152	1.696	1.587	1.514	1.471	1.391	1.459	1.527	1.229	1.737	1.754	1.898	2.116		
490	2.017	1.983	1.988	2.015	1.408	2.146	2.021	2.156	1.698	1.589	1.516	1.474	1.392	1.46	1.526	1.231	1.737	1.754	1.898	2.116		
491	2.018	1.984	1.99	2.016	1.414	2.147	2.021	2.16	1.7	1.592	1.518	1.477	1.393	1.46	1.529	1.232	1.74	1.754	1.899	2.115		
492	2.019	1.986	1.992	2.018	1.42	2.149	2.031	2.163	1.702	1.594	1.52	1.48	1.394	1.461	1.528	1.234	1.74	1.754	1.899	2.115		
493	2.02	1.987	1.993	2.019	1.426	2.15	2.023	2.166	1.703	1.597	1.521	1.483	1.395	1.461	1.531	1.235	1.74	1.755	1.899	2.115		
494	2.021	1.988	1.994	2.02	1.433	2.151	2.024	2.17	1.705	1.599	1.523	1.486	1.396	1.461	1.531	1.237	1.741	1.755	1.899	2.114		
495	2.023	1.989	1.996	2.022	1.439	2.153	2.025	2.173	1.707	1.602	1.526	1.489	1.397	1.462	1.534	1.239	1.741	1.755	1.9	2.114		
496	2.024	1.991	1.997	2.023	1.445	2.154	2.026	2.176	1.709	1.604	1.528	1.491	1.398	1.462	1.533	1.24	1.741	1.755	1.9	2.114		
497	2.025	1.992	1.999	2.024	1.452	2.156	2.027	2.179	1.711	1.607	1.523	1.495	1.398	1.463	1.533	1.242	1.741	1.755	1.9	2.114		
498	2.026	1.993	2.001	2.026	1.458	2.157	2.028	2.183	1.713	1.609	1.527	1.497	1.399	1.463	1.534	1.244	1.741	1.755	1.901	2.113		
499	2.027	1.994	2.002	2.027	1.464	2.158	2.029	2.186	1.715	1.611	1.529	1.5	1.4	1.464	1.536	1.246	1.741	1.755	1.901	2.113		
500	2.028	1.996	2.004	2.028	1.47	2.16	2.03	2.189	1.716	1.614	1.531	1.503	1.401	1.464	1.535	1.248	1.741	1.755	1.901	2.113		
501	2.029	1.997	2.005	2.029	1.476	2.161	2.041	2.192	1.723	1.616	1.533	1.506	1.401	1.465	1.537	1.25	1.742	1.753	1.904	2.112		
502	2.03	1.998	2.006	2.031	1.482	2.162	2.033	2.196	1.725	1.618	1.535	1.509	1.402	1.465	1.538	1.252	1.742	1.753	1.905	2.112		
503	2.032	1.999	2.016	2.032	1.488	2.164	2.033	2.199	1.727	1.621	1.536	1.512	1.402	1.466	1.538	1.254	1.742	1.753	1.905	2.112		
504	2.032	2.001	2.013	2.033	1.493	2.166	2.036	2.202	1.729	1.624	1.538	1.515	1.403	1.466	1.539	1.256	1.742	1.753	1.905	2.111		
505	2.033	2.002	2.015	2.034	1.499	2.167	2.036	2.205	1.73	1.626	1.54	1.517	1.403	1.466	1.541	1.258	1.742	1.753	1.906	2.111		
506	2.034	2.003	2.016	2.036	1.505	2.168	2.037	2.21	1.732	1.628	1.541	1.52	1.403	1.467	1.543	1.26	1.742	1.753	1.906	2.111		
507	2.035	2.004	2.017	2.037	1.511	2.17	2.039	2.214	1.734	1.63	1.544	1.523	1.404	1.467	1.542	1.261	1.742	1.754	1.906	2.111		
508	2.037	2.005	2.018	2.038	1.517	2.171	2.029	2.216	1.735	1.633	1.546	1.525	1.404	1.468	1.543	1.263	1.743	1.754	1.907	2.11		
509	2.038	2.007	2.02	2.039	1.523	2.173	2.035	2.22	1.737	1.635	1.548	1.528	1.404	1.468	1.543	1.265	1.743	1.754	1.907	2.11		
510	2.039	2.008	2.021	2.041	1.529	2.167	2.036	2.223	1.739	1.637	1.548	1.531	1.404	1.469	1.545	1.265	1.743	1.754	1.907	2.109		
511	2.039	2.009	2.022	2.042	1.535	2.168	2.036	2.225	1.741	1.64	1.55	1.533	1.404	1.469	1.545	1.267	1.743	1.754	1.908	2.109		
512	2.04	2.01	2.024	2.043	1.54	2.17	2.037	2.228	1.742	1.642	1.553	1.536	1.405	1.47	1.546	1.269	1.743	1.754	1.908	2.108		
513	2.041	2.011	2.025	2.044	1.546	2.171	2.038	2.23	1.744	1.644	1.554	1.539	1.405	1.47	1.546	1.271	1.743	1.754	1.908	2.108		
514	2.042	2.012	2.026	2.046	1.551	2.172	2.041	2.233	1.746	1.647	1.556	1.541	1.405	1.471	1.548	1.273	1.743	1.754	1.909	2.107		
515	2.043	2.013	2.027	2.047	1.557	2.173	2.043	2.236	1.747	1.649	1.558	1.544	1.405	1.471	1.55	1.274	1.743	1.754	1.909	2.107		
516	2.044	2.015	2.029	2.048	1.562	2.175	2.043	2.239	1.749	1.651	1.56	1.547	1.405	1.472	1.55	1.276	1.743	1.754	1.909	2.106		
517	2.045	2.016	2.03	2.049	1.568	2.176	2.043	2.243	1.751	1.653	1.562	1.55	1.405	1.472	1.551	1.278	1.743	1.754	1.909	2.106		
518	2.046	2.017	2.031	2.051	1.573	2.178	2.044	2.245	1.753	1.656	1.565	1.552	1.406	1.473	1.552	1.28	1.743	1.755	1.91	2.106		
519	2.047	2.017	2.032	2.051	1.578	2.179	2.044	2.248	1.755	1.657	1.566	1.555	1.406	1.473	1.554	1.281	1.744	1.755	1.91	2.105		
520	2.047	2.019	2.033	2.053	1.583	2.181	2.044	2.251	1.756	1.66	1.568	1.557	1.406	1.474	1.553	1.283	1.744	1.755	1.91	2.105		
521	2.048	2.02	2.034	2.054	1.588	2.182	2.045	2.254	1.758	1.662	1.569	1.56	1.406	1.475	1.553	1.285	1.744	1.755	1.911	2.104		
522	2.049	2.021	2.035	2.055	1.593	2.183	2.046	2.256	1.76	1.664	1.571	1.563	1.407	1.475	1.556	1.286	1.744	1.755	1.911	2.104		
523	2.05	2.022	2.037	2.057	1.599	2.184	2.047	2.259	1.762	1.666	1.573	1.565	1.407	1.476	1.557	1.288	1.744	1.755	1.911	2.103		
524	2.051	2.023	2.038	2.057	1.604	2.186	2.047	2.262	1.764	1.669	1.575	1.568	1.407	1.477	1.557	1.29	1.744	1.755	1.912	2.103		
525	2.051	2.024	2.039	2.059	1.609	2.187	2.051	2.281	1.765	1.671	1.577	1.571	1.407	1.477	1.559	1.291	1.744	1.755	1.912	2.102		
526	2.052	2.025	2.04	2.06	1.615	2.189	2.048	2.267	1.767	1.673	1.578	1.574	1.407	1.478	1.559	1.293	1.744	1.755	1.912	2.102		
527	2.053	2.026	2.041	2.06	1.619	2.19	2.05	2.27	1.768	1.675	1.58	1.576	1.407	1.478	1.56	1.295	1.744	1.755	1.913	2.101		
528	2.054	2.027	2.042	2.062	1.624	2.192	2.05	2.273	1.77	1.677	1.582	1.579	1.408	1.479	1.561	1.297	1.744	1.755	1.913	2.101		
529	2.055	2.028	2.044	2.063	1.629	2.193	2.051	2.276	1.772	1.679	1.584	1.581	1.408	1.48	1.561	1.299	1.745	1.755	1.913	2.1		
530	2.056	2.029	2.045	2.064	1.634	2.194	2.052	2.279	1.773	1.681	1.586	1.584	1.408	1.481	1.563	1.301	1.745	1.755	1.913	2.1		
531	2.056	2.03	2.046	2.064	1.639	2.195	2.053	2.281	1.775	1.683	1.588	1.586	1.409	1.481	1.562	1.303	1.745	1.755	1.914	2.099		
532	2.057	2.031	2.047	2.065	1.643	2.197	2.054	2.285	1.777	1.686	1.59	1.588	1.409	1.482	1.564	1.304	1.744	1.756	1.914	2.099		
533	2.058	2.032	2.048	2.051	1.647	2.198	2.054	2.287	1.778	1.688	1.591	1.591	1.409	1.483	1.566	1.306	1.744	1.756	1.914	2.098		
534	2.058	2.033	2.05	2.063	1.652	2.2	2.054	2.29	1.781	1.69	1.593	1.594	1.41	1.483	1.566	1.308	1.745	1.756	1.915	2.098		
535	2.059	2.034	2.051	2.063	1.657	2.201	2.055	2.292	1.782	1.692	1.595	1.596	1.41	1.484	1.567	1.31	1.745	1.756	1.915	2.097		
536	2.06	2.036	2.052	2.064	1.661	2.203	2.056	2.294	1.783	1.694	1.596	1.599	1.41	1.485	1.567	1.312	1.745	1.756	1.915	2.097		
537	2.06	2.036	2.053	2.065	1.666	2.204	2.057	2.297	1.785	1.696	1.598	1.602	1.411	1.486	1.569	1.314	1.745	1.756	1.916	2.096		
538	2.061	2.037	2.054	2.066	1.671	2.205	2.057	2.299	1.787	1.698	1.599	1.604	1.411	1.486	1.57	1.315	1.745	1.756	1.916	2.095		
539	2.062	2.039	2.055	2.067	1.675	2.206	2.058	2.302	1.788	1.7	1.601	1.607	1.412	1.487	1.57	1.317	1.745	1.756	1.916	2.095		
540	2.063	2.039	2.056	2.068	1.68	2.207	2.059	2.304	1.79	1.703	1.603	1.609	1.412	1.488	1.571	1.319	1.745	1.756	1.916	2.094		
541	2.063	2.04	2.057	2.069	1.684	2.208	2.059	2.307	1.792	1.704	1.604	1.612	1.413	1.488	1.57	1.32	1.745	1.756	1.917	2.094		
542	2.064	2.041	2.058	2.07	1.688	2.21	2.061	2.31	1.794	1.706	1.606	1.614	1.414	1.489	1.572	1.322	1.745	1.756	1.917	2.093		
543	2.064	2.042	2.06	2.071	1.693	2.211	2.061	2.313	1.795	1.709	1.609	1.617	1.414	1.49	1.574	1.324	1.746	1.756	1.917	2.092		
544	2.065	2.043	2.06	2.072	1.697	2.213	2.062	2.315	1.797	1.711	1.61	1.619	1.414	1.491	1.573	1.326	1.746	1.756	1.918	2.092		
545	2.066	2.044	2.061	2.073	1.702	2.214	2.063	2.318	1.798	1.713	1.612	1.622	1.415	1.492	1.573	1.328	1.746	1.756	1.918	2.091		
546	2.066	2.045	2.062	2.074	1.706	2.215	2.063	2.32	1.8	1.715	1.613	1.624	1.415	1.493	1.574	1.33	1.746	1.756	1.918	2.091		
547	2.067	2.046	2.063	2.075	1.71	2.215	2.064	2.323	1.801	1.717	1.615	1.627	1.416	1.493	1.577	1.331	1.746	1.756	1.918	2.09		
548	2.068	2.047	2.064	2.076	1.715	2.217	2.065	2.326	1.803	1.719	1.617	1.629	1.416	1.494	1.578	1.333	1.746	1.757	1.918	2.09		
549	2.069	2.048	2.065	2.076	1.719	2.218	2.066	2.327	1.805	1.725	1.618	1.631	1.417	1.495	1.577	1.335	1.746	1.757	1.919	2.089		
550	2.069	2.049	2.066	2.077	1.723	2.219	2.066	2.33	1.806	1.727	1.62	1.63	1.417	1.496	1.579	1.337	1.746	1.757	1.919	2.088		
551	2.07	2.05	2.067	2.078	1.728	2.22	2.066	2.34	1.808	1.728	1.621	1.633	1.418	1.497	1.579	1.338	1.746	1.757	1.919	2.088		
552	2.07	2.051	2.068	2.079	1.732	2.221	2.067	2.334	1.81	1.73	1.623	1.635	1.418	1.498	1.579	1.34	1.746	1.757	1.92	2.087		
553	2.071	2.052	2.069	2.08	1.736	2.222	2.068	2.336	1.811	1.732	1.625	1.637	1.418	1.498	1.582	1.342	1.746	1.757	1.92	2.086		
554	2.071	2.053	2.07	2.08	1.74	2.224	2.068	2.339	1.813	1.734	1.626	1.64	1.419	1.499	1.582	1.344	1.746	1.757	1.92	2.086		
555	2.072	2.054	2.071	2.081	1.744	2.225	2.069	2.336	1.814	1.736	1.627	1.642	1.419	1.5	1.582	1.345	1.744	1.757	1.92	2.085		
556	2.073	2.055	2.073	2.082	1.748	2.226	2.07	2.339	1.816	1.738	1.629	1.644	1.419	1.501	1.582	1.347	1.744	1.757	1.921	2.085		
557	2.073	2.055	2.073	2.083	1.752	2.228	2.07	2.34	1.818	1.74	1.63	1.646	1.42	1.502	1.582	1.348	1.744	1.757	1.921	2.084		
558	2.074	2.056	2.074	2.084	1.756	2.228	2.071	2.342	1.82	1.742	1.631	1.649	1.42	1.503	1.584	1.35	1.744	1.757	1.921	2.083		
559	2.074	2.057	2.075	2.084	1.76	2.23	2.072	2.345	1.821	1.744	1.634	1.651	1.42	1.503	1.585	1.352	1.744	1.757	1.921	2.083		
560	2.074	2.058	2.076	2.085	1.764	2.231	2.074	2.346	1.823	1.746	1.635	1.653	1.42	1.504	1.585	1.353	1.744	1.757	1.922	2.082		
561	2.075	2.059	2.077	2.086	1.768	2.232	2.073	2.349	1.824	1.748	1.636	1.655	1.421	1.505	1.587	1.355	1.744	1.76	1.922	2.082		
562	2.076	2.06	2.078	2.087	1.772	2.233	2.074	2.351	1.826	1.75	1.638	1.657	1.421	1.506	1.587	1.357	1.744	1.76	1.922	2.081		
563	2.076	2.06	2.079	2.087	1.776	2.234	2.074	2.353	1.828	1.752	1.64	1.659	1.421	1.507	1.588	1.358	1.744	1.76	1.923	2.08		
564	2.076	2.061	2.08	2.089	1.779	2.236	2.075	2.355	1.823	1.754	1.642	1.661	1.422	1.507	1.588	1.36	1.744	1.76	1.923	2.08		
565	2.077	2.062	2.08	2.089	1.783	2.237	2.075	2.357	1.826	1.756	1.644	1.663	1.422	1.508	1.589	1.361	1.744	1.76	1.925	2.079		
566	2.077	2.062	2.081	2.09	1.787	2.238	2.076	2.36	1.827	1.758	1.646	1.665	1.422	1.509	1.59	1.363	1.744	1.76	1.922	2.078		
567	2.078	2.063	2.077	2.091	1.791	2.239	2.077	2.362	1.829	1.76	1.648	1.668	1.423	1.51	1.589	1.364	1.744	1.76	1.918	2.078		
568	2.078	2.063	2.078	2.092	1.794	2.24	2.078	2.363	1.83	1.762	1.649	1.67	1.423	1.511	1.591	1.365	1.744	1.76	1.918	2.077		
569	2.079	2.064	2.079	2.092	1.798	2.241	2.078	2.366	1.832	1.764	1.651	1.672	1.423	1.511	1.592	1.367	1.745	1.76	1.925	2.077		
570	2.079	2.065	2.079	2.093	1.802	2.242	2.079	2.367	1.834	1.766	1.652	1.675	1.423	1.512	1.593	1.368	1.744	1.76	1.928	2.076		
571	2.08	2.065	2.08	2.094	1.805	2.244	2.079	2.369	1.835	1.767	1.653	1.677	1.423	1.513	1.593	1.368	1.744	1.76	1.926	2.075		
572	2.08	2.066	2.081	2.095	1.809	2.245	2.08	2.371	1.837	1.77	1.655	1.679	1.424	1.514	1.594	1.37	1.744	1.76	1.924	2.075		
573	2.081	2.066	2.081	2.095	1.812	2.246	2.08	2.373	1.838	1.771	1.656	1.681	1.424	1.514	1.594	1.372	1.744	1.76	1.919	2.074		
574	2.081	2.067	2.082	2.096	1.816	2.246	2.081	2.375	1.84	1.773	1.658	1.683	1.424	1.515	1.594	1.375	1.744	1.76	1.92	2.073		
575	2.082	2.068	2.083	2.097	1.819	2.247	2.082	2.377	1.842	1.775	1.659	1.685	1.425	1.516	1.595	1.377	1.744	1.76	1.926	2.072		
576	2.082	2.068	2.084	2.098	1.823	2.248	2.082	2.379	1.843	1.777	1.661	1.687	1.425	1.517	1.596	1.376	1.745	1.76	1.929	2.072		
577	2.083	2.069	2.084	2.098	1.826	2.249	2.083	2.38	1.845	1.779	1.662	1.689	1.425	1.517	1.596	1.376	1.745	1.76	1.928	2.071		
578	2.084	2.07	2.085	2.099	1.83	2.25	2.084	2.383	1.846	1.781	1.664	1.691	1.426	1.518	1.596	1.378	1.745	1.76	1.925	2.071		
579	2.084	2.07	2.086	2.099	1.833	2.25	2.084	2.385	1.848	1.783	1.665	1.693	1.426	1.519	1.597	1.38	1.745	1.76	1.921	2.07		
580	2.084	2.071	2.087	2.1	1.836	2.251	2.085	2.387	1.85	1.784	1.666	1.695	1.426	1.52	1.598	1.383	1.745	1.76	1.921	2.069		
581	2.085	2.071	2.087	2.101	1.84	2.252	2.085	2.389	1.851	1.786	1.668	1.697	1.426	1.52	1.599	1.385	1.745	1.76	1.927	2.069		
582	2.085	2.072	2.088	2.101	1.843	2.253	2.086	2.391	1.853	1.788	1.669	1.699	1.427	1.521	1.599	1.384	1.745	1.76	1.93	2.068		
583	2.086	2.073	2.089	2.102	1.846	2.254	2.087	2.393	1.855	1.79	1.671	1.702	1.427	1.522	1.599	1.384	1.745	1.761	1.929	2.068		
584	2.086	2.073	2.089	2.102	1.849	2.254	2.087	2.395	1.856	1.792	1.672	1.704	1.427	1.522	1.6	1.386	1.744	1.761	1.927	2.067		
585	2.087	2.074	2.09	2.103	1.853	2.255	2.088	2.397	1.858	1.794	1.674	1.706	1.428	1.523	1.601	1.387	1.745	1.761	1.922	2.066		
586	2.087	2.075	2.091	2.104	1.856	2.256	2.088	2.399	1.859	1.796	1.675	1.708	1.428	1.524	1.601	1.39	1.745	1.761	1.922	2.066		
587	2.087	2.075	2.091	2.105	1.86	2.256	2.089	2.401	1.861	1.798	1.677	1.71	1.429	1.525	1.602	1.393	1.745	1.761	1.928	2.065		
588	2.088	2.076	2.092	2.105	1.863	2.257	2.089	2.403	1.862	1.799	1.679	1.712	1.429	1.525	1.603	1.392	1.745	1.761	1.932	2.064		
589	2.088	2.076	2.093	2.106	1.866	2.257	2.09	2.405	1.864	1.801	1.68	1.714	1.429	1.526	1.603	1.391	1.745	1.761	1.931	2.064		
590	2.089	2.077	2.093	2.107	1.87	2.258	2.091	2.407	1.865	1.803	1.68	1.716	1.43	1.527	1.603	1.393	1.745	1.761	1.928	2.063		
591	2.089	2.078	2.094	2.107	1.873	2.258	2.091	2.409	1.867	1.805	1.68	1.718	1.43	1.528	1.603	1.395	1.745	1.761	1.924	2.062		
592	2.089	2.078	2.094	2.108	1.876	2.259	2.092	2.411	1.869	1.807	1.679	1.72	1.43	1.528	1.604	1.398	1.745	1.761	1.923	2.062		
593	2.089	2.079	2.095	2.108	1.879	2.26	2.092	2.413	1.871	1.808	1.678	1.722	1.431	1.529	1.606	1.4	1.745	1.761	1.929	2.061		
594	2.09	2.079	2.096	2.109	1.882	2.26	2.093	2.415	1.872	1.81	1.676	1.724	1.431	1.53	1.607	1.399	1.745	1.761	1.933	2.06		
595	2.09	2.08	2.097	2.109	1.885	2.261	2.093	2.418	1.874	1.812	1.674	1.726	1.432	1.53	1.607	1.399	1.745	1.761	1.932	2.06		
596	2.09	2.08	2.097	2.11	1.889	2.261	2.094	2.42	1.875	1.814	1.672	1.728	1.433	1.531	1.606	1.4	1.745	1.761	1.929	2.059		
597	2.09	2.081	2.098	2.11	1.892	2.262	2.094	2.422	1.877	1.816	1.67	1.73	1.433	1.532	1.607	1.402	1.745	1.761	1.925	2.058		
598	2.091	2.082	2.099	2.111	1.895	2.262	2.095	2.424	1.878	1.818	1.668	1.732	1.433	1.532	1.608	1.405	1.744	1.761	1.924	2.058		
599	2.091	2.082	2.099	2.112	1.898	2.263	2.095	2.426	1.88	1.82	1.666	1.734	1.434	1.533	1.608	1.407	1.744	1.761	1.93	2.057		
600	2.091	2.083	2.1	2.112	1.901	2.263	2.096	2.428	1.881	1.822	1.663	1.736	1.434	1.534	1.609	1.406	1.744	1.761	1.934	2.057		
601	2.092	2.083	2.101	2.113	1.904	2.264	2.096	2.43	1.883	1.824	1.661	1.738	1.435	1.535	1.609	1.406	1.744	1.761	1.933	2.056		
602	2.092	2.084	2.101	2.113	1.907	2.264	2.097	2.432	1.884	1.825	1.659	1.74	1.435	1.535	1.616	1.408	1.745	1.761	1.931	2.055		
603	2.092	2.084	2.102	2.114	1.911	2.265	2.097	2.434	1.886	1.827	1.657	1.742	1.436	1.536	1.617	1.409	1.745	1.761	1.927	2.055		
604	2.092	2.085	2.103	2.114	1.914	2.265	2.098	2.436	1.887	1.829	1.655	1.744	1.436	1.537	1.615	1.413	1.745	1.761	1.926	2.054		
605	2.092	2.085	2.103	2.115	1.917	2.266	2.098	2.438	1.889	1.831	1.653	1.745	1.437	1.537	1.61	1.415	1.744	1.761	1.931	2.054		
606	2.092	2.086	2.104	2.115	1.92	2.266	2.099	2.439	1.891	1.833	1.651	1.748	1.437	1.538	1.606	1.414	1.744	1.761	1.935	2.053		
607	2.093	2.086	2.105	2.116	1.919	2.267	2.099	2.442	1.892	1.835	1.649	1.749	1.438	1.539	1.611	1.414	1.744	1.761	1.935	2.052		
608	2.093	2.087	2.106	2.116	1.923	2.267	2.1	2.444	1.893	1.836	1.647	1.751	1.438	1.539	1.619	1.416	1.744	1.761	1.932	2.052		
609	2.093	2.087	2.106	2.116	1.926	2.268	2.106	2.445	1.895	1.838	1.644	1.753	1.439	1.54	1.62	1.418	1.745	1.761	1.928	2.051		
610	2.093	2.087	2.107	2.117	1.929	2.268	2.101	2.447	1.896	1.84	1.641	1.755	1.439	1.541	1.618	1.422	1.745	1.761	1.927	2.05		
611	2.093	2.088	2.108	2.117	1.932	2.269	2.101	2.448	1.898	1.842	1.638	1.757	1.44	1.542	1.613	1.424	1.745	1.761	1.932	2.05		
612	2.094	2.088	2.108	2.118	1.935	2.269	2.102	2.45	1.899	1.839	1.637	1.759	1.441	1.542	1.609	1.424	1.745	1.761	1.937	2.049		
613	2.094	2.088	2.109	2.118	1.937	2.27	2.102	2.452	1.901	1.841	1.636	1.761	1.441	1.543	1.614	1.423	1.745	1.761	1.936	2.048		
614	2.094	2.089	2.109	2.118	1.94	2.27	2.103	2.453	1.902	1.843	1.635	1.763	1.441	1.544	1.621	1.425	1.744	1.761	1.934	2.048		
615	2.094	2.089	2.11	2.119	1.943	2.27	2.103	2.455	1.904	1.844	1.635	1.764	1.442	1.544	1.623	1.427	1.747	1.761	1.929	2.047		
616	2.094	2.089	2.111	2.119	1.946	2.271	2.104	2.457	1.905	1.846	1.635	1.766	1.443	1.545	1.621	1.43	1.747	1.761	1.928	2.046		
617	2.095	2.09	2.111	2.119	1.949	2.271	2.104	2.459	1.907	1.848	1.635	1.768	1.443	1.545	1.616	1.433	1.747	1.761	1.933	2.046		
618	2.095	2.09	2.112	2.12	1.952	2.271	2.105	2.46	1.908	1.85	1.635	1.77	1.444	1.546	1.612	1.432	1.747	1.761	1.938	2.045		
619	2.095	2.09	2.112	2.12	1.954	2.272	2.11	2.462	1.909	1.852	1.635	1.772	1.444	1.547	1.617	1.432	1.747	1.761	1.937	2.044		
620	2.095	2.091	2.113	2.12	1.957	2.272	2.105	2.464	1.911	1.853	1.636	1.773	1.444	1.547	1.624	1.434	1.747	1.761	1.935	2.044		
621	2.095	2.091	2.113	2.12	1.959	2.272	2.106	2.465	1.912	1.855	1.637	1.775	1.445	1.548	1.625	1.436	1.747	1.761	1.931	2.043		
622	2.095	2.091	2.114	2.12	1.962	2.273	2.106	2.466	1.914	1.856	1.638	1.776	1.445	1.548	1.623	1.439	1.747	1.761	1.929	2.042		
623	2.095	2.092	2.114	2.121	1.965	2.273	2.107	2.468	1.916	1.858	1.639	1.778	1.446	1.549	1.619	1.442	1.747	1.761	1.934	2.042		
624	2.096	2.092	2.115	2.121	1.967	2.274	2.107	2.469	1.917	1.86	1.64	1.78	1.447	1.55	1.615	1.441	1.747	1.761	1.939	2.041		
625	2.096	2.092	2.115	2.121	1.97	2.274	2.107	2.471	1.918	1.862	1.641	1.782	1.447	1.55	1.619	1.441	1.747	1.761	1.936	2.04		
626	2.096	2.093	2.116	2.121	1.973	2.274	2.108	2.472	1.92	1.863	1.643	1.783	1.447	1.551	1.627	1.443	1.747	1.761	1.936	2.04		
627	2.096	2.093	2.116	2.121	1.975	2.274	2.108	2.475	1.922	1.865	1.644	1.785	1.448	1.551	1.628	1.445	1.747	1.761	1.936	2.039		
628	2.096	2.093	2.116	2.121	1.978	2.275	2.109	2.477	1.923	1.867	1.645	1.787	1.448	1.552	1.627	1.448	1.747	1.761	1.937	2.038		
629	2.096	2.093	2.116	2.121	1.98	2.275	2.109	2.477	1.924	1.868	1.646	1.789	1.449	1.552	1.622	1.451	1.747	1.761	1.937	2.037		
630	2.096	2.094	2.117	2.121	1.983	2.276	2.114	2.478	1.926	1.87	1.648	1.79	1.449	1.553	1.618	1.451	1.747	1.761	1.937	2.037		
631	2.096	2.094	2.117	2.121	1.985	2.276	2.11	2.479	1.927	1.872	1.649	1.792	1.45	1.554	1.622	1.451	1.747	1.761	1.937	2.036		
632	2.096	2.094	2.118	2.121	1.988	2.276	2.11	2.481	1.929	1.873	1.651	1.794	1.45	1.554	1.629	1.453	1.747	1.761	1.937	2.035		
633	2.096	2.094	2.118	2.122	1.99	2.276	2.11	2.483	1.93	1.875	1.652	1.796	1.45	1.555	1.631	1.455	1.747	1.761	1.937	2.035		
634	2.096	2.094	2.118	2.121	1.993	2.277	2.111	2.483	1.931	1.876	1.654	1.797	1.451	1.555	1.629	1.457	1.747	1.761	1.938	2.034		
635	2.096	2.095	2.119	2.121	1.996	2.277	2.111	2.485	1.933	1.878	1.656	1.799	1.451	1.556	1.625	1.458	1.747	1.761	1.938	2.033		
636	2.096	2.095	2.119	2.121	1.998	2.277	2.112	2.486	1.935	1.879	1.657	1.801	1.452	1.556	1.62	1.46	1.746	1.761	1.938	2.033		
637	2.096	2.095	2.119	2.122	2.001	2.277	2.112	2.488	1.936	1.881	1.659	1.803	1.452	1.557	1.624	1.461	1.746	1.761	1.938	2.032		
638	2.096	2.095	2.12	2.122	2.003	2.278	2.112	2.489	1.937	1.883	1.661	1.805	1.453	1.557	1.631	1.462	1.746	1.761	1.938	2.031		
639	2.096	2.095	2.12	2.121	2.006	2.278	2.113	2.49	1.938	1.884	1.663	1.806	1.453	1.558	1.633	1.464	1.746	1.761	1.939	2.03		
640	2.096	2.095	2.121	2.121	2.009	2.279	2.113	2.491	1.94	1.886	1.665	1.808	1.454	1.559	1.631	1.465	1.746	1.761	1.939	2.03		
641	2.096	2.095	2.121	2.122	2.011	2.279	2.114	2.492	1.941	1.888	1.667	1.81	1.454	1.559	1.627	1.467	1.746	1.761	1.939	2.029		
642	2.096	2.095	2.121	2.121	2.013	2.279	2.114	2.493	1.942	1.889	1.669	1.811	1.455	1.559	1.623	1.469	1.746	1.761	1.939	2.028		
643	2.096	2.095	2.121	2.121	2.016	2.28	2.114	2.494	1.943	1.891	1.671	1.813	1.455	1.56	1.626	1.47	1.746	1.761	1.939	2.028		
644	2.096	2.095	2.122	2.121	2.019	2.279	2.115	2.496	1.945	1.892	1.673	1.815	1.455	1.56	1.633	1.471	1.746	1.761	1.939	2.027		
645	2.096	2.095	2.122	2.121	2.021	2.279	2.115	2.497	1.947	1.894	1.674	1.816	1.456	1.561	1.636	1.473	1.746	1.761	1.94	2.026		
646	2.095	2.095	2.122	2.121	2.023	2.284	2.116	2.498	1.948	1.896	1.676	1.818	1.456	1.561	1.634	1.474	1.746	1.761	1.94	2.026		
647	2.095	2.095	2.122	2.121	2.026	2.284	2.116	2.499	1.949	1.898	1.679	1.819	1.457	1.562	1.63	1.475	1.746	1.761	1.94	2.025		
648	2.095	2.095	2.123	2.121	2.029	2.28	2.116	2.5	1.95	1.899	1.68	1.821	1.457	1.563	1.625	1.477	1.746	1.761	1.94	2.024		
649	2.094	2.095	2.123	2.121	2.031	2.28	2.117	2.501	1.952	1.901	1.682	1.823	1.458	1.563	1.628	1.478	1.746	1.761	1.94	2.023		
650	2.094	2.095	2.123	2.12	2.033	2.281	2.117	2.502	1.953	1.902	1.684	1.825	1.458	1.563	1.635	1.48	1.746	1.761	1.94	2.023		
651	2.094	2.094	2.123	2.12	2.036	2.281	2.117	2.504	1.954	1.904	1.686	1.826	1.458	1.564	1.638	1.481	1.745	1.761	1.941	2.022		
652	2.093	2.094	2.124	2.12	2.038	2.281	2.118	2.505	1.955	1.905	1.688	1.828	1.459	1.565	1.636	1.483	1.745	1.761	1.941	2.021		
653	2.093	2.094	2.124	2.12	2.041	2.282	2.118	2.506	1.957	1.907	1.691	1.83	1.459	1.565	1.632	1.484	1.745	1.761	1.941	2.021		
654	2.093	2.094	2.124	2.12	2.043	2.286	2.118	2.507	1.958	1.908	1.692	1.831	1.459	1.565	1.627	1.486	1.745	1.761	1.941	2.02		
655	2.092	2.094	2.124	2.119	2.045	2.282	2.119	2.507	1.959	1.91	1.695	1.833	1.46	1.566	1.63	1.487	1.745	1.761	1.941	2.019		
656	2.092	2.093	2.124	2.119	2.048	2.282	2.119	2.509	1.961	1.912	1.696	1.835	1.46	1.567	1.637	1.489	1.745	1.761	1.942	2.018		
657	2.091	2.093	2.124	2.121	2.05	2.282	2.119	2.509	1.962	1.913	1.699	1.837	1.461	1.567	1.64	1.49	1.745	1.761	1.942	2.018		
658	2.091	2.093	2.124	2.128	2.052	2.282	2.123	2.51	1.964	1.915	1.7	1.838	1.461	1.567	1.639	1.492	1.745	1.761	1.942	2.017		
659	2.09	2.092	2.124	2.124	2.055	2.283	2.12	2.511	1.965	1.916	1.702	1.84	1.461	1.568	1.635	1.493	1.745	1.761	1.942	2.016		
660	2.09	2.092	2.125	2.115	2.057	2.283	2.12	2.512	1.967	1.918	1.705	1.842	1.462	1.568	1.629	1.495	1.745	1.761	1.942	2.015		
661	2.089	2.092	2.125	2.109	2.06	2.283	2.12	2.513	1.968	1.919	1.707	1.843	1.462	1.569	1.632	1.496	1.745	1.76	1.942	2.014		
662	2.089	2.091	2.125	2.118	2.062	2.283	2.12	2.514	1.969	1.921	1.709	1.844	1.463	1.569	1.639	1.498	1.744	1.76	1.942	2.014		
663	2.088	2.091	2.125	2.127	2.064	2.284	2.121	2.515	1.97	1.922	1.711	1.845	1.463	1.57	1.635	1.499	1.745	1.76	1.943	2.013		
664	2.088	2.091	2.125	2.126	2.066	2.284	2.121	2.515	1.971	1.924	1.713	1.848	1.463	1.57	1.635	1.5	1.744	1.76	1.943	2.013		
665	2.093	2.09	2.125	2.122	2.069	2.284	2.121	2.516	1.972	1.926	1.715	1.849	1.464	1.571	1.635	1.501	1.744	1.76	1.943	2.012		
666	2.09	2.09	2.125	2.112	2.07	2.284	2.121	2.516	1.974	1.927	1.717	1.851	1.464	1.571	1.636	1.503	1.744	1.76	1.943	2.011		
667	2.085	2.09	2.125	2.108	2.077	2.284	2.122	2.517	1.975	1.929	1.719	1.853	1.465	1.572	1.636	1.504	1.744	1.76	1.943	2.01		
668	2.087	2.089	2.125	2.116	2.079	2.285	2.122	2.518	1.976	1.93	1.721	1.854	1.465	1.572	1.636	1.505	1.744	1.76	1.944	2.01		
669	2.091	2.089	2.125	2.125	2.081	2.285	2.122	2.518	1.978	1.932	1.723	1.856	1.465	1.572	1.637	1.506	1.744	1.76	1.944	2.009		
670	2.091	2.088	2.125	2.124	2.084	2.285	2.123	2.519	1.979	1.933	1.726	1.857	1.466	1.573	1.637	1.508	1.744	1.76	1.944	2.008		
671	2.089	2.087	2.125	2.12	2.086	2.285	2.123	2.519	1.98	1.935	1.727	1.859	1.466	1.573	1.637	1.509	1.744	1.76	1.944	2.007		
672	2.086	2.087	2.125	2.111	2.088	2.285	2.123	2.52	1.981	1.936	1.729	1.861	1.467	1.574	1.637	1.51	1.744	1.76	1.944	2.007		
673	2.081	2.087	2.125	2.105	2.091	2.285	2.123	2.521	1.982	1.937	1.732	1.862	1.467	1.574	1.638	1.511	1.743	1.76	1.944	2.006		
674	2.083	2.086	2.125	2.114	2.093	2.286	2.123	2.521	1.983	1.939	1.734	1.864	1.467	1.575	1.638	1.512	1.744	1.76	1.944	2.005		
675	2.087	2.086	2.125	2.123	2.095	2.286	2.124	2.522	1.984	1.94	1.736	1.866	1.468	1.575	1.639	1.513	1.743	1.76	1.945	2.005		
676	2.086	2.085	2.125	2.122	2.098	2.286	2.124	2.522	1.985	1.942	1.738	1.867	1.468	1.575	1.638	1.515	1.743	1.76	1.945	2.004		
677	2.084	2.085	2.125	2.118	2.1	2.29	2.124	2.523	1.987	1.943	1.74	1.869	1.468	1.576	1.639	1.516	1.743	1.76	1.945	2.003		
678	2.082	2.084	2.125	2.108	2.102	2.286	2.125	2.523	1.987	1.945	1.742	1.871	1.469	1.576	1.639	1.517	1.743	1.76	1.945	2.003		
679	2.077	2.083	2.125	2.103	2.104	2.287	2.125	2.524	1.988	1.946	1.745	1.873	1.47	1.577	1.64	1.518	1.743	1.76	1.945	2.002		
680	2.078	2.083	2.125	2.111	2.106	2.287	2.125	2.525	1.989	1.948	1.746	1.874	1.47	1.577	1.64	1.519	1.743	1.76	1.945	2.001		
681	2.082	2.083	2.125	2.12	2.108	2.287	2.125	2.525	1.99	1.949	1.749	1.876	1.47	1.578	1.64	1.52	1.743	1.759	1.946	2		
682	2.081	2.082	2.125	2.119	2.111	2.287	2.126	2.526	1.991	1.951	1.751	1.878	1.47	1.578	1.64	1.522	1.743	1.76	1.946	1.999		
683	2.079	2.081	2.125	2.115	2.113	2.287	2.126	2.526	1.992	1.952	1.753	1.879	1.471	1.578	1.641	1.523	1.743	1.76	1.946	1.999		
684	2.076	2.081	2.124	2.106	2.115	2.287	2.126	2.526	1.993	1.953	1.756	1.881	1.471	1.579	1.641	1.523	1.743	1.76	1.946	1.998		
685	2.072	2.08	2.124	2.099	2.117	2.288	2.126	2.527	1.994	1.955	1.758	1.882	1.471	1.579	1.641	1.525	1.743	1.759	1.946	1.997		
686	2.072	2.08	2.124	2.108	2.119	2.288	2.126	2.528	1.995	1.956	1.76	1.884	1.472	1.579	1.641	1.525	1.742	1.759	1.946	1.996		
687	2.076	2.079	2.124	2.117	2.122	2.288	2.126	2.528	1.996	1.958	1.762	1.885	1.472	1.579	1.642	1.526	1.742	1.759	1.946	1.996		
688	2.075	2.078	2.124	2.117	2.124	2.288	2.127	2.529	1.996	1.959	1.764	1.887	1.473	1.58	1.642	1.526	1.742	1.759	1.946	1.995		
689	2.073	2.078	2.124	2.112	2.126	2.288	2.127	2.529	1.997	1.961	1.766	1.889	1.473	1.581	1.642	1.526	1.742	1.759	1.947	1.994		
690	2.07	2.077	2.123	2.103	2.128	2.288	2.127	2.53	1.998	1.962	1.769	1.89	1.473	1.581	1.643	1.525	1.742	1.759	1.947	1.994		
691	2.066	2.076	2.128	2.096	2.13	2.288	2.127	2.53	1.999	1.964	1.771	1.892	1.474	1.581	1.643	1.524	1.742	1.759	1.947	1.993		
692	2.067	2.076	2.128	2.104	2.132	2.289	2.127	2.531	2	1.965	1.773	1.894	1.474	1.582	1.643	1.523	1.742	1.759	1.947	1.992		
693	2.07	2.075	2.128	2.114	2.134	2.289	2.127	2.531	2	1.966	1.775	1.895	1.475	1.582	1.643	1.521	1.742	1.759	1.947	1.991		
694	2.069	2.074	2.128	2.113	2.136	2.289	2.127	2.532	2.001	1.968	1.777	1.896	1.475	1.582	1.643	1.519	1.742	1.759	1.947	1.991		
695	2.067	2.073	2.127	2.109	2.138	2.289	2.127	2.532	2.002	1.969	1.779	1.898	1.475	1.583	1.644	1.517	1.742	1.759	1.948	1.99		
696	2.064	2.073	2.127	2.1	2.14	2.289	2.128	2.532	2.003	1.97	1.782	1.9	1.476	1.583	1.644	1.514	1.741	1.759	1.948	1.989		
697	2.059	2.072	2.127	2.093	2.142	2.289	2.128	2.533	2.003	1.972	1.783	1.901	1.476	1.583	1.644	1.512	1.741	1.759	1.948	1.989		
698	2.059	2.071	2.126	2.1	2.145	2.29	2.128	2.534	2.004	1.974	1.786	1.903	1.476	1.583	1.645	1.509	1.741	1.759	1.948	1.988		
699	2.063	2.071	2.126	2.11	2.147	2.29	2.128	2.534	2.005	1.975	1.788	1.905	1.477	1.584	1.645	1.506	1.741	1.759	1.948	1.987		
700	2.062	2.07	2.126	2.11	2.149	2.29	2.131	2.534	2.006	1.976	1.79	1.906	1.477	1.584	1.645	1.503	1.741	1.759	1.948	1.986		
701	2.06	2.069	2.126	2.106	2.151	2.29	2.128	2.534	2.006	1.978	1.792	1.908	1.477	1.588	1.645	1.5	1.741	1.759	1.948	1.986		
702	2.057	2.068	2.125	2.097	2.153	2.29	2.128	2.535	2.007	1.979	1.793	1.909	1.478	1.585	1.646	1.497	1.741	1.758	1.948	1.985		
703	2.052	2.068	2.125	2.09	2.155	2.291	2.129	2.536	2.007	1.98	1.796	1.911	1.478	1.587	1.646	1.494	1.741	1.758	1.949	1.984		
704	2.052	2.067	2.125	2.096	2.157	2.29	2.129	2.536	2.008	1.982	1.798	1.912	1.478	1.59	1.646	1.491	1.741	1.758	1.949	1.983		
705	2.056	2.066	2.124	2.106	2.159	2.291	2.129	2.536	2.008	1.983	1.8	1.913	1.479	1.59	1.646	1.489	1.741	1.758	1.949	1.982		
706	2.055	2.065	2.124	2.106	2.161	2.291	2.129	2.537	2.009	1.985	1.801	1.915	1.479	1.59	1.647	1.486	1.74	1.758	1.949	1.982		
707	2.053	2.064	2.124	2.102	2.162	2.291	2.129	2.537	2.009	1.986	1.803	1.916	1.48	1.589	1.647	1.484	1.74	1.758	1.949	1.981		
708	2.049	2.064	2.123	2.093	2.164	2.292	2.13	2.537	2.009	1.987	1.806	1.918	1.48	1.587	1.647	1.482	1.74	1.758	1.949	1.98		
709	2.044	2.063	2.123	2.086	2.166	2.293	2.13	2.538	2.009	1.988	1.807	1.92	1.48	1.588	1.647	1.479	1.74	1.758	1.95	1.979		
710	2.044	2.062	2.123	2.092	2.168	2.294	2.13	2.538	2.01	1.99	1.81	1.921	1.481	1.591	1.647	1.477	1.74	1.758	1.95	1.979		
711	2.048	2.061	2.122	2.102	2.17	2.294	2.129	2.539	2.01	1.991	1.812	1.923	1.481	1.592	1.648	1.476	1.74	1.758	1.95	1.978		
712	2.047	2.061	2.122	2.102	2.172	2.294	2.13	2.539	2.01	1.993	1.813	1.925	1.481	1.591	1.648	1.474	1.74	1.757	1.95	1.977		
713	2.045	2.06	2.121	2.098	2.173	2.292	2.13	2.539	2.01	1.994	1.815	1.926	1.482	1.59	1.648	1.472	1.74	1.757	1.95	1.976		
714	2.041	2.059	2.121	2.089	2.175	2.292	2.129	2.539	2.011	1.995	1.817	1.927	1.482	1.588	1.648	1.471	1.739	1.757	1.95	1.976		
715	2.036	2.058	2.12	2.081	2.177	2.291	2.13	2.539	2.011	1.997	1.819	1.929	1.482	1.59	1.648	1.469	1.739	1.757	1.95	1.975		
716	2.036	2.057	2.12	2.087	2.179	2.29	2.13	2.54	2.011	1.998	1.82	1.931	1.482	1.593	1.649	1.468	1.739	1.757	1.95	1.974		
717	2.04	2.056	2.12	2.097	2.181	2.291	2.13	2.54	2.011	1.999	1.823	1.932	1.483	1.593	1.649	1.467	1.739	1.757	1.95	1.973		
718	2.039	2.055	2.119	2.087	2.183	2.291	2.13	2.54	2.012	2.001	1.824	1.934	1.489	1.593	1.649	1.465	1.739	1.757	1.951	1.973		
719	2.036	2.054	2.118	2.086	2.184	2.291	2.13	2.54	2.012	2.002	1.826	1.936	1.489	1.592	1.649	1.464	1.739	1.757	1.951	1.972		
720	2.033	2.053	2.118	2.085	2.186	2.291	2.13	2.541	2.013	2.004	1.828	1.937	1.488	1.59	1.65	1.463	1.739	1.757	1.951	1.971		
721	2.028	2.052	2.117	2.085	2.188	2.292	2.13	2.541	2.014	2.005	1.83	1.939	1.485	1.591	1.65	1.462	1.738	1.757	1.951	1.971		
722	2.028	2.052	2.117	2.084	2.19	2.291	2.13	2.541	2.014	2.006	1.832	1.94	1.482	1.595	1.65	1.461	1.738	1.757	1.951	1.97		
723	2.031	2.051	2.116	2.083	2.192	2.292	2.13	2.541	2.015	2.008	1.833	1.942	1.485	1.595	1.65	1.46	1.738	1.757	1.951	1.969		
724	2.03	2.05	2.116	2.082	2.194	2.292	2.134	2.541	2.016	2.009	1.835	1.943	1.491	1.594	1.65	1.459	1.738	1.757	1.951	1.968		
725	2.027	2.049	2.115	2.081	2.196	2.295	2.13	2.542	2.016	2.011	1.837	1.945	1.491	1.594	1.651	1.458	1.738	1.756	1.952	1.967		
726	2.02	2.048	2.115	2.08	2.198	2.295	2.134	2.542	2.017	2.012	1.839	1.946	1.49	1.591	1.65	1.457	1.738	1.756	1.952	1.966		
727	2.019	2.048	2.114	2.08	2.2	2.295	2.13	2.542	2.018	2.013	1.841	1.947	1.488	1.592	1.648	1.456	1.738	1.756	1.952	1.966		
728	2.017	2.047	2.113	2.079	2.202	2.295	2.13	2.542	2.018	2.014	1.842	1.949	1.484	1.596	1.653	1.455	1.738	1.756	1.952	1.965		
729	2.016	2.046	2.113	2.078	2.203	2.295	2.134	2.542	2.019	2.016	1.844	1.95	1.487	1.596	1.658	1.454	1.737	1.756	1.952	1.964		
730	2.014	2.046	2.112	2.077	2.205	2.295	2.134	2.542	2.02	2.017	1.845	1.952	1.493	1.596	1.657	1.453	1.737	1.756	1.952	1.963		
731	2.012	2.052	2.111	2.076	2.202	2.295	2.134	2.543	2.021	2.018	1.846	1.953	1.494	1.595	1.656	1.452	1.737	1.756	1.952	1.962		
732	2.011	2.049	2.111	2.075	2.204	2.295	2.134	2.543	2.021	2.02	1.849	1.955	1.492	1.593	1.652	1.451	1.737	1.756	1.953	1.962		
733	2.01	2.048	2.11	2.074	2.206	2.295	2.134	2.543	2.022	2.021	1.85	1.956	1.49	1.594	1.649	1.45	1.737	1.755	1.953	1.961		
734	2.008	2.047	2.109	2.074	2.208	2.295	2.134	2.543	2.023	2.022	1.851	1.958	1.486	1.596	1.655	1.45	1.737	1.755	1.953	1.96		
735	2.006	2.047	2.109	2.073	2.21	2.295	2.133	2.543	2.024	2.023	1.853	1.959	1.489	1.597	1.659	1.449	1.737	1.755	1.953	1.959		
736	2.004	2.046	2.108	2.072	2.212	2.295	2.133	2.543	2.024	2.025	1.853	1.96	1.495	1.597	1.658	1.447	1.736	1.755	1.953	1.958		
737	2.003	2.045	2.107	2.072	2.214	2.295	2.133	2.543	2.025	2.026	1.855	1.961	1.495	1.596	1.657	1.446	1.736	1.755	1.953	1.958		
738	2.001	2.044	2.106	2.07	2.216	2.295	2.133	2.543	2.026	2.027	1.857	1.963	1.494	1.594	1.653	1.445	1.736	1.755	1.953	1.957		
739	2	2.044	2.106	2.07	2.217	2.295	2.133	2.544	2.027	2.028	1.858	1.964	1.492	1.594	1.65	1.445	1.736	1.755	1.953	1.956		
740	1.998	2.043	2.105	2.069	2.219	2.295	2.133	2.544	2.028	2.029	1.86	1.965	1.488	1.598	1.655	1.444	1.736	1.755	1.953	1.955		
741	1.996	2.042	2.104	2.068	2.221	2.292	2.132	2.543	2.028	2.031	1.861	1.966	1.491	1.598	1.66	1.443	1.736	1.755	1.953	1.955		
742	1.995	2.042	2.104	2.067	2.223	2.295	2.132	2.543	2.029	2.032	1.863	1.968	1.497	1.598	1.659	1.442	1.736	1.755	1.954	1.954		
743	1.993	2.041	2.103	2.066	2.225	2.295	2.132	2.544	2.03	2.033	1.864	1.969	1.497	1.597	1.658	1.441	1.735	1.754	1.954	1.953		
744	1.991	2.04	2.102	2.066	2.227	2.295	2.132	2.544	2.031	2.034	1.866	1.97	1.496	1.595	1.654	1.44	1.735	1.754	1.954	1.952		
745	1.99	2.039	2.101	2.065	2.228	2.295	2.132	2.544	2.031	2.036	1.868	1.972	1.494	1.595	1.651	1.44	1.735	1.754	1.954	1.952		
746	1.988	2.039	2.1	2.064	2.23	2.294	2.132	2.544	2.032	2.037	1.869	1.973	1.49	1.598	1.656	1.438	1.735	1.754	1.954	1.951		
747	1.986	2.038	2.1	2.064	2.232	2.294	2.132	2.544	2.032	2.038	1.87	1.974	1.493	1.599	1.661	1.438	1.735	1.754	1.954	1.95		
748	1.985	2.037	2.099	2.063	2.233	2.294	2.131	2.544	2.033	2.039	1.872	1.976	1.498	1.599	1.66	1.437	1.735	1.754	1.954	1.949		
749	1.983	2.036	2.099	2.062	2.235	2.294	2.131	2.544	2.034	2.041	1.874	1.977	1.499	1.598	1.659	1.436	1.734	1.754	1.954	1.948		
750	1.981	2.036	2.097	2.061	2.237	2.294	2.131	2.544	2.034	2.042	1.876	1.978	1.498	1.596	1.655	1.436	1.734	1.754	1.955	1.948		
751	1.979	2.035	2.094	2.061	2.239	2.294	2.13	2.544	2.035	2.043	1.878	1.979	1.496	1.596	1.652	1.435	1.734	1.753	1.955	1.947		
752	1.978	2.034	2.091	2.06	2.24	2.294	2.13	2.544	2.037	2.044	1.879	1.981	1.492	1.599	1.657	1.434	1.734	1.753	1.955	1.946		
753	1.976	2.033	2.09	2.059	2.242	2.294	2.13	2.544	2.037	2.046	1.88	1.982	1.494	1.6	1.662	1.434	1.734	1.753	1.955	1.945		
754	1.974	2.032	2.089	2.058	2.244	2.294	2.13	2.544	2.038	2.047	1.882	1.983	1.5	1.6	1.661	1.433	1.734	1.753	1.955	1.944		
755	1.972	2.031	2.089	2.057	2.246	2.294	2.13	2.544	2.038	2.048	1.884	1.984	1.501	1.599	1.66	1.433	1.734	1.753	1.955	1.943		
756	1.971	2.03	2.088	2.056	2.248	2.294	2.132	2.544	2.039	2.049	1.886	1.986	1.5	1.597	1.657	1.432	1.733	1.753	1.955	1.942		
757	1.969	2.029	2.087	2.055	2.249	2.294	2.134	2.544	2.04	2.051	1.888	1.987	1.497	1.597	1.653	1.432	1.733	1.753	1.955	1.942		
758	1.967	2.028	2.086	2.054	2.251	2.294	2.134	2.544	2.04	2.052	1.889	1.989	1.493	1.6	1.657	1.431	1.733	1.753	1.956	1.941		
759	1.966	2.027	2.085	2.053	2.253	2.293	2.133	2.544	2.041	2.053	1.89	1.99	1.496	1.601	1.663	1.431	1.733	1.753	1.956	1.94		
760	1.964	2.026	2.084	2.052	2.254	2.294	2.133	2.544	2.042	2.054	1.892	1.991	1.502	1.6	1.662	1.43	1.733	1.752	1.956	1.94		
761	1.962	2.025	2.083	2.051	2.256	2.293	2.133	2.544	2.043	2.055	1.893	1.992	1.503	1.6	1.661	1.43	1.732	1.752	1.956	1.939		
762	1.96	2.024	2.082	2.05	2.258	2.293	2.133	2.544	2.043	2.057	1.895	1.993	1.502	1.597	1.657	1.429	1.732	1.752	1.956	1.938		
763	1.958	2.023	2.082	2.049	2.259	2.293	2.132	2.544	2.044	2.058	1.896	1.995	1.499	1.597	1.654	1.429	1.732	1.752	1.956	1.937		
764	1.956	2.022	2.081	2.048	2.261	2.293	2.132	2.544	2.045	2.059	1.898	1.996	1.495	1.597	1.658	1.429	1.732	1.752	1.956	1.936		
765	1.955	2.021	2.08	2.047	2.263	2.292	2.132	2.544	2.045	2.06	1.9	1.998	1.497	1.597	1.663	1.428	1.732	1.752	1.956	1.935		
766	1.953	2.02	2.079	2.046	2.264	2.293	2.131	2.544	2.045	2.061	1.901	1.999	1.503	1.597	1.663	1.428	1.732	1.751	1.956	1.935		
767	1.951	2.019	2.078	2.045	2.266	2.292	2.131	2.544	2.047	2.062	1.902	2	1.504	1.597	1.662	1.428	1.732	1.751	1.957	1.934		
768	1.949	2.018	2.077	2.044	2.268	2.293	2.131	2.544	2.047	2.063	1.904	2.001	1.503	1.597	1.658	1.427	1.732	1.751	1.957	1.933		
769	1.947	2.017	2.076	2.043	2.27	2.292	2.131	2.543	2.048	2.064	1.905	2.002	1.501	1.597	1.655	1.427	1.731	1.751	1.957	1.933		
770	1.946	2.016	2.075	2.042	2.271	2.292	2.13	2.544	2.048	2.065	1.906	2.004	1.497	1.597	1.659	1.427	1.731	1.751	1.957	1.932		
771	1.944	2.015	2.074	2.041	2.273	2.292	2.13	2.544	2.048	2.066	1.908	2.005	1.499	1.598	1.664	1.426	1.731	1.751	1.957	1.931		
772	1.942	2.015	2.073	2.04	2.275	2.292	2.13	2.544	2.049	2.067	1.91	2.007	1.505	1.598	1.664	1.426	1.731	1.751	1.957	1.93		
773	1.94	2.013	2.073	2.038	2.276	2.291	2.129	2.544	2.049	2.068	1.911	2.007	1.506	1.598	1.663	1.426	1.73	1.751	1.957	1.929		
774	1.938	2.012	2.072	2.037	2.278	2.292	2.129	2.544	2.05	2.069	1.913	2.009	1.505	1.598	1.659	1.426	1.73	1.751	1.957	1.929		
775	1.936	2.011	2.071	2.036	2.28	2.292	2.129	2.544	2.051	2.07	1.914	2.01	1.503	1.598	1.656	1.425	1.73	1.75	1.958	1.928		
776	1.934	2.01	2.07	2.035	2.281	2.291	2.128	2.544	2.051	2.071	1.915	2.011	1.499	1.598	1.659	1.425	1.73	1.75	1.958	1.927		
777	1.932	2.009	2.069	2.034	2.283	2.291	2.128	2.544	2.051	2.072	1.916	2.012	1.501	1.598	1.665	1.425	1.73	1.75	1.958	1.926		
778	1.931	2.008	2.068	2.033	2.285	2.291	2.127	2.544	2.052	2.073	1.918	2.014	1.501	1.598	1.664	1.424	1.73	1.75	1.958	1.925		
779	1.929	2.007	2.067	2.031	2.286	2.291	2.127	2.544	2.052	2.074	1.919	2.015	1.501	1.598	1.663	1.424	1.73	1.75	1.958	1.925		
780	1.927	2.006	2.066	2.03	2.288	2.29	2.126	2.544	2.053	2.075	1.92	2.016	1.502	1.598	1.66	1.423	1.729	1.75	1.958	1.924		
781	1.925	2.005	2.065	2.029	2.29	2.29	2.126	2.544	2.053	2.076	1.922	2.018	1.502	1.598	1.656	1.423	1.729	1.75	1.958	1.923		
782	1.923	2.004	2.064	2.033	2.292	2.29	2.126	2.544	2.054	2.077	1.923	2.019	1.502	1.598	1.66	1.423	1.729	1.749	1.958	1.922		
783	1.921	2.003	2.063	2.032	2.294	2.29	2.126	2.544	2.054	2.078	1.924	2.02	1.502	1.598	1.665	1.422	1.729	1.749	1.958	1.921		
784	1.919	2.002	2.062	2.031	2.295	2.29	2.125	2.544	2.054	2.079	1.926	2.022	1.503	1.598	1.665	1.422	1.729	1.749	1.958	1.921		
785	1.917	2.001	2.061	2.029	2.297	2.289	2.124	2.544	2.055	2.08	1.927	2.023	1.503	1.598	1.664	1.421	1.729	1.749	1.959	1.92		
786	1.915	2	2.06	2.028	2.299	2.289	2.124	2.544	2.055	2.081	1.928	2.024	1.503	1.598	1.661	1.421	1.728	1.749	1.959	1.919		
787	1.913	1.999	2.059	2.027	2.3	2.288	2.123	2.543	2.056	2.082	1.929	2.026	1.503	1.598	1.66	1.421	1.728	1.749	1.959	1.918		
788	1.912	1.998	2.058	2.026	2.302	2.287	2.123	2.543	2.056	2.083	1.93	2.027	1.504	1.598	1.66	1.42	1.728	1.749	1.959	1.918		
789	1.914	1.997	2.057	2.025	2.304	2.287	2.122	2.553	2.056	2.084	1.932	2.028	1.504	1.599	1.66	1.42	1.728	1.749	1.959	1.917		
790	1.912	1.996	2.056	2.024	2.305	2.286	2.122	2.544	2.057	2.085	1.933	2.029	1.504	1.599	1.66	1.42	1.728	1.748	1.959	1.916		
791	1.91	1.994	2.055	2.023	2.307	2.286	2.121	2.544	2.057	2.086	1.934	2.031	1.504	1.599	1.66	1.42	1.728	1.748	1.959	1.915		
792	1.909	1.989	2.053	2.022	2.309	2.286	2.121	2.543	2.058	2.087	1.935	2.032	1.504	1.599	1.66	1.419	1.727	1.748	1.959	1.915		
793	1.906	1.987	2.052	2.02	2.31	2.285	2.121	2.543	2.058	2.088	1.936	2.033	1.504	1.599	1.66	1.419	1.727	1.748	1.959	1.914		
794	1.904	1.986	2.051	2.019	2.312	2.285	2.12	2.543	2.058	2.089	1.937	2.035	1.505	1.599	1.66	1.418	1.727	1.748	1.96	1.913		
795	1.903	1.985	2.05	2.018	2.313	2.285	2.12	2.543	2.058	2.09	1.938	2.035	1.505	1.599	1.66	1.418	1.727	1.748	1.96	1.912		
796	1.901	1.984	2.049	2.017	2.315	2.284	2.119	2.543	2.059	2.092	1.939	2.037	1.505	1.599	1.661	1.417	1.727	1.748	1.96	1.912		
797	1.899	1.983	2.048	2.015	2.317	2.284	2.119	2.543	2.059	2.092	1.94	2.038	1.505	1.599	1.661	1.417	1.726	1.748	1.96	1.911		
798	1.897	1.982	2.047	2.014	2.319	2.284	2.118	2.543	2.06	2.093	1.941	2.04	1.505	1.599	1.661	1.417	1.726	1.747	1.96	1.91		
799	1.895	1.98	2.046	2.013	2.32	2.284	2.118	2.542	2.06	2.095	1.943	2.041	1.506	1.599	1.661	1.416	1.726	1.747	1.96	1.909		
800	1.893	1.979	2.045	2.012	2.322	2.284	2.117	2.542	2.06	2.095	1.944	2.042	1.506	1.599	1.661	1.416	1.726	1.747	1.96	1.908		
801	1.891	1.978	2.044	2.011	2.324	2.283	2.116	2.542	2.061	2.096	1.945	2.043	1.506	1.599	1.661	1.416	1.726	1.747	1.96	1.908		
802	1.889	1.977	2.042	2.01	2.325	2.283	2.116	2.542	2.061	2.097	1.946	2.045	1.506	1.599	1.661	1.415	1.726	1.747	1.96	1.907		
803	1.887	1.976	2.041	2.008	2.327	2.283	2.116	2.542	2.061	2.098	1.947	2.046	1.507	1.599	1.661	1.415	1.725	1.747	1.96	1.906		
804	1.885	1.975	2.04	2.007	2.328	2.283	2.115	2.542	2.062	2.099	1.949	2.048	1.507	1.599	1.661	1.415	1.725	1.747	1.96	1.905		
805	1.883	1.973	2.039	2.006	2.33	2.282	2.114	2.542	2.062	2.1	1.95	2.049	1.507	1.599	1.661	1.414	1.725	1.746	1.961	1.905		
806	1.881	1.972	2.038	2.005	2.332	2.282	2.114	2.542	2.062	2.102	1.951	2.05	1.507	1.599	1.661	1.414	1.725	1.747	1.961	1.904		
807	1.879	1.971	2.037	2.004	2.334	2.282	2.113	2.542	2.062	2.102	1.952	2.052	1.507	1.599	1.661	1.414	1.725	1.746	1.961	1.903		
808	1.877	1.969	2.036	2.002	2.335	2.281	2.112	2.542	2.063	2.103	1.953	2.053	1.508	1.599	1.662	1.413	1.724	1.746	1.961	1.902		
809	1.876	1.968	2.034	2.001	2.337	2.282	2.112	2.542	2.063	2.104	1.955	2.054	1.508	1.599	1.662	1.413	1.724	1.746	1.961	1.902		
810	1.873	1.967	2.033	2	2.339	2.282	2.111	2.541	2.063	2.105	1.956	2.056	1.508	1.599	1.662	1.413	1.724	1.746	1.961	1.901		
811	1.872	1.966	2.032	1.999	2.34	2.282	2.111	2.542	2.064	2.106	1.957	2.057	1.508	1.599	1.662	1.413	1.724	1.746	1.961	1.9		
812	1.869	1.965	2.031	1.997	2.342	2.282	2.11	2.541	2.064	2.107	1.959	2.059	1.508	1.599	1.662	1.412	1.724	1.746	1.961	1.9		
813	1.867	1.964	2.03	1.996	2.343	2.281	2.11	2.542	2.064	2.108	1.96	2.06	1.509	1.599	1.662	1.412	1.724	1.746	1.961	1.899		
814	1.866	1.962	2.028	1.995	2.345	2.281	2.109	2.541	2.065	2.109	1.961	2.061	1.509	1.599	1.662	1.412	1.723	1.745	1.961	1.898		
815	1.863	1.961	2.032	1.994	2.346	2.281	2.108	2.541	2.065	2.11	1.962	2.062	1.509	1.599	1.662	1.411	1.723	1.745	1.961	1.897		
816	1.862	1.96	2.03	1.993	2.348	2.28	2.108	2.541	2.066	2.111	1.964	2.064	1.509	1.599	1.662	1.411	1.723	1.745	1.962	1.897		
817	1.86	1.959	2.029	1.992	2.35	2.28	2.102	2.541	2.066	2.112	1.965	2.065	1.509	1.599	1.662	1.411	1.723	1.745	1.962	1.896		
818	1.858	1.958	2.028	1.99	2.352	2.279	2.102	2.541	2.066	2.113	1.967	2.066	1.509	1.599	1.662	1.411	1.723	1.745	1.962	1.895		
819	1.856	1.956	2.027	1.989	2.353	2.279	2.101	2.541	2.066	2.114	1.968	2.068	1.51	1.599	1.662	1.411	1.722	1.745	1.962	1.894		
820	1.854	1.955	2.026	1.988	2.355	2.278	2.1	2.541	2.067	2.114	1.969	2.069	1.51	1.599	1.662	1.41	1.722	1.744	1.962	1.894		
821	1.852	1.954	2.025	1.987	2.356	2.278	2.1	2.541	2.067	2.116	1.971	2.07	1.51	1.599	1.663	1.41	1.722	1.744	1.962	1.893		
822	1.85	1.953	2.024	1.986	2.358	2.277	2.099	2.541	2.067	2.117	1.972	2.071	1.51	1.599	1.663	1.41	1.722	1.744	1.962	1.892		
823	1.848	1.951	2.022	1.985	2.359	2.277	2.098	2.541	2.067	2.117	1.974	2.072	1.51	1.599	1.663	1.41	1.722	1.744	1.962	1.892		
824	1.846	1.95	2.021	1.983	2.361	2.277	2.098	2.541	2.068	2.119	1.975	2.074	1.51	1.599	1.663	1.41	1.721	1.744	1.962	1.891		
825	1.844	1.949	2.02	1.982	2.362	2.276	2.097	2.541	2.068	2.12	1.976	2.075	1.511	1.608	1.663	1.409	1.721	1.744	1.962	1.89		
826	1.842	1.947	2.019	1.981	2.364	2.276	2.096	2.541	2.068	2.12	1.977	2.076	1.511	1.605	1.663	1.409	1.721	1.744	1.963	1.89		
827	1.84	1.946	2.017	1.98	2.365	2.275	2.096	2.54	2.068	2.122	1.979	2.077	1.511	1.603	1.663	1.409	1.721	1.744	1.963	1.889		
828	1.838	1.945	2.016	1.978	2.367	2.275	2.095	2.54	2.068	2.122	1.98	2.079	1.511	1.598	1.663	1.409	1.72	1.744	1.963	1.888		
829	1.836	1.944	2.015	1.977	2.368	2.274	2.094	2.54	2.068	2.123	1.981	2.08	1.511	1.594	1.663	1.409	1.72	1.744	1.963	1.887		
830	1.834	1.943	2.014	1.976	2.37	2.279	2.093	2.54	2.068	2.124	1.983	2.081	1.511	1.599	1.663	1.409	1.72	1.743	1.963	1.887		
831	1.832	1.942	2.013	1.975	2.372	2.278	2.093	2.54	2.068	2.125	1.984	2.082	1.512	1.605	1.663	1.409	1.72	1.743	1.963	1.886		
832	1.83	1.94	2.012	1.973	2.373	2.277	2.092	2.54	2.068	2.126	1.985	2.083	1.512	1.605	1.663	1.408	1.72	1.743	1.963	1.885		
833	1.828	1.939	2.01	1.972	2.374	2.277	2.091	2.54	2.068	2.127	1.986	2.085	1.512	1.603	1.663	1.408	1.72	1.743	1.963	1.884		
834	1.826	1.938	2.009	1.971	2.376	2.276	2.09	2.54	2.068	2.128	1.987	2.086	1.512	1.598	1.663	1.408	1.719	1.743	1.963	1.884		
835	1.824	1.937	2.008	1.97	2.377	2.276	2.09	2.539	2.067	2.129	1.989	2.087	1.512	1.594	1.663	1.408	1.719	1.742	1.963	1.883		
836	1.822	1.935	2.007	1.969	2.379	2.275	2.089	2.539	2.067	2.129	1.991	2.088	1.512	1.599	1.664	1.408	1.719	1.742	1.964	1.882		
837	1.82	1.934	2.006	1.967	2.381	2.275	2.088	2.539	2.066	2.131	1.992	2.089	1.513	1.605	1.664	1.408	1.719	1.742	1.964	1.882		
838	1.818	1.933	2.005	1.966	2.382	2.274	2.087	2.539	2.066	2.131	1.993	2.09	1.513	1.605	1.663	1.408	1.719	1.742	1.964	1.881		
839	1.816	1.931	2.003	1.965	2.384	2.274	2.087	2.539	2.065	2.132	1.994	2.091	1.513	1.603	1.663	1.408	1.718	1.742	1.964	1.88		
840	1.814	1.93	2.002	1.964	2.385	2.273	2.086	2.539	2.064	2.133	1.996	2.092	1.513	1.598	1.664	1.408	1.718	1.742	1.964	1.88		
841	1.812	1.929	2.001	1.962	2.387	2.273	2.085	2.539	2.064	2.134	1.997	2.094	1.516	1.594	1.664	1.408	1.718	1.742	1.964	1.879		
842	1.81	1.927	2	1.957	2.388	2.272	2.085	2.539	2.064	2.135	1.998	2.094	1.511	1.598	1.664	1.408	1.718	1.742	1.964	1.878		
843	1.808	1.926	1.998	1.955	2.39	2.271	2.084	2.538	2.063	2.136	1.999	2.096	1.509	1.605	1.664	1.408	1.718	1.742	1.964	1.877		
844	1.806	1.925	1.997	1.954	2.392	2.271	2.083	2.538	2.062	2.136	2.001	2.096	1.517	1.605	1.664	1.408	1.718	1.741	1.964	1.877		
845	1.804	1.924	1.996	1.953	2.393	2.271	2.082	2.538	2.061	2.137	2.002	2.097	1.521	1.603	1.664	1.408	1.717	1.741	1.964	1.876		
846	1.802	1.922	1.994	1.952	2.394	2.27	2.081	2.538	2.061	2.138	2.003	2.098	1.52	1.598	1.664	1.408	1.718	1.741	1.965	1.875		
847	1.8	1.921	1.993	1.951	2.395	2.269	2.08	2.538	2.06	2.139	2.004	2.099	1.517	1.593	1.664	1.408	1.717	1.741	1.965	1.875		
848	1.798	1.92	1.992	1.949	2.397	2.269	2.08	2.538	2.059	2.14	2.006	2.1	1.511	1.598	1.664	1.408	1.717	1.741	1.965	1.874		
849	1.796	1.918	1.991	1.948	2.399	2.268	2.079	2.538	2.059	2.141	2.007	2.101	1.51	1.604	1.664	1.408	1.717	1.741	1.965	1.874		
850	1.789	1.917	1.99	1.947	2.4	2.267	2.077	2.537	2.059	2.141	2.008	2.102	1.517	1.605	1.668	1.408	1.717	1.741	1.965	1.873		
851	1.787	1.916	1.988	1.946	2.402	2.267	2.077	2.537	2.058	2.142	2.009	2.103	1.522	1.603	1.668	1.408	1.716	1.74	1.965	1.872		
852	1.785	1.914	1.987	1.944	2.403	2.266	2.076	2.537	2.058	2.143	2.01	2.105	1.521	1.597	1.668	1.408	1.716	1.74	1.965	1.871		
853	1.783	1.913	1.986	1.943	2.405	2.266	2.075	2.536	2.057	2.144	2.011	2.106	1.518	1.593	1.668	1.408	1.716	1.741	1.965	1.871		
854	1.781	1.912	1.984	1.941	2.406	2.265	2.074	2.536	2.056	2.145	2.012	2.106	1.512	1.597	1.668	1.408	1.716	1.74	1.965	1.87		
855	1.779	1.922	1.983	1.94	2.408	2.264	2.074	2.536	2.056	2.145	2.013	2.108	1.511	1.604	1.668	1.408	1.716	1.74	1.965	1.869		
856	1.777	1.914	1.982	1.939	2.409	2.264	2.073	2.536	2.055	2.146	2.015	2.109	1.519	1.605	1.668	1.408	1.716	1.74	1.965	1.868		
857	1.775	1.912	1.98	1.938	2.41	2.263	2.072	2.536	2.055	2.147	2.016	2.11	1.523	1.602	1.668	1.407	1.715	1.74	1.965	1.868		
858	1.773	1.911	1.979	1.936	2.412	2.263	2.071	2.535	2.055	2.148	2.017	2.111	1.522	1.597	1.668	1.407	1.715	1.74	1.966	1.867		
859	1.771	1.909	1.978	1.935	2.413	2.262	2.07	2.535	2.054	2.149	2.018	2.112	1.519	1.593	1.668	1.407	1.715	1.739	1.965	1.867		
860	1.77	1.908	1.976	1.934	2.415	2.261	2.069	2.534	2.054	2.15	2.019	2.112	1.513	1.597	1.668	1.407	1.715	1.739	1.966	1.866		
861	1.768	1.907	1.975	1.933	2.417	2.26	2.068	2.535	2.054	2.151	2.02	2.113	1.512	1.603	1.668	1.407	1.715	1.739	1.966	1.865		
862	1.766	1.906	1.974	1.931	2.418	2.26	2.067	2.534	2.053	2.152	2.021	2.114	1.518	1.604	1.668	1.407	1.715	1.739	1.966	1.864		
863	1.764	1.904	1.972	1.93	2.419	2.259	2.066	2.534	2.053	2.152	2.022	2.115	1.523	1.602	1.668	1.407	1.714	1.739	1.966	1.864		
864	1.762	1.903	1.971	1.928	2.421	2.258	2.066	2.534	2.052	2.153	2.023	2.116	1.522	1.597	1.668	1.406	1.714	1.739	1.966	1.863		
865	1.76	1.901	1.97	1.927	2.422	2.257	2.065	2.533	2.052	2.155	2.024	2.117	1.519	1.592	1.668	1.406	1.714	1.739	1.966	1.862		
866	1.758	1.9	1.968	1.926	2.424	2.257	2.064	2.533	2.052	2.155	2.025	2.118	1.513	1.596	1.668	1.406	1.714	1.738	1.966	1.862		
867	1.756	1.899	1.967	1.925	2.425	2.256	2.063	2.533	2.052	2.156	2.027	2.118	1.512	1.602	1.668	1.406	1.713	1.738	1.966	1.861		
868	1.754	1.898	1.965	1.923	2.426	2.255	2.062	2.532	2.051	2.157	2.027	2.119	1.519	1.603	1.668	1.406	1.713	1.738	1.966	1.86		
869	1.752	1.896	1.964	1.922	2.427	2.254	2.061	2.532	2.051	2.158	2.029	2.12	1.524	1.601	1.668	1.406	1.713	1.738	1.966	1.859		
870	1.75	1.895	1.963	1.92	2.429	2.253	2.06	2.532	2.05	2.158	2.03	2.121	1.523	1.596	1.669	1.405	1.713	1.738	1.966	1.859		
871	1.749	1.893	1.961	1.919	2.43	2.252	2.06	2.531	2.05	2.159	2.031	2.122	1.52	1.591	1.668	1.405	1.713	1.738	1.967	1.858		
872	1.747	1.892	1.96	1.918	2.431	2.252	2.059	2.531	2.05	2.16	2.032	2.122	1.514	1.595	1.669	1.405	1.713	1.738	1.967	1.858		
873	1.745	1.891	1.958	1.917	2.433	2.251	2.057	2.53	2.05	2.161	2.033	2.123	1.513	1.602	1.669	1.405	1.712	1.738	1.967	1.857		
874	1.743	1.89	1.957	1.916	2.434	2.25	2.057	2.53	2.049	2.162	2.034	2.124	1.519	1.603	1.669	1.405	1.712	1.738	1.967	1.856		
875	1.741	1.888	1.955	1.914	2.435	2.249	2.056	2.53	2.049	2.162	2.034	2.124	1.524	1.601	1.669	1.404	1.712	1.738	1.967	1.856		
876	1.739	1.887	1.95	1.913	2.437	2.248	2.055	2.53	2.049	2.163	2.035	2.125	1.524	1.596	1.669	1.404	1.712	1.737	1.967	1.855		
877	1.737	1.886	1.948	1.912	2.438	2.248	2.054	2.529	2.049	2.164	2.036	2.126	1.521	1.591	1.669	1.404	1.712	1.737	1.967	1.855		
878	1.735	1.884	1.947	1.91	2.439	2.246	2.053	2.529	2.049	2.165	2.037	2.126	1.515	1.594	1.669	1.404	1.711	1.737	1.967	1.854		
879	1.734	1.883	1.946	1.909	2.44	2.246	2.052	2.528	2.048	2.165	2.038	2.127	1.513	1.601	1.669	1.403	1.711	1.737	1.967	1.853		
880	1.732	1.882	1.944	1.908	2.441	2.245	2.051	2.528	2.048	2.166	2.039	2.128	1.52	1.602	1.669	1.403	1.711	1.737	1.967	1.853		
881	1.73	1.88	1.942	1.906	2.443	2.244	2.055	2.528	2.049	2.167	2.04	2.128	1.525	1.6	1.669	1.403	1.711	1.736	1.967	1.852		
882	1.728	1.879	1.941	1.905	2.444	2.243	2.054	2.527	2.048	2.168	2.041	2.129	1.525	1.595	1.669	1.403	1.711	1.736	1.967	1.852		
883	1.727	1.877	1.94	1.904	2.445	2.242	2.053	2.527	2.048	2.168	2.042	2.13	1.521	1.59	1.669	1.402	1.71	1.736	1.967	1.851		
884	1.725	1.876	1.938	1.903	2.446	2.241	2.052	2.526	2.048	2.169	2.041	2.131	1.516	1.593	1.669	1.402	1.71	1.736	1.968	1.85		
885	1.723	1.875	1.937	1.901	2.448	2.24	2.051	2.526	2.048	2.17	2.043	2.131	1.514	1.599	1.669	1.402	1.71	1.736	1.968	1.85		
886	1.721	1.873	1.935	1.9	2.449	2.239	2.05	2.526	2.048	2.171	2.043	2.132	1.52	1.594	1.669	1.402	1.71	1.736	1.968	1.849		
887	1.72	1.872	1.933	1.898	2.45	2.239	2.049	2.525	2.048	2.172	2.044	2.133	1.525	1.594	1.669	1.401	1.71	1.736	1.968	1.848		
888	1.718	1.871	1.932	1.897	2.452	2.237	2.048	2.524	2.047	2.173	2.045	2.133	1.525	1.594	1.669	1.401	1.709	1.735	1.968	1.848		
889	1.716	1.869	1.931	1.896	2.453	2.236	2.047	2.524	2.047	2.174	2.045	2.134	1.522	1.593	1.669	1.401	1.709	1.735	1.968	1.847		
890	1.714	1.868	1.929	1.894	2.454	2.23	2.046	2.523	2.047	2.175	2.045	2.135	1.516	1.593	1.669	1.401	1.709	1.735	1.968	1.846		
891	1.712	1.867	1.928	1.893	2.455	2.229	2.045	2.523	2.047	2.176	2.046	2.135	1.514	1.593	1.669	1.401	1.709	1.735	1.968	1.846		
892	1.711	1.865	1.926	1.891	2.457	2.229	2.044	2.523	2.048	2.177	2.047	2.136	1.52	1.593	1.669	1.4	1.709	1.735	1.968	1.845		
893	1.709	1.864	1.925	1.89	2.458	2.227	2.043	2.522	2.047	2.178	2.047	2.136	1.526	1.592	1.669	1.4	1.708	1.735	1.968	1.845		
894	1.707	1.862	1.924	1.889	2.459	2.227	2.042	2.522	2.047	2.179	2.048	2.137	1.525	1.593	1.669	1.4	1.708	1.735	1.968	1.844		
895	1.706	1.861	1.922	1.888	2.461	2.225	2.041	2.521	2.047	2.18	2.049	2.137	1.523	1.592	1.669	1.4	1.708	1.734	1.969	1.843		
896	1.704	1.86	1.921	1.886	2.462	2.225	2.04	2.521	2.047	2.181	2.048	2.138	1.517	1.592	1.669	1.4	1.708	1.734	1.968	1.843		
897	1.702	1.858	1.919	1.885	2.463	2.224	2.039	2.521	2.047	2.183	2.049	2.139	1.514	1.592	1.669	1.4	1.708	1.734	1.969	1.842		
898	1.701	1.857	1.918	1.883	2.464	2.223	2.038	2.52	2.047	2.184	2.049	2.14	1.521	1.592	1.669	1.4	1.707	1.734	1.969	1.841		
899	1.699	1.856	1.916	1.882	2.465	2.222	2.037	2.519	2.047	2.185	2.051	2.14	1.526	1.591	1.669	1.399	1.707	1.734	1.969	1.841		
900	1.697	1.854	1.915	1.881	2.466	2.221	2.036	2.519	2.047	2.186	2.051	2.141	1.526	1.591	1.669	1.399	1.707	1.734	1.969	1.84		
901	1.696	1.853	1.913	1.879	2.468	2.22	2.035	2.518	2.047	2.187	2.052	2.141	1.52	1.591	1.669	1.399	1.707	1.734	1.969	1.84		
902	1.694	1.852	1.912	1.878	2.469	2.219	2.034	2.518	2.047	2.188	2.051	2.142	1.52	1.591	1.669	1.399	1.707	1.734	1.969	1.839		
903	1.693	1.85	1.911	1.876	2.471	2.217	2.033	2.517	2.047	2.189	2.051	2.143	1.52	1.59	1.669	1.398	1.707	1.733	1.969	1.838		
904	1.691	1.849	1.909	1.875	2.472	2.217	2.032	2.516	2.048	2.19	2.052	2.144	1.52	1.59	1.669	1.398	1.706	1.733	1.969	1.838		
905	1.689	1.848	1.908	1.874	2.473	2.215	2.031	2.516	2.047	2.192	2.053	2.144	1.52	1.59	1.669	1.398	1.706	1.733	1.969	1.837		
906	1.687	1.847	1.906	1.876	2.474	2.214	2.03	2.515	2.048	2.193	2.053	2.145	1.52	1.589	1.669	1.398	1.706	1.733	1.969	1.837		
907	1.686	1.845	1.905	1.875	2.476	2.213	2.029	2.515	2.047	2.194	2.054	2.146	1.52	1.589	1.669	1.398	1.705	1.733	1.969	1.836		
908	1.684	1.844	1.903	1.874	2.477	2.212	2.028	2.514	2.048	2.195	2.054	2.146	1.52	1.589	1.669	1.397	1.705	1.733	1.97	1.835		
909	1.683	1.842	1.902	1.872	2.479	2.211	2.027	2.513	2.048	2.196	2.055	2.147	1.52	1.589	1.669	1.397	1.705	1.732	1.97	1.835		
910	1.681	1.841	1.9	1.871	2.48	2.21	2.026	2.513	2.047	2.197	2.056	2.148	1.52	1.588	1.669	1.397	1.705	1.732	1.969	1.834		
911	1.68	1.84	1.899	1.869	2.481	2.209	2.025	2.512	2.048	2.198	2.056	2.149	1.52	1.588	1.669	1.397	1.705	1.732	1.97	1.834		
912	1.678	1.838	1.897	1.868	2.482	2.208	2.024	2.511	2.048	2.199	2.057	2.15	1.52	1.588	1.669	1.397	1.705	1.732	1.97	1.833		
913	1.675	1.837	1.896	1.866	2.484	2.207	2.023	2.51	2.048	2.201	2.057	2.15	1.52	1.587	1.669	1.397	1.704	1.732	1.97	1.832		
914	1.671	1.836	1.895	1.865	2.485	2.205	2.022	2.51	2.048	2.202	2.057	2.151	1.52	1.587	1.669	1.396	1.704	1.732	1.97	1.832		
915	1.675	1.834	1.893	1.863	2.486	2.204	2.021	2.509	2.048	2.203	2.058	2.152	1.52	1.587	1.67	1.396	1.704	1.732	1.97	1.831		
916	1.679	1.829	1.891	1.862	2.487	2.203	2.02	2.508	2.048	2.204	2.058	2.153	1.52	1.587	1.669	1.396	1.704	1.732	1.97	1.831		
917	1.676	1.828	1.89	1.861	2.489	2.202	2.019	2.507	2.048	2.205	2.059	2.154	1.52	1.586	1.669	1.396	1.703	1.731	1.97	1.83		
918	1.673	1.826	1.889	1.859	2.49	2.201	2.018	2.506	2.048	2.206	2.059	2.154	1.52	1.586	1.669	1.396	1.703	1.731	1.97	1.83		
919	1.666	1.825	1.887	1.857	2.491	2.2	2.017	2.505	2.048	2.207	2.059	2.155	1.52	1.586	1.669	1.395	1.703	1.731	1.97	1.829		
920	1.661	1.824	1.886	1.856	2.493	2.199	2.016	2.504	2.048	2.208	2.06	2.156	1.521	1.586	1.669	1.395	1.703	1.731	1.97	1.828		
921	1.666	1.822	1.884	1.855	2.494	2.198	2.014	2.504	2.048	2.209	2.06	2.157	1.52	1.585	1.669	1.395	1.703	1.731	1.97	1.828		
922	1.67	1.821	1.883	1.853	2.495	2.196	2.013	2.503	2.048	2.21	2.06	2.158	1.521	1.585	1.669	1.395	1.702	1.73	1.97	1.827		
923	1.667	1.82	1.881	1.851	2.496	2.195	2.012	2.502	2.048	2.211	2.061	2.158	1.521	1.585	1.67	1.394	1.702	1.73	1.97	1.827		
924	1.664	1.818	1.879	1.85	2.497	2.194	2.011	2.501	2.048	2.212	2.061	2.16	1.521	1.584	1.669	1.394	1.702	1.73	1.97	1.827		
925	1.656	1.817	1.878	1.849	2.499	2.193	2.01	2.5	2.049	2.212	2.061	2.16	1.521	1.584	1.669	1.394	1.702	1.73	1.97	1.826		
926	1.651	1.816	1.877	1.847	2.5	2.191	2.009	2.499	2.049	2.213	2.062	2.161	1.521	1.584	1.67	1.394	1.701	1.73	1.971	1.825		
927	1.656	1.814	1.875	1.845	2.501	2.19	2.008	2.512	2.049	2.214	2.062	2.162	1.521	1.583	1.669	1.394	1.701	1.73	1.971	1.825		
928	1.66	1.813	1.874	1.844	2.502	2.189	2.007	2.502	2.049	2.215	2.062	2.163	1.521	1.583	1.669	1.394	1.701	1.73	1.971	1.824		
929	1.657	1.812	1.872	1.843	2.503	2.188	2.006	2.501	2.049	2.216	2.061	2.164	1.521	1.583	1.67	1.393	1.701	1.73	1.971	1.824		
930	1.654	1.81	1.871	1.841	2.504	2.186	2.005	2.5	2.049	2.216	2.061	2.164	1.521	1.582	1.67	1.393	1.701	1.729	1.971	1.823		
931	1.647	1.809	1.869	1.84	2.506	2.185	2.004	2.499	2.049	2.217	2.061	2.165	1.521	1.582	1.669	1.393	1.7	1.729	1.971	1.823		
932	1.642	1.808	1.868	1.838	2.507	2.184	2.003	2.498	2.049	2.218	2.061	2.167	1.521	1.581	1.669	1.393	1.7	1.729	1.971	1.822		
933	1.647	1.806	1.866	1.837	2.508	2.182	2.002	2.497	2.049	2.219	2.061	2.167	1.521	1.581	1.669	1.393	1.7	1.729	1.971	1.822		
934	1.651	1.805	1.865	1.835	2.509	2.181	2.001	2.496	2.05	2.219	2.06	2.168	1.521	1.581	1.669	1.393	1.7	1.729	1.971	1.821		
935	1.648	1.804	1.863	1.834	2.51	2.18	2	2.495	2.05	2.22	2.06	2.169	1.521	1.58	1.669	1.392	1.7	1.729	1.971	1.82		
936	1.645	1.802	1.862	1.832	2.511	2.178	1.998	2.493	2.055	2.22	2.06	2.171	1.521	1.58	1.67	1.392	1.699	1.729	1.971	1.82		
937	1.638	1.801	1.86	1.831	2.512	2.177	1.997	2.493	2.055	2.221	2.059	2.172	1.521	1.58	1.67	1.392	1.699	1.728	1.971	1.82		
938	1.633	1.8	1.859	1.829	2.513	2.176	1.997	2.492	2.055	2.222	2.059	2.173	1.521	1.579	1.669	1.392	1.699	1.728	1.971	1.819		
939	1.637	1.799	1.861	1.828	2.514	2.174	1.996	2.491	2.055	2.222	2.058	2.174	1.521	1.579	1.669	1.392	1.699	1.728	1.971	1.819		
940	1.642	1.797	1.86	1.826	2.515	2.173	1.994	2.489	2.055	2.222	2.058	2.175	1.521	1.579	1.669	1.392	1.698	1.728	1.971	1.818		
941	1.639	1.796	1.858	1.825	2.516	2.172	1.989	2.489	2.055	2.223	2.057	2.176	1.521	1.578	1.67	1.391	1.698	1.728	1.971	1.818		
942	1.636	1.794	1.857	1.823	2.517	2.171	1.988	2.488	2.056	2.224	2.057	2.177	1.521	1.578	1.67	1.391	1.698	1.728	1.972	1.817		
943	1.629	1.793	1.855	1.822	2.518	2.169	1.987	2.487	2.056	2.224	2.057	2.178	1.521	1.578	1.669	1.391	1.698	1.727	1.972	1.816		
944	1.624	1.792	1.854	1.82	2.519	2.168	1.986	2.486	2.056	2.225	2.056	2.18	1.521	1.577	1.669	1.391	1.697	1.727	1.972	1.816		
945	1.629	1.79	1.852	1.819	2.52	2.167	1.985	2.485	2.055	2.225	2.056	2.181	1.521	1.577	1.669	1.391	1.697	1.727	1.972	1.815		
946	1.633	1.789	1.851	1.817	2.521	2.165	1.984	2.483	2.056	2.226	2.055	2.182	1.521	1.577	1.669	1.39	1.697	1.727	1.972	1.815		
947	1.63	1.788	1.849	1.816	2.522	2.164	1.983	2.482	2.056	2.226	2.055	2.183	1.521	1.576	1.669	1.39	1.697	1.727	1.972	1.814		
948	1.627	1.787	1.848	1.815	2.524	2.163	1.982	2.481	2.056	2.227	2.055	2.184	1.521	1.576	1.669	1.39	1.697	1.727	1.972	1.814		
949	1.62	1.785	1.846	1.813	2.524	2.161	1.981	2.48	2.056	2.227	2.055	2.185	1.521	1.576	1.669	1.39	1.696	1.727	1.972	1.813		
950	1.615	1.784	1.845	1.811	2.525	2.16	1.98	2.479	2.056	2.227	2.054	2.186	1.521	1.571	1.669	1.39	1.696	1.726	1.972	1.813		
951	1.62	1.783	1.843	1.81	2.526	2.158	1.979	2.478	2.056	2.228	2.054	2.187	1.521	1.577	1.669	1.39	1.696	1.726	1.972	1.812		
952	1.624	1.782	1.842	1.808	2.527	2.157	1.978	2.476	2.056	2.228	2.054	2.188	1.521	1.582	1.669	1.39	1.696	1.726	1.972	1.812		
953	1.621	1.78	1.84	1.807	2.528	2.156	1.977	2.475	2.056	2.228	2.053	2.189	1.521	1.581	1.669	1.389	1.695	1.726	1.972	1.811		
954	1.618	1.779	1.839	1.805	2.529	2.159	1.976	2.474	2.056	2.229	2.053	2.19	1.521	1.576	1.669	1.389	1.695	1.726	1.972	1.811		
955	1.612	1.778	1.837	1.804	2.531	2.158	1.975	2.473	2.057	2.229	2.053	2.191	1.521	1.57	1.669	1.389	1.695	1.726	1.973	1.81		
956	1.606	1.777	1.836	1.802	2.532	2.156	1.974	2.472	2.056	2.23	2.053	2.192	1.521	1.568	1.669	1.389	1.695	1.725	1.973	1.81		
957	1.611	1.776	1.834	1.801	2.532	2.155	1.973	2.471	2.057	2.23	2.053	2.193	1.521	1.574	1.669	1.388	1.694	1.725	1.973	1.809		
958	1.615	1.774	1.833	1.799	2.533	2.154	1.972	2.469	2.057	2.23	2.053	2.194	1.521	1.579	1.669	1.388	1.694	1.725	1.972	1.808		
959	1.613	1.773	1.832	1.798	2.534	2.152	1.97	2.469	2.056	2.231	2.052	2.195	1.521	1.579	1.669	1.388	1.694	1.725	1.973	1.808		
960	1.61	1.772	1.83	1.796	2.535	2.151	1.97	2.467	2.056	2.231	2.052	2.196	1.521	1.574	1.669	1.388	1.694	1.725	1.973	1.808		
961	1.604	1.77	1.829	1.795	2.536	2.149	1.969	2.466	2.057	2.232	2.052	2.197	1.521	1.568	1.669	1.388	1.693	1.724	1.973	1.807		
962	1.598	1.769	1.827	1.793	2.537	2.148	1.968	2.465	2.057	2.232	2.052	2.198	1.521	1.566	1.669	1.388	1.693	1.725	1.973	1.806		
963	1.602	1.768	1.826	1.792	2.538	2.147	1.967	2.464	2.057	2.232	2.052	2.199	1.521	1.572	1.669	1.388	1.693	1.724	1.973	1.806		
964	1.607	1.767	1.824	1.79	2.539	2.146	1.966	2.462	2.057	2.232	2.052	2.2	1.521	1.577	1.669	1.388	1.693	1.724	1.973	1.805		
965	1.605	1.765	1.823	1.789	2.54	2.144	1.965	2.461	2.057	2.233	2.052	2.2	1.524	1.577	1.669	1.387	1.693	1.724	1.973	1.805		
966	1.602	1.764	1.821	1.784	2.541	2.142	1.964	2.46	2.057	2.233	2.051	2.202	1.529	1.572	1.669	1.387	1.692	1.724	1.973	1.804		
967	1.596	1.763	1.82	1.782	2.542	2.141	1.963	2.458	2.057	2.233	2.051	2.202	1.525	1.565	1.669	1.387	1.692	1.724	1.973	1.804		
968	1.59	1.762	1.819	1.78	2.543	2.139	1.962	2.457	2.057	2.233	2.051	2.203	1.518	1.564	1.669	1.387	1.692	1.724	1.973	1.803		
969	1.594	1.76	1.817	1.779	2.544	2.138	1.961	2.456	2.057	2.234	2.05	2.204	1.517	1.569	1.669	1.387	1.692	1.723	1.973	1.803		
970	1.599	1.759	1.815	1.777	2.545	2.136	1.96	2.454	2.057	2.234	2.05	2.205	1.519	1.575	1.669	1.387	1.691	1.723	1.973	1.802		
971	1.597	1.758	1.814	1.776	2.545	2.135	1.959	2.453	2.057	2.234	2.05	2.206	1.524	1.575	1.669	1.386	1.691	1.723	1.973	1.802		
972	1.594	1.757	1.813	1.775	2.547	2.134	1.958	2.452	2.057	2.235	2.05	2.207	1.529	1.57	1.669	1.386	1.691	1.723	1.973	1.801		
973	1.588	1.755	1.811	1.773	2.547	2.132	1.957	2.451	2.058	2.235	2.05	2.208	1.525	1.563	1.669	1.386	1.691	1.723	1.974	1.801		
974	1.586	1.754	1.81	1.772	2.548	2.131	1.956	2.45	2.058	2.235	2.05	2.209	1.518	1.561	1.668	1.386	1.69	1.722	1.974	1.8		
975	1.585	1.753	1.808	1.77	2.549	2.129	1.955	2.448	2.058	2.236	2.05	2.21	1.517	1.567	1.669	1.386	1.69	1.722	1.974	1.8		
976	1.584	1.752	1.807	1.768	2.55	2.128	1.954	2.447	2.058	2.236	2.05	2.211	1.519	1.572	1.668	1.385	1.69	1.722	1.974	1.799		
977	1.582	1.751	1.805	1.767	2.55	2.126	1.953	2.445	2.058	2.236	2.05	2.212	1.524	1.573	1.668	1.385	1.69	1.722	1.974	1.799		
978	1.581	1.75	1.804	1.766	2.552	2.125	1.952	2.444	2.058	2.236	2.049	2.213	1.529	1.568	1.668	1.385	1.689	1.722	1.974	1.798		
979	1.58	1.756	1.803	1.764	2.552	2.123	1.952	2.443	2.058	2.236	2.049	2.214	1.525	1.561	1.668	1.385	1.689	1.722	1.974	1.798		
980	1.579	1.751	1.801	1.763	2.553	2.122	1.951	2.441	2.058	2.236	2.049	2.215	1.518	1.559	1.668	1.385	1.689	1.721	1.974	1.797		
981	1.577	1.75	1.8	1.761	2.554	2.121	1.949	2.44	2.058	2.237	2.049	2.215	1.516	1.564	1.668	1.384	1.689	1.721	1.974	1.797		
982	1.576	1.749	1.798	1.76	2.555	2.119	1.949	2.438	2.058	2.237	2.049	2.216	1.519	1.57	1.668	1.384	1.689	1.721	1.974	1.796		
983	1.574	1.747	1.797	1.758	2.555	2.118	1.948	2.437	2.058	2.237	2.049	2.217	1.524	1.57	1.668	1.384	1.688	1.721	1.974	1.796		
984	1.573	1.746	1.796	1.757	2.556	2.116	1.947	2.436	2.058	2.237	2.049	2.218	1.529	1.566	1.668	1.384	1.688	1.721	1.974	1.795		
985	1.572	1.745	1.794	1.755	2.557	2.115	1.946	2.434	2.059	2.237	2.05	2.218	1.526	1.559	1.668	1.384	1.688	1.721	1.974	1.794		
986	1.571	1.744	1.793	1.754	2.557	2.113	1.945	2.433	2.059	2.237	2.05	2.219	1.518	1.556	1.668	1.383	1.688	1.721	1.974	1.794		
987	1.569	1.742	1.791	1.752	2.558	2.112	1.944	2.431	2.059	2.238	2.05	2.22	1.516	1.562	1.668	1.383	1.687	1.72	1.974	1.793		
988	1.568	1.741	1.79	1.751	2.558	2.11	1.943	2.425	2.059	2.238	2.049	2.221	1.519	1.567	1.668	1.383	1.687	1.72	1.975	1.793		
989	1.567	1.74	1.788	1.75	2.559	2.109	1.942	2.424	2.059	2.238	2.049	2.221	1.524	1.568	1.668	1.383	1.687	1.72	1.975	1.792		
990	1.565	1.739	1.787	1.748	2.559	2.107	1.941	2.422	2.059	2.237	2.05	2.222	1.529	1.564	1.668	1.383	1.687	1.72	1.975	1.792		
991	1.564	1.738	1.785	1.746	2.56	2.106	1.94	2.421	2.059	2.238	2.049	2.223	1.525	1.557	1.668	1.383	1.686	1.72	1.975	1.791		
992	1.563	1.736	1.784	1.745	2.56	2.104	1.939	2.419	2.059	2.237	2.049	2.223	1.518	1.554	1.668	1.383	1.686	1.72	1.975	1.791		
993	1.562	1.735	1.782	1.744	2.561	2.103	1.938	2.418	2.059	2.237	2.05	2.224	1.516	1.559	1.668	1.382	1.686	1.719	1.975	1.79		
994	1.56	1.734	1.781	1.742	2.561	2.101	1.937	2.416	2.059	2.237	2.05	2.225	1.518	1.565	1.668	1.382	1.686	1.719	1.975	1.79		
995	1.559	1.733	1.78	1.741	2.561	2.1	1.937	2.415	2.059	2.236	2.05	2.225	1.523	1.566	1.668	1.382	1.686	1.719	1.975	1.789		
996	1.558	1.732	1.778	1.739	2.562	2.098	1.936	2.414	2.059	2.236	2.05	2.226	1.528	1.561	1.668	1.382	1.685	1.719	1.975	1.789		
997	1.556	1.731	1.777	1.738	2.562	2.097	1.935	2.412	2.054	2.235	2.051	2.226	1.525	1.555	1.667	1.382	1.685	1.719	1.975	1.788		
998	1.555	1.73	1.775	1.736	2.563	2.095	1.934	2.411	2.054	2.235	2.05	2.227	1.518	1.551	1.667	1.381	1.684	1.718	1.975	1.788		
999	1.554	1.729	1.773	1.735	2.563	2.093	1.933	2.409	2.054	2.234	2.05	2.227	1.516	1.556	1.667	1.381	1.685	1.718	1.975	1.788		
1000	1.553	1.728	1.768	1.734	2.563	2.092	1.932	2.408	2.054	2.233	2.051	2.228	1.518	1.562	1.667	1.381	1.684	1.718	1.975	1.787		
1001	1.551	1.726	1.766	1.732	2.564	2.09	1.931	2.407	2.054	2.232	2.05	2.229	1.523	1.563	1.667	1.381	1.684	1.718	1.975	1.787		
1002	1.55	1.725	1.765	1.731	2.564	2.089	1.93	2.405	2.054	2.231	2.051	2.229	1.528	1.559	1.667	1.381	1.684	1.718	1.975	1.786		
1003	1.549	1.724	1.764	1.729	2.564	2.088	1.929	2.403	2.054	2.231	2.051	2.23	1.526	1.552	1.667	1.38	1.683	1.718	1.975	1.785		
1004	1.548	1.723	1.763	1.728	2.564	2.086	1.928	2.402	2.054	2.23	2.051	2.23	1.517	1.549	1.667	1.38	1.683	1.718	1.976	1.785		
1005	1.546	1.722	1.761	1.726	2.565	2.084	1.931	2.4	2.054	2.229	2.051	2.231	1.515	1.553	1.667	1.38	1.683	1.717	1.976	1.785		
1006	1.545	1.721	1.76	1.725	2.565	2.083	1.93	2.399	2.054	2.228	2.051	2.232	1.518	1.559	1.667	1.378	1.683	1.717	1.976	1.784		
1007	1.544	1.719	1.758	1.724	2.565	2.081	1.929	2.398	2.055	2.228	2.051	2.232	1.522	1.56	1.667	1.381	1.683	1.717	1.976	1.784		
1008	1.543	1.718	1.757	1.722	2.566	2.08	1.928	2.396	2.054	2.227	2.052	2.233	1.528	1.556	1.667	1.386	1.682	1.717	1.976	1.783		
1009	1.542	1.717	1.755	1.72	2.566	2.079	1.927	2.395	2.055	2.226	2.051	2.233	1.525	1.55	1.667	1.384	1.682	1.716	1.976	1.783		
1010	1.541	1.716	1.754	1.719	2.566	2.077	1.927	2.393	2.054	2.226	2.052	2.234	1.517	1.551	1.667	1.378	1.682	1.716	1.976	1.782		
1011	1.539	1.715	1.753	1.718	2.566	2.076	1.926	2.391	2.055	2.225	2.052	2.234	1.515	1.551	1.667	1.375	1.682	1.716	1.976	1.782		
1012	1.538	1.713	1.751	1.716	2.567	2.074	1.925	2.39	2.055	2.224	2.052	2.235	1.517	1.551	1.667	1.377	1.681	1.716	1.976	1.781		
1013	1.537	1.712	1.749	1.715	2.567	2.073	1.924	2.388	2.055	2.223	2.052	2.236	1.521	1.55	1.667	1.38	1.681	1.716	1.976	1.781		
1014	1.536	1.711	1.748	1.714	2.567	2.067	1.923	2.387	2.055	2.223	2.052	2.236	1.527	1.55	1.666	1.385	1.681	1.716	1.976	1.78		
1015	1.535	1.71	1.747	1.711	2.567	2.065	1.922	2.385	2.055	2.222	2.053	2.237	1.524	1.549	1.666	1.383	1.681	1.716	1.976	1.78		
1016	1.534	1.709	1.746	1.71	2.567	2.064	1.921	2.384	2.055	2.221	2.053	2.237	1.516	1.549	1.666	1.377	1.68	1.715	1.976	1.779		
1017	1.533	1.708	1.744	1.709	2.567	2.062	1.92	2.382	2.055	2.22	2.053	2.238	1.514	1.548	1.666	1.374	1.68	1.715	1.976	1.779		
1018	1.531	1.706	1.742	1.708	2.567	2.061	1.919	2.38	2.055	2.22	2.053	2.238	1.516	1.548	1.666	1.376	1.68	1.715	1.976	1.779		
1019	1.53	1.705	1.741	1.706	2.567	2.06	1.918	2.379	2.055	2.219	2.052	2.239	1.521	1.548	1.666	1.379	1.68	1.715	1.977	1.778		
1020	1.529	1.704	1.74	1.705	2.568	2.058	1.917	2.377	2.055	2.219	2.053	2.239	1.526	1.547	1.666	1.383	1.68	1.715	1.977	1.777		
1021	1.528	1.703	1.738	1.703	2.568	2.057	1.916	2.376	2.055	2.218	2.053	2.239	1.524	1.547	1.666	1.383	1.679	1.714	1.977	1.777		
1022	1.527	1.702	1.737	1.702	2.568	2.055	1.916	2.374	2.055	2.218	2.052	2.24	1.516	1.546	1.666	1.376	1.679	1.714	1.977	1.777		
1023	1.526	1.701	1.736	1.7	2.568	2.054	1.914	2.372	2.055	2.217	2.053	2.24	1.513	1.546	1.666	1.373	1.679	1.714	1.977	1.776		
1024	1.525	1.7	1.734	1.699	2.568	2.052	1.914	2.37	2.055	2.217	2.054	2.241	1.516	1.545	1.666	1.374	1.679	1.714	1.977	1.776		
1025	1.524	1.699	1.733	1.698	2.568	2.051	1.913	2.369	2.055	2.216	2.054	2.242	1.518	1.545	1.666	1.378	1.678	1.714	1.977	1.775		
1026	1.522	1.697	1.731	1.696	2.568	2.05	1.912	2.367	2.055	2.215	2.054	2.242	1.518	1.545	1.666	1.382	1.678	1.714	1.977	1.775		
1027	1.521	1.696	1.73	1.694	2.569	2.048	1.911	2.366	2.055	2.215	2.054	2.243	1.517	1.544	1.665	1.382	1.678	1.714	1.977	1.774		
1028	1.52	1.695	1.729	1.693	2.569	2.046	1.91	2.364	2.055	2.214	2.054	2.243	1.518	1.544	1.666	1.375	1.678	1.713	1.977	1.774		
1029	1.519	1.694	1.728	1.691	2.569	2.045	1.909	2.363	2.055	2.214	2.053	2.243	1.517	1.543	1.666	1.372	1.677	1.713	1.977	1.773		
1030	1.518	1.693	1.726	1.694	2.569	2.044	1.908	2.361	2.055	2.214	2.055	2.244	1.517	1.543	1.665	1.373	1.677	1.713	1.977	1.773		
1031	1.517	1.691	1.724	1.692	2.569	2.042	1.907	2.359	2.055	2.213	2.054	2.244	1.517	1.542	1.665	1.377	1.677	1.713	1.977	1.773		
1032	1.516	1.691	1.723	1.691	2.569	2.041	1.906	2.358	2.055	2.213	2.054	2.245	1.517	1.542	1.666	1.381	1.677	1.712	1.977	1.772		
1033	1.515	1.689	1.721	1.69	2.569	2.039	1.905	2.356	2.055	2.212	2.055	2.245	1.517	1.542	1.665	1.381	1.677	1.712	1.977	1.771		
1034	1.514	1.688	1.72	1.689	2.57	2.038	1.904	2.354	2.055	2.212	2.054	2.246	1.517	1.541	1.665	1.374	1.676	1.712	1.977	1.771		
1035	1.513	1.687	1.719	1.687	2.569	2.036	1.903	2.352	2.055	2.212	2.055	2.246	1.517	1.541	1.665	1.371	1.676	1.712	1.977	1.771		
1036	1.512	1.686	1.717	1.686	2.569	2.035	1.902	2.351	2.055	2.212	2.054	2.247	1.516	1.541	1.665	1.372	1.676	1.712	1.977	1.77		
1037	1.517	1.685	1.716	1.684	2.569	2.033	1.901	2.349	2.055	2.211	2.055	2.247	1.516	1.54	1.665	1.375	1.676	1.711	1.978	1.769		
1038	1.514	1.684	1.715	1.683	2.569	2.032	1.9	2.348	2.055	2.212	2.055	2.248	1.516	1.54	1.665	1.38	1.675	1.711	1.978	1.769		
1039	1.51	1.683	1.713	1.681	2.569	2.03	1.899	2.346	2.055	2.211	2.055	2.248	1.516	1.539	1.665	1.38	1.675	1.711	1.978	1.769		
1040	1.504	1.678	1.712	1.68	2.568	2.029	1.899	2.344	2.055	2.211	2.055	2.248	1.516	1.539	1.665	1.373	1.675	1.711	1.978	1.768		
1041	1.505	1.677	1.71	1.679	2.568	2.028	1.898	2.343	2.055	2.211	2.055	2.249	1.516	1.539	1.665	1.37	1.675	1.711	1.978	1.768		
1042	1.511	1.676	1.709	1.678	2.568	2.026	1.897	2.341	2.055	2.211	2.055	2.249	1.516	1.538	1.665	1.371	1.675	1.711	1.978	1.767		
1043	1.511	1.674	1.707	1.676	2.567	2.025	1.896	2.339	2.055	2.21	2.055	2.249	1.516	1.538	1.665	1.374	1.674	1.71	1.978	1.767		
1044	1.508	1.673	1.706	1.675	2.567	2.023	1.894	2.338	2.055	2.21	2.055	2.249	1.516	1.537	1.664	1.379	1.674	1.71	1.978	1.767		
1045	1.503	1.672	1.705	1.674	2.566	2.022	1.894	2.336	2.055	2.21	2.056	2.25	1.515	1.537	1.664	1.379	1.674	1.71	1.978	1.766		
1046	1.497	1.671	1.704	1.672	2.565	2.02	1.893	2.335	2.055	2.209	2.056	2.25	1.515	1.537	1.664	1.372	1.674	1.71	1.978	1.766		
1047	1.499	1.67	1.702	1.671	2.565	2.019	1.892	2.333	2.055	2.21	2.055	2.25	1.515	1.536	1.664	1.369	1.673	1.71	1.978	1.765		
1048	1.505	1.669	1.701	1.67	2.564	2.018	1.891	2.331	2.055	2.209	2.056	2.25	1.515	1.536	1.664	1.37	1.673	1.709	1.978	1.765		
1049	1.504	1.667	1.699	1.668	2.564	2.016	1.89	2.329	2.055	2.209	2.055	2.25	1.515	1.535	1.664	1.373	1.673	1.709	1.978	1.764		
1050	1.502	1.666	1.698	1.667	2.563	2.015	1.889	2.328	2.055	2.208	2.056	2.251	1.515	1.535	1.664	1.378	1.673	1.709	1.978	1.764		
1051	1.497	1.665	1.697	1.666	2.563	2.013	1.888	2.328	2.055	2.209	2.055	2.251	1.515	1.534	1.664	1.378	1.672	1.709	1.978	1.763		
1052	1.491	1.664	1.696	1.665	2.563	2.012	1.887	2.329	2.055	2.208	2.056	2.251	1.515	1.534	1.664	1.371	1.672	1.709	1.979	1.763		
1053	1.493	1.663	1.695	1.663	2.562	2.01	1.886	2.328	2.055	2.208	2.056	2.251	1.514	1.533	1.664	1.368	1.672	1.708	1.978	1.762		
1054	1.499	1.662	1.693	1.662	2.561	2.009	1.885	2.326	2.054	2.208	2.056	2.251	1.514	1.533	1.664	1.369	1.672	1.708	1.979	1.762		
1055	1.498	1.661	1.692	1.661	2.561	2.008	1.884	2.324	2.055	2.208	2.056	2.251	1.514	1.533	1.664	1.372	1.672	1.708	1.978	1.762		
1056	1.496	1.66	1.691	1.659	2.561	2.006	1.883	2.323	2.055	2.207	2.056	2.251	1.514	1.532	1.664	1.377	1.671	1.708	1.979	1.761		
1057	1.491	1.658	1.689	1.658	2.56	2.005	1.882	2.32	2.054	2.207	2.056	2.251	1.514	1.532	1.664	1.377	1.671	1.708	1.979	1.761		
1058	1.485	1.657	1.688	1.657	2.56	2.004	1.881	2.319	2.054	2.207	2.055	2.251	1.513	1.531	1.664	1.37	1.671	1.708	1.979	1.76		
1059	1.487	1.656	1.687	1.656	2.559	2.002	1.88	2.317	2.055	2.207	2.056	2.251	1.513	1.531	1.664	1.366	1.671	1.708	1.979	1.76		
1060	1.493	1.655	1.686	1.655	2.558	2.001	1.879	2.315	2.06	2.207	2.056	2.251	1.513	1.531	1.664	1.368	1.671	1.707	1.979	1.76		
1061	1.492	1.654	1.684	1.653	2.558	2	1.878	2.314	2.06	2.206	2.056	2.251	1.513	1.53	1.663	1.371	1.67	1.707	1.979	1.759		
1062	1.49	1.653	1.683	1.652	2.558	1.998	1.877	2.311	2.06	2.206	2.056	2.251	1.513	1.53	1.663	1.375	1.67	1.707	1.979	1.759		
1063	1.485	1.652	1.686	1.651	2.557	1.997	1.876	2.31	2.06	2.206	2.055	2.251	1.512	1.529	1.663	1.375	1.67	1.707	1.979	1.758		
1064	1.479	1.65	1.685	1.649	2.557	1.995	1.875	2.308	2.06	2.206	2.056	2.25	1.513	1.529	1.663	1.37	1.669	1.707	1.979	1.758		
1065	1.481	1.649	1.684	1.648	2.556	1.994	1.87	2.306	2.06	2.206	2.056	2.25	1.512	1.528	1.663	1.365	1.669	1.706	1.979	1.758		
1066	1.486	1.648	1.683	1.646	2.556	1.993	1.869	2.305	2.06	2.205	2.056	2.25	1.512	1.528	1.663	1.366	1.669	1.706	1.979	1.757		
1067	1.486	1.647	1.681	1.646	2.555	1.991	1.868	2.303	2.06	2.205	2.056	2.25	1.512	1.528	1.663	1.369	1.669	1.706	1.979	1.757		
1068	1.484	1.646	1.68	1.645	2.555	1.99	1.867	2.301	2.06	2.205	2.056	2.25	1.511	1.527	1.663	1.369	1.669	1.706	1.979	1.756		
1069	1.479	1.645	1.679	1.643	2.555	1.988	1.866	2.3	2.06	2.205	2.055	2.25	1.511	1.527	1.663	1.369	1.669	1.706	1.979	1.756		
1070	1.473	1.643	1.678	1.642	2.554	1.987	1.865	2.298	2.06	2.205	2.055	2.25	1.511	1.526	1.663	1.368	1.668	1.705	1.979	1.755		
1071	1.475	1.642	1.677	1.64	2.554	1.986	1.864	2.296	2.06	2.205	2.056	2.249	1.511	1.526	1.663	1.368	1.668	1.705	1.979	1.755		
1072	1.48	1.641	1.676	1.639	2.554	1.984	1.863	2.294	2.06	2.204	2.055	2.249	1.51	1.525	1.663	1.368	1.668	1.705	1.979	1.755		
1073	1.48	1.64	1.675	1.638	2.553	1.983	1.862	2.293	2.06	2.204	2.055	2.249	1.51	1.525	1.662	1.368	1.668	1.705	1.979	1.754		
1074	1.478	1.639	1.674	1.637	2.553	1.982	1.861	2.291	2.059	2.204	2.055	2.248	1.51	1.528	1.662	1.368	1.667	1.705	1.979	1.753		
1075	1.473	1.638	1.673	1.635	2.552	1.98	1.86	2.289	2.059	2.204	2.055	2.247	1.51	1.527	1.662	1.368	1.667	1.704	1.98	1.753		
1076	1.467	1.637	1.671	1.634	2.552	1.979	1.859	2.288	2.059	2.204	2.055	2.245	1.51	1.527	1.662	1.367	1.667	1.704	1.98	1.753		
1077	1.469	1.636	1.67	1.633	2.552	1.977	1.858	2.286	2.06	2.204	2.055	2.244	1.51	1.527	1.662	1.367	1.667	1.704	1.98	1.752		
1078	1.475	1.635	1.669	1.631	2.551	1.98	1.857	2.284	2.059	2.204	2.055	2.242	1.51	1.526	1.662	1.367	1.666	1.704	1.98	1.752		
1079	1.475	1.633	1.668	1.63	2.551	1.979	1.856	2.282	2.06	2.204	2.055	2.24	1.51	1.526	1.662	1.367	1.666	1.704	1.98	1.752		
1080	1.472	1.632	1.667	1.629	2.551	1.977	1.855	2.28	2.059	2.204	2.055	2.238	1.51	1.525	1.662	1.367	1.666	1.703	1.98	1.751		
1081	1.468	1.631	1.665	1.628	2.55	1.976	1.854	2.278	2.059	2.203	2.055	2.235	1.509	1.525	1.662	1.366	1.666	1.704	1.98	1.751		
1082	1.462	1.63	1.664	1.626	2.55	1.974	1.852	2.277	2.059	2.203	2.055	2.233	1.509	1.524	1.662	1.366	1.666	1.703	1.98	1.75		
1083	1.463	1.629	1.664	1.625	2.55	1.973	1.852	2.275	2.059	2.203	2.055	2.231	1.509	1.524	1.662	1.366	1.666	1.703	1.98	1.75		
1084	1.469	1.628	1.662	1.624	2.55	1.972	1.851	2.273	2.059	2.203	2.054	2.229	1.509	1.524	1.662	1.366	1.665	1.703	1.98	1.749		
1085	1.469	1.627	1.661	1.623	2.549	1.97	1.85	2.272	2.059	2.203	2.055	2.227	1.509	1.523	1.662	1.366	1.665	1.703	1.98	1.749		
1086	1.467	1.626	1.66	1.621	2.549	1.969	1.848	2.27	2.059	2.203	2.054	2.225	1.509	1.523	1.662	1.366	1.665	1.703	1.98	1.749		
1087	1.463	1.624	1.658	1.621	2.549	1.967	1.847	2.268	2.059	2.203	2.054	2.222	1.509	1.522	1.662	1.365	1.664	1.702	1.98	1.748		
1088	1.456	1.623	1.657	1.62	2.549	1.966	1.847	2.266	2.059	2.203	2.054	2.22	1.508	1.522	1.662	1.365	1.665	1.702	1.98	1.748		
1089	1.457	1.623	1.656	1.618	2.548	1.964	1.845	2.264	2.059	2.203	2.055	2.218	1.505	1.521	1.661	1.365	1.664	1.702	1.981	1.748		
1090	1.463	1.621	1.655	1.617	2.548	1.963	1.844	2.262	2.059	2.202	2.054	2.216	1.503	1.521	1.661	1.365	1.664	1.702	1.98	1.747		
1091	1.464	1.62	1.654	1.616	2.548	1.962	1.843	2.261	2.059	2.202	2.054	2.214	1.51	1.521	1.661	1.365	1.664	1.702	1.981	1.747		
1092	1.461	1.619	1.653	1.615	2.547	1.96	1.843	2.259	2.059	2.202	2.055	2.212	1.515	1.52	1.661	1.365	1.664	1.701	1.981	1.747		
1093	1.457	1.618	1.651	1.614	2.547	1.959	1.841	2.257	2.059	2.202	2.054	2.21	1.515	1.52	1.661	1.364	1.663	1.701	1.981	1.746		
1094	1.451	1.617	1.651	1.612	2.547	1.958	1.84	2.256	2.059	2.202	2.054	2.209	1.51	1.519	1.661	1.364	1.663	1.701	1.981	1.746		
1095	1.452	1.615	1.649	1.611	2.547	1.956	1.839	2.254	2.059	2.202	2.054	2.207	1.503	1.519	1.661	1.364	1.663	1.701	1.981	1.745		
1096	1.458	1.615	1.648	1.61	2.547	1.955	1.838	2.252	2.058	2.202	2.054	2.205	1.502	1.518	1.661	1.364	1.663	1.701	1.981	1.745		
1097	1.458	1.613	1.647	1.609	2.546	1.954	1.837	2.25	2.058	2.202	2.054	2.203	1.509	1.518	1.661	1.364	1.663	1.701	1.981	1.745		
1098	1.451	1.612	1.647	1.608	2.546	1.952	1.837	2.248	2.059	2.202	2.053	2.202	1.514	1.518	1.661	1.364	1.662	1.7	1.981	1.744		
1099	1.45	1.611	1.645	1.606	2.546	1.95	1.835	2.246	2.058	2.202	2.053	2.2	1.514	1.517	1.661	1.363	1.662	1.7	1.981	1.744		
1100	1.449	1.61	1.644	1.605	2.545	1.949	1.834	2.245	2.058	2.202	2.053	2.199	1.509	1.517	1.661	1.363	1.662	1.7	1.981	1.744		
1101	1.448	1.609	1.643	1.604	2.545	1.948	1.834	2.243	2.058	2.201	2.053	2.197	1.502	1.516	1.66	1.363	1.662	1.7	1.981	1.743		
1102	1.447	1.608	1.642	1.603	2.545	1.946	1.832	2.242	2.058	2.201	2.053	2.196	1.501	1.516	1.66	1.363	1.662	1.7	1.981	1.743		
1103	1.446	1.607	1.641	1.602	2.545	1.945	1.831	2.24	2.058	2.201	2.053	2.195	1.507	1.515	1.66	1.362	1.661	1.7	1.981	1.742		
1104	1.445	1.602	1.64	1.601	2.545	1.943	1.83	2.238	2.057	2.201	2.053	2.193	1.513	1.515	1.66	1.362	1.661	1.699	1.981	1.742		
1105	1.444	1.603	1.639	1.599	2.544	1.942	1.829	2.236	2.058	2.201	2.053	2.192	1.513	1.514	1.66	1.362	1.661	1.699	1.981	1.742		
1106	1.443	1.609	1.638	1.598	2.544	1.941	1.828	2.235	2.057	2.201	2.053	2.191	1.507	1.514	1.66	1.362	1.661	1.699	1.981	1.741		
1107	1.442	1.609	1.637	1.597	2.544	1.939	1.827	2.233	2.057	2.201	2.053	2.19	1.501	1.513	1.66	1.361	1.661	1.699	1.981	1.741		
1108	1.441	1.606	1.636	1.596	2.544	1.938	1.826	2.231	2.057	2.209	2.052	2.189	1.5	1.513	1.66	1.361	1.66	1.699	1.982	1.74		
1109	1.441	1.602	1.635	1.595	2.543	1.937	1.825	2.229	2.057	2.214	2.052	2.187	1.506	1.513	1.66	1.361	1.66	1.699	1.981	1.74		
1110	1.44	1.596	1.634	1.594	2.543	1.935	1.824	2.227	2.057	2.206	2.052	2.187	1.512	1.512	1.66	1.361	1.66	1.699	1.981	1.74		
1111	1.439	1.596	1.633	1.592	2.543	1.934	1.823	2.226	2.057	2.194	2.053	2.185	1.512	1.512	1.66	1.361	1.66	1.698	1.981	1.739		
1112	1.438	1.602	1.632	1.591	2.543	1.933	1.822	2.22	2.057	2.19	2.052	2.185	1.507	1.511	1.66	1.361	1.66	1.698	1.982	1.739		
1113	1.437	1.602	1.631	1.59	2.543	1.931	1.821	2.218	2.057	2.197	2.052	2.184	1.5	1.511	1.659	1.361	1.659	1.698	1.982	1.739		
1114	1.436	1.6	1.63	1.589	2.542	1.93	1.82	2.216	2.057	2.208	2.052	2.183	1.498	1.51	1.659	1.36	1.659	1.698	1.982	1.739		
1115	1.435	1.596	1.629	1.588	2.542	1.929	1.819	2.214	2.057	2.214	2.052	2.182	1.505	1.51	1.659	1.36	1.659	1.698	1.982	1.738		
1116	1.434	1.589	1.628	1.587	2.542	1.927	1.818	2.212	2.057	2.206	2.052	2.181	1.51	1.51	1.659	1.36	1.659	1.698	1.982	1.738		
1117	1.433	1.59	1.627	1.586	2.542	1.926	1.817	2.21	2.056	2.194	2.057	2.18	1.51	1.509	1.659	1.36	1.659	1.697	1.982	1.738		
1118	1.433	1.595	1.626	1.584	2.542	1.924	1.816	2.208	2.057	2.19	2.057	2.179	1.505	1.509	1.659	1.36	1.659	1.697	1.982	1.737		
1119	1.432	1.596	1.625	1.583	2.542	1.923	1.815	2.207	2.056	2.197	2.057	2.179	1.498	1.508	1.659	1.359	1.658	1.697	1.982	1.736		
1120	1.431	1.593	1.624	1.582	2.541	1.922	1.814	2.205	2.056	2.208	2.056	2.178	1.497	1.508	1.659	1.359	1.658	1.697	1.982	1.736		
1121	1.43	1.589	1.623	1.581	2.541	1.92	1.813	2.203	2.051	2.213	2.056	2.177	1.503	1.507	1.659	1.359	1.658	1.697	1.982	1.736		
1122	1.429	1.582	1.622	1.58	2.541	1.919	1.812	2.202	2.051	2.205	2.056	2.176	1.509	1.507	1.659	1.359	1.658	1.697	1.982	1.736		
1123	1.428	1.583	1.621	1.579	2.541	1.918	1.811	2.2	2.051	2.192	2.056	2.175	1.509	1.507	1.659	1.359	1.657	1.696	1.982	1.735		
1124	1.427	1.589	1.62	1.578	2.54	1.917	1.81	2.198	2.05	2.189	2.056	2.174	1.504	1.506	1.659	1.359	1.657	1.696	1.982	1.735		
1125	1.426	1.589	1.619	1.577	2.54	1.915	1.809	2.196	2.05	2.196	2.056	2.173	1.498	1.506	1.658	1.358	1.657	1.696	1.982	1.734		
1126	1.425	1.586	1.619	1.576	2.541	1.914	1.808	2.194	2.05	2.207	2.056	2.173	1.496	1.505	1.659	1.358	1.657	1.696	1.982	1.734		
1127	1.424	1.583	1.618	1.575	2.54	1.912	1.807	2.193	2.05	2.212	2.055	2.172	1.502	1.505	1.659	1.358	1.657	1.696	1.982	1.734		
1128	1.424	1.576	1.617	1.574	2.54	1.911	1.806	2.191	2.049	2.204	2.055	2.171	1.508	1.504	1.658	1.357	1.657	1.696	1.982	1.734		
1129	1.423	1.576	1.616	1.572	2.54	1.91	1.806	2.189	2.05	2.192	2.055	2.169	1.508	1.504	1.658	1.357	1.656	1.695	1.982	1.733		
1130	1.422	1.582	1.615	1.571	2.54	1.908	1.804	2.187	2.049	2.188	2.055	2.168	1.503	1.503	1.658	1.359	1.656	1.695	1.982	1.733		
1131	1.421	1.583	1.615	1.57	2.54	1.907	1.806	2.185	2.049	2.196	2.054	2.168	1.496	1.503	1.658	1.354	1.656	1.695	1.983	1.732		
1132	1.42	1.58	1.614	1.569	2.54	1.906	1.808	2.183	2.049	2.206	2.054	2.166	1.494	1.502	1.658	1.354	1.656	1.695	1.982	1.732		
1133	1.419	1.576	1.613	1.568	2.54	1.905	1.806	2.182	2.049	2.212	2.054	2.166	1.5	1.502	1.658	1.356	1.656	1.695	1.983	1.732		
1134	1.419	1.57	1.612	1.567	2.54	1.903	1.804	2.18	2.049	2.203	2.054	2.164	1.506	1.501	1.658	1.361	1.655	1.694	1.983	1.732		
1135	1.418	1.57	1.611	1.566	2.539	1.902	1.801	2.178	2.049	2.191	2.054	2.164	1.506	1.501	1.658	1.363	1.655	1.694	1.983	1.731		
1136	1.417	1.575	1.611	1.565	2.539	1.901	1.798	2.176	2.049	2.187	2.053	2.162	1.501	1.501	1.658	1.358	1.655	1.694	1.983	1.731		
1137	1.416	1.576	1.61	1.564	2.539	1.899	1.8	2.175	2.049	2.195	2.053	2.161	1.494	1.5	1.658	1.353	1.655	1.694	1.983	1.731		
1138	1.415	1.573	1.609	1.563	2.539	1.894	1.801	2.173	2.048	2.206	2.053	2.16	1.492	1.5	1.657	1.353	1.654	1.694	1.983	1.73		
1139	1.414	1.569	1.608	1.562	2.539	1.892	1.8	2.171	2.048	2.211	2.053	2.159	1.498	1.499	1.657	1.355	1.654	1.694	1.983	1.73		
1140	1.413	1.563	1.607	1.561	2.539	1.891	1.798	2.17	2.048	2.203	2.053	2.158	1.504	1.499	1.657	1.359	1.654	1.694	1.983	1.729		
1141	1.413	1.563	1.606	1.559	2.538	1.889	1.795	2.168	2.048	2.19	2.052	2.157	1.504	1.498	1.657	1.362	1.654	1.693	1.983	1.729		
1142	1.411	1.569	1.605	1.558	2.538	1.888	1.792	2.166	2.048	2.186	2.053	2.155	1.5	1.498	1.657	1.356	1.654	1.693	1.983	1.729		
1143	1.411	1.57	1.604	1.557	2.538	1.887	1.794	2.164	2.048	2.194	2.052	2.154	1.493	1.498	1.657	1.351	1.654	1.693	1.983	1.729		
1144	1.41	1.567	1.604	1.556	2.538	1.886	1.796	2.163	2.048	2.205	2.052	2.153	1.491	1.497	1.657	1.351	1.653	1.693	1.983	1.728		
1145	1.409	1.563	1.602	1.555	2.537	1.884	1.794	2.161	2.048	2.21	2.052	2.152	1.496	1.497	1.657	1.354	1.653	1.693	1.983	1.728		
1146	1.408	1.557	1.602	1.554	2.537	1.883	1.792	2.159	2.048	2.202	2.051	2.151	1.503	1.496	1.657	1.358	1.653	1.693	1.983	1.727		
1147	1.407	1.556	1.601	1.553	2.538	1.882	1.789	2.158	2.048	2.189	2.051	2.15	1.504	1.496	1.657	1.361	1.653	1.693	1.983	1.727		
1148	1.406	1.562	1.6	1.552	2.537	1.88	1.786	2.156	2.047	2.185	2.051	2.149	1.499	1.495	1.657	1.356	1.653	1.692	1.983	1.727		
1149	1.405	1.563	1.599	1.551	2.537	1.879	1.788	2.154	2.047	2.193	2.051	2.148	1.495	1.495	1.656	1.35	1.653	1.692	1.983	1.726		
1150	1.405	1.56	1.598	1.55	2.537	1.878	1.79	2.152	2.047	2.203	2.051	2.147	1.495	1.494	1.656	1.35	1.652	1.692	1.984	1.726		
1151	1.404	1.556	1.597	1.549	2.537	1.876	1.788	2.151	2.047	2.208	2.051	2.147	1.495	1.493	1.656	1.353	1.652	1.692	1.983	1.726		
1152	1.403	1.55	1.596	1.548	2.537	1.875	1.786	2.149	2.047	2.2	2.05	2.146	1.495	1.493	1.656	1.357	1.652	1.692	1.983	1.725		
1153	1.402	1.55	1.595	1.547	2.536	1.874	1.783	2.147	2.047	2.187	2.05	2.145	1.494	1.493	1.656	1.359	1.652	1.692	1.984	1.725		
1154	1.401	1.556	1.594	1.546	2.536	1.872	1.78	2.145	2.047	2.184	2.049	2.144	1.494	1.492	1.656	1.355	1.652	1.692	1.984	1.724		
1155	1.4	1.556	1.593	1.545	2.536	1.871	1.782	2.144	2.047	2.192	2.049	2.143	1.494	1.492	1.656	1.349	1.652	1.691	1.984	1.724		
1156	1.4	1.554	1.592	1.544	2.535	1.87	1.784	2.142	2.047	2.202	2.049	2.143	1.494	1.491	1.656	1.349	1.652	1.691	1.984	1.724		
1157	1.399	1.55	1.591	1.543	2.535	1.869	1.782	2.14	2.046	2.208	2.049	2.142	1.493	1.491	1.656	1.351	1.651	1.691	1.984	1.724		
1158	1.398	1.544	1.59	1.542	2.535	1.867	1.781	2.139	2.046	2.199	2.049	2.141	1.493	1.491	1.655	1.355	1.651	1.691	1.984	1.723		
1159	1.397	1.543	1.589	1.541	2.535	1.866	1.777	2.137	2.046	2.187	2.048	2.14	1.493	1.49	1.655	1.358	1.651	1.691	1.984	1.723		
1160	1.396	1.549	1.588	1.54	2.535	1.865	1.774	2.135	2.046	2.183	2.048	2.14	1.492	1.49	1.655	1.354	1.651	1.691	1.984	1.723		
1161	1.391	1.55	1.587	1.539	2.534	1.863	1.776	2.134	2.045	2.19	2.048	2.139	1.492	1.489	1.655	1.348	1.651	1.69	1.984	1.722		
1162	1.398	1.548	1.586	1.538	2.534	1.862	1.778	2.132	2.046	2.201	2.047	2.138	1.492	1.489	1.655	1.348	1.651	1.69	1.984	1.722		
1163	1.402	1.544	1.585	1.537	2.534	1.86	1.776	2.13	2.045	2.206	2.047	2.138	1.492	1.488	1.655	1.35	1.65	1.69	1.984	1.722		
1164	1.399	1.54	1.584	1.535	2.534	1.859	1.775	2.129	2.046	2.198	2.047	2.137	1.491	1.488	1.655	1.354	1.65	1.69	1.984	1.721		
1165	1.394	1.539	1.583	1.535	2.533	1.858	1.771	2.127	2.046	2.185	2.046	2.136	1.491	1.487	1.655	1.357	1.65	1.69	1.984	1.721		
1166	1.387	1.538	1.582	1.533	2.533	1.857	1.769	2.125	2.045	2.182	2.046	2.135	1.49	1.487	1.654	1.353	1.65	1.689	1.984	1.721		
1167	1.386	1.537	1.581	1.532	2.533	1.855	1.77	2.124	2.045	2.189	2.046	2.135	1.491	1.486	1.654	1.347	1.65	1.689	1.984	1.72		
1168	1.393	1.536	1.58	1.531	2.532	1.854	1.772	2.122	2.045	2.2	2.045	2.134	1.491	1.486	1.655	1.347	1.649	1.689	1.984	1.72		
1169	1.397	1.535	1.579	1.53	2.532	1.853	1.77	2.12	2.045	2.192	2.046	2.134	1.49	1.485	1.654	1.349	1.649	1.689	1.984	1.72		
1170	1.394	1.534	1.578	1.529	2.532	1.852	1.769	2.119	2.045	2.191	2.045	2.132	1.49	1.485	1.654	1.353	1.649	1.689	1.984	1.719		
1171	1.39	1.533	1.577	1.528	2.531	1.85	1.766	2.117	2.045	2.191	2.044	2.13	1.49	1.485	1.654	1.356	1.649	1.689	1.984	1.719		
1172	1.382	1.532	1.576	1.527	2.531	1.848	1.763	2.115	2.044	2.191	2.044	2.131	1.49	1.484	1.654	1.352	1.649	1.688	1.984	1.719		
1173	1.381	1.531	1.575	1.526	2.531	1.847	1.764	2.114	2.044	2.192	2.044	2.132	1.489	1.483	1.654	1.346	1.649	1.688	1.985	1.718		
1174	1.389	1.53	1.574	1.525	2.53	1.846	1.767	2.112	2.044	2.191	2.043	2.135	1.489	1.483	1.654	1.345	1.648	1.688	1.985	1.718		
1175	1.392	1.529	1.573	1.524	2.53	1.845	1.765	2.11	2.044	2.191	2.043	2.134	1.489	1.482	1.654	1.348	1.648	1.688	1.985	1.717		
1176	1.39	1.527	1.572	1.523	2.53	1.843	1.763	2.115	2.044	2.191	2.043	2.129	1.489	1.482	1.654	1.352	1.648	1.688	1.985	1.717		
1177	1.385	1.527	1.572	1.522	2.529	1.842	1.76	2.11	2.044	2.19	2.042	2.128	1.489	1.481	1.654	1.355	1.648	1.688	1.985	1.717		
1178	1.378	1.526	1.57	1.521	2.529	1.841	1.757	2.102	2.043	2.19	2.036	2.128	1.489	1.481	1.654	1.351	1.648	1.688	1.985	1.716		
1179	1.377	1.525	1.569	1.52	2.528	1.84	1.758	2.103	2.043	2.189	2.035	2.129	1.488	1.48	1.653	1.345	1.648	1.687	1.985	1.716		
1180	1.384	1.523	1.568	1.519	2.528	1.838	1.76	2.108	2.043	2.189	2.035	2.133	1.488	1.48	1.653	1.344	1.648	1.687	1.985	1.716		
1181	1.387	1.522	1.567	1.518	2.528	1.837	1.759	2.108	2.043	2.189	2.034	2.132	1.488	1.479	1.653	1.347	1.647	1.687	1.985	1.716		
1182	1.385	1.521	1.566	1.517	2.527	1.836	1.757	2.105	2.043	2.189	2.034	2.127	1.487	1.479	1.653	1.351	1.647	1.687	1.985	1.716		
1183	1.38	1.52	1.565	1.516	2.527	1.834	1.754	2.1	2.043	2.188	2.034	2.126	1.487	1.478	1.653	1.354	1.647	1.687	1.985	1.715		
1184	1.373	1.519	1.564	1.515	2.527	1.833	1.751	2.093	2.048	2.188	2.033	2.127	1.487	1.478	1.653	1.35	1.647	1.687	1.985	1.715		
1185	1.372	1.519	1.563	1.515	2.526	1.832	1.752	2.093	2.048	2.188	2.034	2.128	1.486	1.477	1.652	1.344	1.647	1.686	1.985	1.714		
1186	1.379	1.517	1.562	1.514	2.526	1.83	1.755	2.099	2.049	2.188	2.033	2.132	1.486	1.477	1.652	1.343	1.646	1.686	1.985	1.714		
1187	1.383	1.516	1.561	1.513	2.525	1.829	1.753	2.099	2.048	2.188	2.033	2.131	1.486	1.477	1.652	1.345	1.646	1.686	1.985	1.714		
1188	1.38	1.515	1.56	1.512	2.525	1.828	1.751	2.095	2.048	2.188	2.032	2.126	1.486	1.476	1.652	1.35	1.646	1.686	1.985	1.713		
1189	1.376	1.514	1.559	1.511	2.524	1.827	1.746	2.091	2.048	2.187	2.032	2.125	1.485	1.476	1.652	1.353	1.646	1.686	1.985	1.713		
1190	1.369	1.513	1.559	1.51	2.524	1.825	1.745	2.083	2.048	2.187	2.031	2.126	1.485	1.475	1.652	1.349	1.646	1.686	1.985	1.712		
1191	1.367	1.512	1.558	1.509	2.524	1.824	1.744	2.083	2.048	2.187	2.031	2.127	1.485	1.475	1.652	1.346	1.646	1.685	1.985	1.712		
1192	1.374	1.511	1.557	1.508	2.523	1.823	1.743	2.087	2.047	2.187	2.031	2.131	1.485	1.474	1.652	1.346	1.645	1.685	1.985	1.712		
1193	1.378	1.51	1.555	1.507	2.523	1.822	1.742	2.086	2.047	2.187	2.03	2.13	1.485	1.474	1.652	1.346	1.645	1.685	1.985	1.712		
1194	1.376	1.509	1.554	1.506	2.522	1.82	1.741	2.083	2.047	2.186	2.03	2.126	1.484	1.473	1.652	1.345	1.645	1.685	1.985	1.711		
1195	1.371	1.508	1.554	1.505	2.522	1.819	1.74	2.078	2.047	2.186	2.03	2.124	1.484	1.473	1.651	1.345	1.645	1.685	1.986	1.711		
1196	1.364	1.507	1.553	1.504	2.521	1.818	1.739	2.071	2.047	2.186	2.029	2.126	1.484	1.472	1.651	1.345	1.645	1.685	1.986	1.71		
1197	1.362	1.506	1.552	1.504	2.521	1.816	1.738	2.07	2.047	2.186	2.029	2.126	1.483	1.472	1.651	1.345	1.645	1.684	1.986	1.71		
1198	1.369	1.505	1.55	1.502	2.52	1.815	1.738	2.076	2.047	2.186	2.028	2.13	1.483	1.471	1.651	1.345	1.644	1.684	1.986	1.71		
1199	1.373	1.504	1.549	1.502	2.52	1.814	1.736	2.077	2.047	2.186	2.028	2.13	1.483	1.471	1.651	1.345	1.644	1.684	1.986	1.709		
1200	1.371	1.504	1.549	1.5	2.52	1.813	1.735	2.073	2.047	2.185	2.027	2.125	1.483	1.47	1.651	1.344	1.644	1.684	1.986	1.709		
1201	1.367	1.503	1.548	1.499	2.519	1.811	1.734	2.069	2.047	2.185	2.027	2.123	1.482	1.47	1.651	1.344	1.644	1.684	1.986	1.709		
1202	1.36	1.501	1.547	1.498	2.519	1.814	1.733	2.061	2.046	2.185	2.026	2.124	1.482	1.469	1.651	1.344	1.644	1.684	1.986	1.708		
1203	1.358	1.501	1.546	1.498	2.518	1.814	1.732	2.06	2.046	2.184	2.026	2.125	1.482	1.469	1.65	1.344	1.643	1.684	1.986	1.708		
1204	1.365	1.5	1.545	1.496	2.518	1.813	1.731	2.067	2.047	2.184	2.026	2.129	1.482	1.468	1.65	1.344	1.643	1.683	1.986	1.708		
1205	1.369	1.498	1.544	1.496	2.517	1.811	1.73	2.067	2.046	2.184	2.025	2.129	1.481	1.468	1.65	1.344	1.643	1.683	1.986	1.707		
1206	1.367	1.498	1.543	1.495	2.517	1.807	1.729	2.064	2.046	2.183	2.025	2.124	1.481	1.467	1.65	1.343	1.643	1.683	1.986	1.707		
1207	1.362	1.496	1.542	1.494	2.516	1.805	1.728	2.06	2.046	2.183	2.025	2.122	1.48	1.467	1.65	1.343	1.643	1.683	1.986	1.707		
1208	1.355	1.496	1.541	1.493	2.515	1.806	1.727	2.052	2.046	2.183	2.024	2.123	1.48	1.466	1.65	1.343	1.642	1.683	1.986	1.706		
1209	1.353	1.495	1.54	1.492	2.515	1.807	1.727	2.051	2.046	2.183	2.024	2.124	1.48	1.466	1.65	1.343	1.642	1.683	1.986	1.706		
1210	1.36	1.494	1.539	1.491	2.515	1.805	1.726	2.057	2.046	2.183	2.023	2.128	1.48	1.465	1.65	1.343	1.642	1.682	1.986	1.706		
1211	1.364	1.493	1.538	1.49	2.514	1.804	1.724	2.058	2.045	2.183	2.023	2.128	1.479	1.465	1.65	1.342	1.642	1.682	1.986	1.705		
1212	1.362	1.492	1.537	1.489	2.514	1.8	1.724	2.054	2.045	2.182	2.022	2.123	1.479	1.464	1.65	1.342	1.642	1.682	1.986	1.705		
1213	1.358	1.491	1.536	1.488	2.513	1.797	1.722	2.051	2.045	2.182	2.022	2.121	1.482	1.464	1.649	1.342	1.642	1.682	1.986	1.705		
1214	1.351	1.49	1.535	1.487	2.513	1.798	1.721	2.042	2.045	2.182	2.021	2.122	1.482	1.463	1.65	1.342	1.641	1.682	1.986	1.704		
1215	1.349	1.489	1.534	1.486	2.512	1.8	1.721	2.041	2.045	2.181	2.021	2.123	1.482	1.463	1.649	1.341	1.641	1.682	1.986	1.704		
1216	1.356	1.488	1.533	1.486	2.511	1.798	1.72	2.047	2.045	2.181	2.02	2.127	1.481	1.462	1.649	1.341	1.641	1.682	1.987	1.704		
1217	1.36	1.487	1.532	1.485	2.511	1.796	1.718	2.048	2.045	2.181	2.02	2.126	1.481	1.462	1.649	1.341	1.641	1.681	1.987	1.703		
1218	1.358	1.486	1.532	1.484	2.51	1.792	1.717	2.045	2.045	2.181	2.019	2.121	1.481	1.461	1.649	1.341	1.641	1.681	1.987	1.703		
1219	1.354	1.485	1.531	1.483	2.51	1.789	1.717	2.041	2.044	2.18	2.019	2.119	1.48	1.461	1.649	1.341	1.641	1.681	1.987	1.703		
1220	1.347	1.484	1.53	1.482	2.509	1.791	1.716	2.033	2.044	2.181	2.019	2.12	1.48	1.46	1.649	1.341	1.64	1.681	1.987	1.702		
1221	1.345	1.483	1.529	1.481	2.508	1.792	1.715	2.032	2.044	2.181	2.018	2.122	1.48	1.46	1.649	1.34	1.64	1.681	1.987	1.702		
1222	1.349	1.482	1.528	1.48	2.508	1.79	1.714	2.038	2.044	2.18	2.018	2.125	1.48	1.46	1.648	1.34	1.64	1.681	1.987	1.702		
1223	1.348	1.481	1.527	1.48	2.507	1.788	1.713	2.039	2.044	2.18	2.017	2.125	1.479	1.459	1.648	1.34	1.64	1.68	1.987	1.701		
1224	1.347	1.48	1.526	1.478	2.507	1.785	1.712	2.036	2.044	2.179	2.017	2.12	1.479	1.459	1.648	1.34	1.64	1.68	1.987	1.701		
1225	1.347	1.479	1.525	1.478	2.506	1.782	1.711	2.032	2.043	2.178	2.016	2.118	1.479	1.458	1.648	1.34	1.639	1.68	1.987	1.701		
1226	1.346	1.478	1.524	1.477	2.506	1.783	1.71	2.024	2.044	2.178	2.015	2.119	1.478	1.457	1.648	1.339	1.639	1.68	1.987	1.7		
1227	1.345	1.478	1.523	1.476	2.51	1.785	1.709	2.022	2.043	2.178	2.015	2.12	1.478	1.457	1.648	1.339	1.639	1.68	1.987	1.7		
1228	1.345	1.482	1.522	1.475	2.51	1.783	1.708	2.029	2.043	2.177	2.015	2.123	1.478	1.457	1.648	1.339	1.639	1.68	1.987	1.7		
1229	1.344	1.479	1.521	1.474	2.509	1.781	1.707	2.03	2.043	2.177	2.014	2.123	1.477	1.456	1.647	1.339	1.639	1.68	1.987	1.699		
1230	1.343	1.474	1.52	1.473	2.508	1.777	1.706	2.026	2.043	2.177	2.014	2.118	1.477	1.456	1.648	1.338	1.639	1.679	1.987	1.699		
1231	1.342	1.471	1.519	1.473	2.508	1.775	1.705	2.023	2.043	2.177	2.014	2.119	1.477	1.455	1.647	1.338	1.638	1.679	1.987	1.699		
1232	1.342	1.476	1.518	1.472	2.507	1.776	1.704	2.015	2.042	2.182	2.013	2.119	1.477	1.455	1.647	1.338	1.638	1.679	1.987	1.699		
1233	1.341	1.479	1.517	1.471	2.506	1.777	1.703	2.014	2.042	2.181	2.013	2.118	1.476	1.454	1.647	1.338	1.638	1.679	1.988	1.698		
1234	1.34	1.476	1.516	1.47	2.505	1.775	1.702	2.019	2.042	2.181	2.012	2.118	1.476	1.454	1.647	1.338	1.638	1.679	1.987	1.698		
1235	1.34	1.474	1.515	1.469	2.505	1.774	1.701	2.021	2.042	2.181	2.012	2.118	1.476	1.453	1.647	1.337	1.638	1.679	1.987	1.698		
1236	1.339	1.468	1.514	1.469	2.505	1.771	1.701	2.012	2.042	2.181	2.011	2.117	1.476	1.453	1.647	1.337	1.637	1.679	1.987	1.697		
1237	1.338	1.465	1.513	1.468	2.504	1.767	1.7	2.01	2.042	2.18	2.011	2.117	1.475	1.452	1.647	1.337	1.637	1.678	1.988	1.697		
1238	1.338	1.47	1.512	1.467	2.503	1.769	1.698	2.008	2.042	2.18	2.011	2.117	1.475	1.452	1.647	1.337	1.637	1.678	1.988	1.697		
1239	1.337	1.473	1.511	1.466	2.502	1.77	1.698	2.007	2.042	2.18	2.01	2.116	1.475	1.451	1.647	1.336	1.637	1.678	1.988	1.696		
1240	1.336	1.471	1.51	1.465	2.501	1.769	1.697	2.006	2.041	2.179	2.009	2.116	1.474	1.451	1.647	1.336	1.637	1.678	1.988	1.696		
1241	1.336	1.468	1.509	1.464	2.501	1.767	1.696	2.004	2.041	2.178	2.015	2.116	1.474	1.45	1.646	1.336	1.637	1.678	1.988	1.696		
1242	1.335	1.463	1.508	1.463	2.5	1.764	1.695	2.002	2.041	2.179	2.014	2.115	1.474	1.45	1.646	1.336	1.637	1.678	1.988	1.696		
1243	1.334	1.46	1.508	1.462	2.499	1.761	1.694	2.001	2.041	2.178	2.014	2.115	1.473	1.449	1.646	1.335	1.636	1.677	1.988	1.695		
1244	1.333	1.465	1.506	1.462	2.498	1.762	1.693	2	2.041	2.178	2.013	2.115	1.473	1.449	1.646	1.335	1.636	1.677	1.988	1.695		
1245	1.333	1.468	1.506	1.461	2.498	1.764	1.692	1.998	2.035	2.178	2.013	2.114	1.473	1.448	1.646	1.335	1.636	1.677	1.988	1.695		
1246	1.332	1.466	1.505	1.46	2.497	1.762	1.691	1.997	2.034	2.178	2.013	2.114	1.473	1.448	1.646	1.334	1.636	1.677	1.988	1.694		
1247	1.331	1.463	1.504	1.459	2.496	1.76	1.69	1.995	2.034	2.177	2.012	2.114	1.472	1.448	1.646	1.334	1.636	1.677	1.988	1.694		
1248	1.331	1.457	1.503	1.458	2.495	1.757	1.689	1.994	2.034	2.177	2.012	2.113	1.472	1.447	1.646	1.333	1.636	1.677	1.988	1.694		
1249	1.33	1.454	1.502	1.457	2.494	1.754	1.688	1.992	2.034	2.177	2.01	2.113	1.472	1.447	1.645	1.333	1.635	1.677	1.988	1.693		
1250	1.329	1.459	1.501	1.456	2.493	1.754	1.688	1.991	2.034	2.176	2.011	2.113	1.472	1.446	1.645	1.333	1.635	1.677	1.988	1.693		
1251	1.329	1.462	1.5	1.455	2.492	1.757	1.687	1.989	2.034	2.176	2.01	2.113	1.471	1.446	1.645	1.332	1.635	1.676	1.988	1.693		
1252	1.328	1.46	1.499	1.455	2.491	1.755	1.686	1.988	2.034	2.176	2.01	2.112	1.471	1.445	1.645	1.332	1.635	1.676	1.988	1.693		
1253	1.327	1.457	1.498	1.454	2.49	1.753	1.688	1.986	2.033	2.176	2.009	2.112	1.47	1.445	1.645	1.332	1.635	1.676	1.988	1.692		
1254	1.327	1.452	1.497	1.453	2.49	1.75	1.687	1.985	2.033	2.175	2.009	2.112	1.47	1.444	1.645	1.336	1.635	1.676	1.988	1.692		
1255	1.326	1.449	1.496	1.452	2.488	1.747	1.686	1.984	2.033	2.175	2.008	2.111	1.47	1.444	1.645	1.337	1.634	1.676	1.988	1.692		
1256	1.325	1.453	1.495	1.451	2.488	1.748	1.686	1.982	2.033	2.175	2.008	2.111	1.47	1.443	1.644	1.335	1.634	1.676	1.988	1.691		
1257	1.325	1.457	1.494	1.45	2.487	1.75	1.685	1.981	2.033	2.174	2.007	2.111	1.469	1.443	1.644	1.331	1.634	1.676	1.988	1.691		
1258	1.324	1.455	1.493	1.449	2.486	1.748	1.684	1.979	2.032	2.174	2.007	2.111	1.469	1.442	1.644	1.327	1.634	1.675	1.988	1.691		
1259	1.324	1.452	1.492	1.448	2.485	1.746	1.683	1.978	2.032	2.173	2.006	2.11	1.469	1.442	1.644	1.328	1.633	1.675	1.988	1.69		
1260	1.323	1.447	1.491	1.448	2.484	1.744	1.682	1.976	2.032	2.173	2.006	2.11	1.468	1.441	1.644	1.333	1.633	1.675	1.989	1.69		
1261	1.322	1.443	1.49	1.447	2.483	1.74	1.681	1.975	2.032	2.172	2.005	2.11	1.468	1.44	1.644	1.335	1.633	1.675	1.989	1.69		
1262	1.321	1.448	1.489	1.446	2.482	1.739	1.68	1.973	2.031	2.172	2.005	2.109	1.468	1.44	1.644	1.333	1.633	1.675	1.989	1.69		
1263	1.321	1.451	1.489	1.445	2.481	1.738	1.679	1.972	2.031	2.171	2.004	2.109	1.467	1.44	1.644	1.329	1.633	1.675	1.989	1.689		
1264	1.32	1.449	1.487	1.444	2.48	1.737	1.678	1.971	2.031	2.171	2.004	2.109	1.467	1.439	1.643	1.324	1.633	1.675	1.989	1.689		
1265	1.319	1.447	1.487	1.443	2.478	1.736	1.678	1.969	2.03	2.17	2.003	2.109	1.467	1.439	1.644	1.325	1.633	1.675	1.989	1.689		
1266	1.319	1.442	1.486	1.442	2.477	1.734	1.677	1.968	2.03	2.17	2.003	2.108	1.466	1.438	1.643	1.331	1.633	1.674	1.989	1.689		
1267	1.318	1.438	1.485	1.441	2.476	1.733	1.676	1.966	2.031	2.169	2.002	2.108	1.466	1.438	1.643	1.333	1.632	1.674	1.989	1.688		
1268	1.318	1.443	1.484	1.44	2.475	1.732	1.675	1.965	2.03	2.169	2.002	2.108	1.466	1.437	1.643	1.331	1.632	1.674	1.989	1.688		
1269	1.317	1.446	1.483	1.439	2.474	1.731	1.674	1.963	2.03	2.168	2.002	2.107	1.466	1.437	1.643	1.327	1.632	1.674	1.989	1.688		
1270	1.316	1.444	1.482	1.439	2.473	1.73	1.673	1.962	2.03	2.168	2.001	2.107	1.465	1.436	1.643	1.322	1.632	1.674	1.989	1.687		
1271	1.316	1.442	1.481	1.438	2.472	1.729	1.672	1.961	2.029	2.167	2.001	2.106	1.465	1.436	1.643	1.323	1.632	1.674	1.989	1.687		
1272	1.315	1.436	1.48	1.437	2.471	1.728	1.672	1.959	2.029	2.167	2	2.106	1.465	1.435	1.643	1.329	1.632	1.673	1.989	1.687		
1273	1.314	1.433	1.479	1.436	2.469	1.727	1.671	1.958	2.029	2.167	2	2.106	1.464	1.435	1.642	1.33	1.631	1.673	1.989	1.686		
1274	1.314	1.438	1.478	1.435	2.468	1.726	1.67	1.956	2.028	2.166	1.999	2.105	1.464	1.434	1.642	1.328	1.631	1.673	1.989	1.686		
1275	1.313	1.441	1.477	1.435	2.467	1.725	1.669	1.955	2.028	2.165	1.999	2.105	1.464	1.434	1.642	1.325	1.631	1.673	1.989	1.686		
1276	1.312	1.439	1.476	1.434	2.466	1.724	1.668	1.954	2.028	2.165	1.998	2.104	1.463	1.433	1.642	1.32	1.631	1.673	1.989	1.686		
1277	1.312	1.437	1.475	1.433	2.465	1.723	1.667	1.952	2.028	2.164	1.998	2.104	1.463	1.433	1.642	1.321	1.631	1.673	1.989	1.685		
1278	1.311	1.432	1.474	1.432	2.464	1.721	1.666	1.951	2.027	2.163	1.997	2.104	1.463	1.433	1.642	1.326	1.631	1.673	1.989	1.685		
1279	1.311	1.428	1.473	1.431	2.462	1.72	1.666	1.95	2.027	2.163	1.997	2.103	1.463	1.432	1.642	1.328	1.631	1.673	1.99	1.685		
1280	1.31	1.432	1.473	1.43	2.461	1.719	1.665	1.948	2.027	2.162	1.996	2.102	1.462	1.432	1.642	1.326	1.631	1.672	1.99	1.684		
1281	1.309	1.436	1.472	1.429	2.46	1.718	1.664	1.947	2.027	2.162	1.996	2.102	1.462	1.431	1.641	1.323	1.63	1.672	1.989	1.684		
1282	1.309	1.435	1.471	1.429	2.459	1.718	1.663	1.945	2.026	2.162	1.995	2.102	1.462	1.431	1.642	1.318	1.63	1.672	1.99	1.684		
1283	1.308	1.432	1.47	1.428	2.457	1.717	1.662	1.944	2.026	2.161	1.995	2.101	1.461	1.43	1.641	1.318	1.63	1.672	1.99	1.684		
1284	1.307	1.427	1.469	1.427	2.456	1.715	1.661	1.943	2.026	2.161	1.994	2.1	1.461	1.43	1.641	1.323	1.63	1.672	1.99	1.683		
1285	1.309	1.423	1.468	1.426	2.455	1.714	1.66	1.941	2.026	2.16	1.994	2.1	1.461	1.429	1.641	1.326	1.63	1.672	1.99	1.683		
1286	1.302	1.427	1.467	1.425	2.454	1.713	1.66	1.94	2.026	2.16	1.993	2.1	1.46	1.429	1.641	1.324	1.63	1.672	1.99	1.683		
1287	1.3	1.431	1.466	1.424	2.438	1.712	1.659	1.938	2.025	2.159	1.993	2.099	1.46	1.428	1.641	1.32	1.629	1.672	1.99	1.683		
1288	1.305	1.424	1.465	1.424	2.446	1.712	1.658	1.937	2.025	2.159	1.992	2.098	1.46	1.428	1.641	1.315	1.629	1.672	1.99	1.682		
1289	1.31	1.423	1.464	1.423	2.444	1.711	1.657	1.936	2.025	2.158	1.991	2.097	1.459	1.427	1.641	1.315	1.629	1.672	1.99	1.682		
1290	1.312	1.422	1.463	1.422	2.443	1.709	1.656	1.934	2.024	2.157	1.991	2.096	1.459	1.427	1.64	1.321	1.629	1.671	1.99	1.682		
1291	1.306	1.421	1.462	1.421	2.442	1.708	1.655	1.933	2.024	2.157	1.991	2.096	1.459	1.426	1.64	1.323	1.629	1.671	1.99	1.682		
1292	1.298	1.421	1.461	1.42	2.44	1.707	1.654	1.932	2.024	2.156	1.99	2.095	1.458	1.426	1.64	1.321	1.629	1.671	1.99	1.681		
1293	1.297	1.42	1.46	1.42	2.439	1.706	1.654	1.93	2.024	2.15	1.99	2.094	1.458	1.425	1.64	1.318	1.629	1.671	1.99	1.681		
1294	1.301	1.419	1.459	1.419	2.438	1.705	1.653	1.929	2.023	2.148	1.99	2.098	1.458	1.425	1.64	1.313	1.628	1.671	1.99	1.681		
1295	1.307	1.418	1.459	1.418	2.436	1.704	1.652	1.928	2.023	2.148	1.989	2.097	1.458	1.424	1.64	1.313	1.628	1.671	1.99	1.681		
1296	1.309	1.417	1.458	1.417	2.434	1.703	1.651	1.926	2.023	2.147	1.988	2.096	1.457	1.424	1.639	1.319	1.628	1.67	1.99	1.68		
1297	1.302	1.416	1.457	1.416	2.433	1.702	1.65	1.925	2.022	2.147	1.988	2.095	1.457	1.423	1.639	1.321	1.628	1.67	1.99	1.68		
1298	1.295	1.416	1.456	1.415	2.432	1.701	1.65	1.924	2.022	2.146	1.987	2.094	1.457	1.423	1.639	1.319	1.628	1.67	1.99	1.679		
1299	1.293	1.415	1.455	1.415	2.43	1.7	1.649	1.923	2.022	2.145	1.987	2.094	1.457	1.422	1.639	1.316	1.628	1.67	1.99	1.679		
1300	1.297	1.414	1.454	1.414	2.429	1.699	1.648	1.922	2.022	2.145	1.986	2.093	1.456	1.422	1.639	1.311	1.627	1.67	1.99	1.679		
1301	1.303	1.413	1.453	1.413	2.427	1.698	1.647	1.928	2.022	2.144	1.986	2.092	1.456	1.421	1.639	1.311	1.627	1.67	1.99	1.679		
1302	1.305	1.412	1.452	1.412	2.426	1.697	1.646	1.928	2.021	2.143	1.98	2.091	1.456	1.421	1.639	1.316	1.627	1.67	1.99	1.679		
1303	1.299	1.412	1.451	1.412	2.425	1.695	1.646	1.921	2.021	2.142	1.979	2.09	1.456	1.421	1.639	1.319	1.627	1.67	1.99	1.678		
1304	1.291	1.411	1.451	1.411	2.423	1.694	1.644	1.912	2.02	2.142	1.979	2.089	1.455	1.42	1.639	1.317	1.627	1.67	1.99	1.678		
1305	1.289	1.41	1.449	1.41	2.422	1.694	1.644	1.908	2.02	2.141	1.978	2.088	1.455	1.42	1.638	1.313	1.627	1.669	1.99	1.677		
1306	1.293	1.409	1.448	1.409	2.42	1.693	1.643	1.914	2.02	2.139	1.978	2.087	1.455	1.419	1.638	1.308	1.626	1.669	1.99	1.677		
1307	1.3	1.408	1.448	1.409	2.419	1.692	1.642	1.92	2.02	2.139	1.977	2.087	1.454	1.419	1.638	1.308	1.626	1.669	1.991	1.677		
1308	1.302	1.408	1.447	1.408	2.417	1.691	1.641	1.92	2.023	2.138	1.977	2.086	1.454	1.418	1.638	1.314	1.626	1.669	1.991	1.677		
1309	1.296	1.407	1.446	1.407	2.416	1.689	1.64	1.914	2.018	2.138	1.976	2.085	1.453	1.418	1.638	1.316	1.626	1.669	1.991	1.676		
1310	1.288	1.406	1.445	1.406	2.414	1.689	1.64	1.905	2.022	2.137	1.975	2.084	1.453	1.417	1.638	1.315	1.626	1.669	1.991	1.676		
1311	1.286	1.405	1.444	1.406	2.412	1.688	1.639	1.9	2.027	2.136	1.975	2.083	1.453	1.417	1.638	1.311	1.626	1.669	1.991	1.676		
1312	1.29	1.404	1.443	1.405	2.411	1.687	1.638	1.906	2.026	2.134	1.974	2.082	1.453	1.416	1.638	1.306	1.626	1.669	1.991	1.676		
1313	1.296	1.404	1.442	1.404	2.409	1.686	1.637	1.913	2.024	2.133	1.974	2.081	1.452	1.416	1.637	1.306	1.626	1.668	1.991	1.675		
1314	1.298	1.403	1.441	1.403	2.408	1.684	1.636	1.913	2.021	2.133	1.973	2.08	1.452	1.415	1.637	1.311	1.625	1.668	1.991	1.675		
1315	1.293	1.402	1.44	1.402	2.406	1.684	1.636	1.907	2.017	2.132	1.973	2.08	1.452	1.415	1.637	1.312	1.625	1.668	1.991	1.675		
1316	1.284	1.401	1.44	1.402	2.405	1.682	1.635	1.897	2.02	2.131	1.973	2.079	1.451	1.414	1.637	1.311	1.625	1.668	1.991	1.675		
1317	1.283	1.4	1.439	1.401	2.403	1.681	1.634	1.893	2.025	2.129	1.972	2.078	1.451	1.414	1.637	1.31	1.625	1.668	1.991	1.674		
1318	1.287	1.4	1.438	1.4	2.401	1.681	1.633	1.898	2.024	2.128	1.971	2.077	1.451	1.413	1.637	1.308	1.625	1.668	1.991	1.674		
1319	1.293	1.399	1.437	1.399	2.4	1.68	1.632	1.905	2.023	2.127	1.971	2.076	1.45	1.413	1.637	1.307	1.625	1.668	1.991	1.674		
1320	1.295	1.398	1.436	1.399	2.398	1.679	1.632	1.905	2.019	2.126	1.97	2.075	1.45	1.413	1.637	1.309	1.624	1.667	1.991	1.674		
1321	1.289	1.397	1.435	1.398	2.397	1.678	1.631	1.899	2.015	2.125	1.969	2.074	1.45	1.412	1.636	1.309	1.624	1.667	1.991	1.673		
1322	1.281	1.396	1.434	1.397	2.395	1.677	1.63	1.89	2.019	2.124	1.969	2.073	1.45	1.412	1.636	1.309	1.624	1.667	1.991	1.673		
1323	1.279	1.396	1.434	1.397	2.393	1.676	1.629	1.885	2.024	2.122	1.969	2.073	1.449	1.411	1.636	1.308	1.624	1.667	1.991	1.673		
1324	1.283	1.395	1.433	1.396	2.392	1.675	1.629	1.891	2.022	2.121	1.968	2.071	1.449	1.411	1.636	1.306	1.624	1.667	1.991	1.673		
1325	1.289	1.394	1.432	1.395	2.39	1.674	1.628	1.897	2.021	2.12	1.967	2.071	1.448	1.41	1.636	1.305	1.624	1.667	1.991	1.673		
1326	1.292	1.393	1.431	1.394	2.388	1.676	1.627	1.898	2.017	2.119	1.967	2.07	1.448	1.41	1.636	1.307	1.623	1.667	1.991	1.672		
1327	1.286	1.392	1.43	1.394	2.387	1.675	1.626	1.892	2.013	2.118	1.966	2.069	1.448	1.409	1.636	1.307	1.623	1.667	1.991	1.672		
1328	1.278	1.392	1.429	1.393	2.385	1.675	1.625	1.883	2.017	2.116	1.965	2.069	1.448	1.409	1.635	1.307	1.623	1.667	1.992	1.672		
1329	1.276	1.391	1.428	1.392	2.384	1.674	1.625	1.878	2.022	2.115	1.965	2.068	1.447	1.408	1.635	1.306	1.623	1.667	1.991	1.671		
1330	1.28	1.39	1.427	1.391	2.382	1.673	1.624	1.883	2.021	2.113	1.964	2.067	1.447	1.408	1.635	1.304	1.623	1.666	1.992	1.671		
1331	1.286	1.389	1.427	1.391	2.38	1.672	1.623	1.891	2.019	2.112	1.964	2.066	1.447	1.407	1.635	1.303	1.623	1.666	1.992	1.671		
1332	1.288	1.389	1.426	1.39	2.378	1.671	1.622	1.891	2.015	2.111	1.963	2.065	1.446	1.407	1.635	1.305	1.623	1.666	1.992	1.671		
1333	1.283	1.388	1.425	1.389	2.377	1.67	1.622	1.885	2.012	2.109	1.963	2.065	1.446	1.406	1.635	1.306	1.623	1.666	1.992	1.67		
1334	1.275	1.387	1.424	1.389	2.375	1.669	1.621	1.876	2.015	2.108	1.962	2.064	1.446	1.406	1.635	1.305	1.622	1.666	1.992	1.67		
1335	1.272	1.386	1.423	1.388	2.374	1.668	1.62	1.871	2.02	2.106	1.961	2.063	1.446	1.406	1.635	1.304	1.622	1.666	1.992	1.67		
1336	1.276	1.386	1.422	1.387	2.372	1.667	1.619	1.876	2.019	2.104	1.96	2.062	1.445	1.405	1.634	1.302	1.622	1.666	1.992	1.67		
1337	1.282	1.385	1.421	1.386	2.37	1.666	1.618	1.883	2.018	2.103	1.96	2.062	1.445	1.405	1.634	1.301	1.622	1.666	1.992	1.669		
1338	1.285	1.384	1.42	1.386	2.368	1.665	1.617	1.884	2.013	2.101	1.96	2.061	1.445	1.404	1.634	1.303	1.622	1.665	1.992	1.669		
1339	1.28	1.383	1.42	1.385	2.367	1.664	1.617	1.878	2.01	2.1	1.959	2.06	1.445	1.404	1.634	1.304	1.622	1.665	1.992	1.669		
1340	1.272	1.383	1.419	1.385	2.365	1.663	1.616	1.869	2.013	2.099	1.959	2.059	1.444	1.403	1.634	1.303	1.621	1.665	1.992	1.669		
1341	1.269	1.382	1.418	1.384	2.363	1.663	1.615	1.864	2.018	2.097	1.958	2.059	1.444	1.403	1.634	1.302	1.621	1.665	1.992	1.668		
1342	1.273	1.381	1.417	1.383	2.362	1.662	1.615	1.869	2.017	2.096	1.957	2.058	1.443	1.402	1.634	1.3	1.621	1.665	1.992	1.668		
1343	1.279	1.38	1.416	1.382	2.36	1.661	1.614	1.876	2.016	2.094	1.956	2.057	1.443	1.402	1.634	1.299	1.621	1.665	1.992	1.668		
1344	1.282	1.38	1.415	1.381	2.358	1.66	1.613	1.877	2.012	2.093	1.956	2.057	1.443	1.401	1.633	1.302	1.621	1.665	1.992	1.667		
1345	1.276	1.379	1.415	1.381	2.356	1.659	1.612	1.871	2.008	2.092	1.955	2.056	1.443	1.401	1.633	1.302	1.621	1.665	1.992	1.667		
1346	1.272	1.378	1.414	1.38	2.355	1.658	1.612	1.862	2.012	2.09	1.955	2.055	1.442	1.4	1.633	1.301	1.621	1.665	1.992	1.667		
1347	1.272	1.377	1.413	1.379	2.353	1.657	1.611	1.857	2.016	2.089	1.954	2.054	1.442	1.4	1.633	1.3	1.62	1.664	1.992	1.667		
1348	1.271	1.377	1.412	1.378	2.351	1.656	1.61	1.862	2.015	2.088	1.954	2.054	1.441	1.4	1.633	1.298	1.62	1.664	1.992	1.667		
1349	1.271	1.376	1.411	1.378	2.349	1.655	1.61	1.869	2.014	2.086	1.953	2.053	1.441	1.399	1.633	1.298	1.62	1.664	1.992	1.666		
1350	1.27	1.375	1.41	1.377	2.347	1.655	1.609	1.87	2.01	2.085	1.952	2.052	1.441	1.398	1.632	1.299	1.62	1.664	1.992	1.666		
1351	1.27	1.374	1.41	1.376	2.351	1.654	1.608	1.865	2.006	2.084	1.952	2.052	1.441	1.398	1.632	1.3	1.62	1.664	1.992	1.666		
1352	1.269	1.372	1.409	1.376	2.349	1.653	1.607	1.856	2.009	2.082	1.951	2.051	1.44	1.398	1.632	1.299	1.62	1.664	1.992	1.665		
1353	1.269	1.379	1.408	1.375	2.347	1.652	1.606	1.85	2.015	2.08	1.951	2.05	1.44	1.397	1.632	1.299	1.619	1.663	1.993	1.665		
1354	1.268	1.38	1.407	1.374	2.345	1.651	1.606	1.854	2.013	2.079	1.95	2.05	1.44	1.397	1.632	1.297	1.619	1.664	1.993	1.665		
1355	1.267	1.376	1.406	1.374	2.343	1.65	1.605	1.862	2.012	2.077	1.949	2.045	1.439	1.396	1.632	1.296	1.619	1.663	1.993	1.665		
1356	1.267	1.369	1.405	1.373	2.341	1.649	1.604	1.863	2.008	2.081	1.949	2.044	1.439	1.396	1.632	1.298	1.619	1.663	1.993	1.664		
1357	1.267	1.364	1.405	1.372	2.34	1.648	1.604	1.858	2.004	2.079	1.948	2.043	1.439	1.395	1.632	1.299	1.619	1.663	1.993	1.664		
1358	1.266	1.368	1.404	1.371	2.338	1.648	1.603	1.849	2.008	2.078	1.947	2.042	1.438	1.395	1.631	1.298	1.619	1.663	1.993	1.664		
1359	1.265	1.374	1.403	1.371	2.336	1.647	1.602	1.843	2.013	2.077	1.947	2.042	1.438	1.394	1.631	1.297	1.618	1.663	1.993	1.664		
1360	1.265	1.376	1.402	1.37	2.334	1.646	1.602	1.849	2.011	2.075	1.946	2.041	1.438	1.393	1.631	1.295	1.618	1.663	1.993	1.663		
1361	1.264	1.372	1.401	1.369	2.333	1.645	1.601	1.847	2.011	2.074	1.945	2.04	1.437	1.393	1.631	1.294	1.618	1.663	1.993	1.663		
1362	1.264	1.365	1.401	1.369	2.331	1.644	1.6	1.847	2.007	2.072	1.945	2.04	1.437	1.392	1.631	1.296	1.618	1.662	1.993	1.663		
1363	1.263	1.36	1.4	1.368	2.329	1.643	1.6	1.845	2.003	2.07	1.944	2.039	1.437	1.392	1.631	1.297	1.618	1.662	1.993	1.663		
1364	1.263	1.363	1.399	1.367	2.327	1.642	1.599	1.844	2.007	2.069	1.943	2.039	1.436	1.391	1.631	1.296	1.618	1.662	1.993	1.662		
1365	1.263	1.37	1.398	1.367	2.325	1.641	1.598	1.844	2.011	2.067	1.948	2.038	1.436	1.391	1.63	1.296	1.618	1.662	1.993	1.662		
1366	1.262	1.372	1.397	1.366	2.323	1.64	1.597	1.842	2.01	2.066	1.947	2.037	1.436	1.39	1.631	1.294	1.618	1.662	1.993	1.662		
1367	1.261	1.368	1.397	1.365	2.321	1.64	1.597	1.842	2.009	2.065	1.947	2.036	1.436	1.39	1.63	1.293	1.617	1.662	1.993	1.662		
1368	1.261	1.361	1.396	1.364	2.32	1.639	1.596	1.84	2.005	2.063	1.946	2.036	1.435	1.389	1.63	1.295	1.617	1.662	1.993	1.662		
1369	1.26	1.356	1.395	1.364	2.318	1.638	1.595	1.839	2.002	2.062	1.945	2.035	1.435	1.389	1.63	1.296	1.617	1.662	1.993	1.661		
1370	1.26	1.359	1.394	1.363	2.316	1.637	1.595	1.838	2.002	2.06	1.945	2.034	1.434	1.388	1.63	1.295	1.617	1.662	1.993	1.661		
1371	1.259	1.366	1.394	1.362	2.314	1.636	1.594	1.837	2.002	2.059	1.944	2.034	1.434	1.388	1.63	1.295	1.617	1.661	1.993	1.661		
1372	1.259	1.368	1.393	1.362	2.312	1.635	1.593	1.836	2.001	2.057	1.943	2.033	1.434	1.387	1.63	1.292	1.617	1.661	1.993	1.661		
1373	1.258	1.364	1.392	1.361	2.31	1.635	1.592	1.835	2.001	2.056	1.943	2.032	1.434	1.387	1.629	1.292	1.617	1.661	1.993	1.66		
1374	1.258	1.357	1.391	1.36	2.308	1.634	1.592	1.834	2	2.054	1.942	2.031	1.433	1.386	1.629	1.293	1.616	1.661	1.994	1.66		
1375	1.257	1.352	1.39	1.36	2.307	1.633	1.591	1.833	2	2.053	1.942	2.03	1.433	1.386	1.629	1.295	1.616	1.661	1.994	1.66		
1376	1.257	1.355	1.39	1.359	2.305	1.632	1.59	1.832	1.999	2.051	1.941	2.03	1.433	1.385	1.629	1.294	1.616	1.661	1.994	1.66		
1377	1.256	1.361	1.389	1.358	2.303	1.631	1.589	1.83	1.999	2.05	1.94	2.029	1.433	1.385	1.629	1.293	1.616	1.661	1.994	1.66		
1378	1.256	1.364	1.388	1.358	2.301	1.63	1.589	1.829	1.999	2.049	1.939	2.028	1.432	1.384	1.629	1.293	1.616	1.661	1.994	1.659		
1379	1.255	1.36	1.387	1.357	2.299	1.63	1.588	1.828	1.999	2.047	1.939	2.027	1.432	1.383	1.628	1.293	1.616	1.66	1.994	1.659		
1380	1.255	1.352	1.387	1.356	2.297	1.629	1.587	1.827	1.998	2.046	1.939	2.026	1.431	1.383	1.628	1.292	1.616	1.66	1.994	1.659		
1381	1.254	1.348	1.386	1.356	2.295	1.628	1.587	1.826	1.998	2.045	1.938	2.026	1.431	1.383	1.628	1.292	1.615	1.66	1.994	1.659		
1382	1.254	1.35	1.385	1.355	2.293	1.627	1.586	1.825	1.998	2.043	1.937	2.025	1.431	1.382	1.628	1.292	1.615	1.66	1.994	1.659		
1383	1.253	1.357	1.384	1.355	2.292	1.626	1.585	1.824	1.998	2.042	1.936	2.024	1.431	1.381	1.628	1.292	1.615	1.66	1.994	1.658		
1384	1.253	1.36	1.384	1.354	2.29	1.625	1.585	1.823	1.997	2.04	1.936	2.023	1.43	1.381	1.628	1.291	1.615	1.66	1.994	1.658		
1385	1.252	1.356	1.383	1.353	2.288	1.625	1.584	1.822	1.997	2.039	1.935	2.022	1.43	1.38	1.628	1.291	1.615	1.66	1.994	1.658		
1386	1.252	1.349	1.382	1.353	2.286	1.624	1.583	1.821	1.997	2.036	1.934	2.021	1.43	1.38	1.628	1.291	1.615	1.66	1.994	1.658		
1387	1.251	1.344	1.382	1.352	2.284	1.623	1.583	1.82	1.997	2.035	1.933	2.02	1.429	1.379	1.627	1.291	1.615	1.659	1.994	1.658		
1388	1.251	1.346	1.381	1.351	2.282	1.622	1.582	1.819	1.997	2.034	1.933	2.019	1.429	1.379	1.627	1.291	1.614	1.659	1.994	1.657		
1389	1.25	1.353	1.38	1.351	2.28	1.621	1.581	1.818	1.996	2.032	1.932	2.018	1.429	1.378	1.627	1.291	1.614	1.659	1.994	1.657		
1390	1.25	1.356	1.379	1.35	2.278	1.621	1.581	1.817	1.996	2.031	1.931	2.018	1.428	1.378	1.627	1.29	1.614	1.659	1.994	1.657		
1391	1.249	1.352	1.378	1.349	2.277	1.62	1.58	1.816	1.995	2.029	1.93	2.017	1.428	1.377	1.627	1.29	1.614	1.659	1.994	1.657		
1392	1.249	1.345	1.378	1.348	2.275	1.619	1.579	1.815	1.996	2.028	1.93	2.015	1.428	1.376	1.627	1.29	1.614	1.659	1.994	1.657		
1393	1.248	1.34	1.377	1.348	2.273	1.618	1.579	1.814	1.995	2.027	1.929	2.015	1.427	1.376	1.627	1.29	1.614	1.659	1.994	1.656		
1394	1.248	1.342	1.376	1.347	2.271	1.617	1.578	1.813	1.995	2.025	1.928	2.014	1.427	1.375	1.626	1.29	1.614	1.659	1.994	1.656		
1395	1.248	1.349	1.375	1.347	2.269	1.616	1.577	1.812	1.994	2.024	1.927	2.013	1.427	1.375	1.626	1.289	1.613	1.658	1.994	1.656		
1396	1.247	1.352	1.375	1.346	2.267	1.616	1.576	1.811	1.994	2.022	1.927	2.012	1.426	1.374	1.626	1.289	1.613	1.658	1.994	1.656		
1397	1.246	1.348	1.374	1.345	2.265	1.615	1.576	1.81	1.994	2.021	1.926	2.011	1.426	1.374	1.626	1.289	1.613	1.658	1.995	1.655		
1398	1.246	1.341	1.373	1.345	2.263	1.614	1.575	1.809	1.993	2.019	1.925	2.01	1.426	1.373	1.626	1.289	1.613	1.658	1.995	1.655		
1399	1.245	1.336	1.373	1.344	2.261	1.613	1.574	1.808	1.993	2.018	1.925	2.009	1.425	1.372	1.626	1.289	1.613	1.658	1.995	1.655		
1400	1.245	1.338	1.372	1.343	2.26	1.612	1.574	1.807	1.993	2.017	1.924	2.009	1.425	1.372	1.626	1.288	1.613	1.658	1.995	1.655		
1401	1.244	1.345	1.371	1.343	2.258	1.612	1.573	1.806	1.993	2.015	1.923	2.007	1.425	1.371	1.625	1.288	1.612	1.657	1.995	1.654		
1402	1.244	1.348	1.371	1.342	2.256	1.611	1.573	1.805	1.993	2.013	1.923	2.006	1.424	1.371	1.625	1.288	1.612	1.657	1.995	1.654		
1403	1.244	1.345	1.37	1.342	2.254	1.61	1.572	1.804	1.992	2.012	1.922	2.005	1.424	1.37	1.625	1.288	1.612	1.657	1.995	1.654		
1404	1.243	1.338	1.369	1.341	2.252	1.609	1.571	1.802	1.992	2.01	1.921	2.004	1.424	1.37	1.625	1.288	1.612	1.657	1.995	1.654		
1405	1.242	1.332	1.368	1.34	2.25	1.608	1.571	1.802	1.991	2.009	1.921	2.004	1.423	1.369	1.625	1.288	1.612	1.657	1.995	1.653		
1406	1.242	1.334	1.367	1.34	2.248	1.607	1.57	1.801	1.991	2.008	1.92	2.002	1.423	1.369	1.625	1.287	1.612	1.657	1.995	1.653		
1407	1.242	1.341	1.367	1.339	2.246	1.607	1.569	1.8	1.99	2.005	1.919	2.002	1.423	1.368	1.624	1.287	1.611	1.657	1.995	1.653		
1408	1.241	1.344	1.366	1.338	2.245	1.606	1.569	1.798	1.99	2.004	1.919	2.001	1.422	1.368	1.624	1.287	1.611	1.656	1.995	1.653		
1409	1.244	1.341	1.365	1.338	2.243	1.605	1.568	1.797	1.989	2.003	1.918	2	1.422	1.367	1.624	1.287	1.611	1.657	1.995	1.653		
1410	1.248	1.334	1.365	1.337	2.241	1.604	1.567	1.796	1.989	2.001	1.917	1.999	1.422	1.366	1.624	1.287	1.611	1.656	1.995	1.653		
1411	1.244	1.329	1.364	1.337	2.234	1.603	1.567	1.796	1.989	2	1.916	1.998	1.421	1.366	1.624	1.287	1.611	1.656	1.995	1.652		
1412	1.237	1.334	1.363	1.336	2.233	1.602	1.566	1.795	1.989	1.998	1.916	1.997	1.421	1.365	1.624	1.286	1.611	1.656	1.995	1.652		
1413	1.233	1.333	1.363	1.335	2.231	1.602	1.566	1.793	1.988	1.996	1.915	1.996	1.421	1.365	1.623	1.286	1.611	1.656	1.995	1.652		
1414	1.235	1.332	1.362	1.335	2.229	1.601	1.565	1.793	1.988	1.994	1.914	1.995	1.42	1.364	1.623	1.286	1.611	1.656	1.995	1.652		
1415	1.241	1.332	1.361	1.334	2.227	1.6	1.564	1.792	1.987	1.992	1.914	1.994	1.42	1.364	1.623	1.286	1.61	1.656	1.995	1.652		
1416	1.245	1.331	1.361	1.334	2.225	1.599	1.564	1.791	1.986	1.991	1.913	1.994	1.42	1.363	1.623	1.286	1.61	1.655	1.995	1.651		
1417	1.242	1.33	1.36	1.333	2.223	1.599	1.563	1.79	1.986	1.983	1.912	1.993	1.42	1.363	1.623	1.286	1.61	1.655	1.995	1.651		
1418	1.234	1.33	1.359	1.332	2.221	1.598	1.562	1.789	1.985	1.982	1.912	1.996	1.419	1.362	1.623	1.286	1.61	1.655	1.995	1.651		
1419	1.23	1.329	1.358	1.332	2.219	1.597	1.562	1.788	1.985	1.981	1.911	1.995	1.419	1.362	1.623	1.285	1.61	1.655	1.995	1.651		
1420	1.232	1.329	1.358	1.331	2.218	1.596	1.561	1.786	1.984	1.979	1.911	1.994	1.419	1.362	1.623	1.285	1.61	1.655	1.996	1.651		
1421	1.238	1.328	1.357	1.33	2.216	1.595	1.56	1.786	1.984	1.978	1.91	1.994	1.418	1.361	1.622	1.285	1.61	1.655	1.996	1.651		
1422	1.242	1.327	1.356	1.33	2.214	1.595	1.56	1.785	1.983	1.975	1.909	1.993	1.418	1.36	1.622	1.285	1.609	1.655	1.996	1.651		
1423	1.239	1.327	1.356	1.329	2.212	1.594	1.559	1.784	1.982	1.974	1.908	1.992	1.417	1.36	1.622	1.285	1.609	1.654	1.996	1.65		
1424	1.232	1.326	1.355	1.328	2.21	1.593	1.559	1.783	1.982	1.972	1.908	1.991	1.417	1.36	1.622	1.285	1.609	1.654	1.996	1.65		
1425	1.228	1.326	1.354	1.328	2.208	1.592	1.558	1.776	1.981	1.971	1.907	1.99	1.417	1.359	1.622	1.284	1.609	1.654	1.996	1.65		
1426	1.23	1.325	1.354	1.327	2.206	1.592	1.557	1.777	1.98	1.969	1.901	1.989	1.416	1.358	1.621	1.284	1.609	1.654	1.996	1.65		
1427	1.235	1.324	1.353	1.327	2.204	1.591	1.556	1.784	1.98	1.968	1.9	1.988	1.416	1.358	1.621	1.284	1.609	1.654	1.996	1.65		
1428	1.24	1.324	1.352	1.326	2.203	1.59	1.556	1.788	1.979	1.966	1.9	1.988	1.416	1.357	1.621	1.284	1.608	1.654	1.996	1.649		
1429	1.237	1.323	1.351	1.325	2.2	1.589	1.555	1.785	1.978	1.965	1.899	1.987	1.415	1.357	1.621	1.284	1.608	1.654	1.996	1.649		
1430	1.229	1.323	1.351	1.325	2.199	1.589	1.555	1.777	1.977	1.963	1.898	1.986	1.415	1.356	1.621	1.284	1.608	1.654	1.996	1.649		
1431	1.225	1.322	1.35	1.324	2.197	1.588	1.554	1.77	1.976	1.961	1.898	1.985	1.415	1.356	1.621	1.284	1.608	1.653	1.996	1.649		
1432	1.227	1.321	1.349	1.324	2.195	1.587	1.554	1.771	1.981	1.959	1.897	1.984	1.414	1.355	1.621	1.283	1.608	1.653	1.996	1.649		
1433	1.233	1.321	1.349	1.323	2.193	1.586	1.553	1.778	1.98	1.957	1.896	1.983	1.414	1.355	1.62	1.283	1.608	1.653	1.996	1.648		
1434	1.237	1.32	1.348	1.322	2.191	1.585	1.552	1.782	1.98	1.955	1.895	1.983	1.414	1.354	1.62	1.283	1.608	1.653	1.996	1.648		
1435	1.234	1.32	1.347	1.322	2.19	1.585	1.552	1.779	1.979	1.953	1.894	1.982	1.413	1.354	1.62	1.283	1.608	1.653	1.996	1.648		
1436	1.227	1.319	1.347	1.321	2.188	1.584	1.551	1.772	1.978	1.952	1.894	1.981	1.413	1.353	1.62	1.283	1.607	1.652	1.996	1.648		
1437	1.222	1.318	1.346	1.321	2.186	1.583	1.55	1.765	1.978	1.95	1.893	1.981	1.413	1.353	1.62	1.283	1.607	1.652	1.996	1.647		
1438	1.224	1.318	1.345	1.32	2.184	1.582	1.55	1.765	1.977	1.949	1.893	1.98	1.412	1.352	1.619	1.283	1.607	1.652	1.996	1.647		
1439	1.23	1.317	1.345	1.319	2.182	1.581	1.549	1.772	1.976	1.947	1.892	1.979	1.412	1.352	1.619	1.282	1.607	1.652	1.996	1.647		
1440	1.234	1.316	1.344	1.319	2.18	1.581	1.549	1.777	1.975	1.945	1.891	1.978	1.412	1.351	1.619	1.282	1.607	1.652	1.996	1.647		
1441	1.232	1.316	1.343	1.318	2.179	1.58	1.548	1.774	1.975	1.944	1.89	1.977	1.411	1.351	1.619	1.282	1.607	1.652	1.996	1.647		
1442	1.224	1.315	1.343	1.318	2.177	1.579	1.548	1.766	1.974	1.942	1.889	1.977	1.411	1.35	1.619	1.282	1.606	1.652	1.996	1.647		
1443	1.22	1.315	1.342	1.317	2.175	1.578	1.547	1.759	1.973	1.94	1.889	1.976	1.411	1.35	1.619	1.282	1.606	1.652	1.996	1.647		
1444	1.222	1.314	1.342	1.316	2.173	1.578	1.546	1.759	1.972	1.939	1.888	1.975	1.411	1.349	1.618	1.282	1.606	1.652	1.996	1.646		
1445	1.227	1.314	1.341	1.316	2.171	1.577	1.546	1.767	1.972	1.937	1.888	1.974	1.41	1.349	1.618	1.282	1.606	1.651	1.996	1.646		
1446	1.232	1.313	1.34	1.315	2.169	1.576	1.545	1.771	1.971	1.935	1.887	1.974	1.41	1.348	1.618	1.281	1.606	1.651	1.997	1.646		
1447	1.229	1.313	1.339	1.315	2.167	1.575	1.545	1.768	1.97	1.934	1.886	1.973	1.41	1.348	1.618	1.281	1.606	1.651	1.997	1.646		
1448	1.221	1.312	1.339	1.314	2.166	1.574	1.544	1.761	1.97	1.932	1.885	1.972	1.409	1.348	1.618	1.281	1.606	1.651	1.997	1.646		
1449	1.217	1.311	1.338	1.314	2.164	1.574	1.543	1.754	1.969	1.93	1.885	1.971	1.409	1.347	1.618	1.281	1.605	1.651	1.997	1.646		
1450	1.217	1.311	1.338	1.313	2.162	1.573	1.543	1.754	1.969	1.928	1.884	1.97	1.409	1.347	1.618	1.281	1.605	1.651	1.997	1.645		
1451	1.223	1.31	1.337	1.312	2.16	1.572	1.542	1.761	1.967	1.927	1.883	1.97	1.408	1.346	1.617	1.281	1.605	1.651	1.997	1.645		
1452	1.228	1.31	1.336	1.312	2.158	1.571	1.541	1.765	1.967	1.925	1.883	1.969	1.408	1.346	1.617	1.281	1.605	1.65	1.997	1.645		
1453	1.225	1.309	1.336	1.311	2.156	1.571	1.541	1.763	1.967	1.924	1.882	1.968	1.408	1.345	1.617	1.28	1.605	1.65	1.997	1.645		
1454	1.217	1.308	1.335	1.311	2.155	1.57	1.54	1.755	1.966	1.922	1.881	1.967	1.408	1.345	1.617	1.28	1.605	1.65	1.997	1.644		
1455	1.212	1.308	1.334	1.31	2.153	1.569	1.54	1.748	1.965	1.92	1.881	1.967	1.407	1.344	1.617	1.28	1.605	1.65	1.997	1.644		
1456	1.214	1.307	1.334	1.309	2.151	1.568	1.539	1.748	1.965	1.919	1.879	1.966	1.407	1.344	1.617	1.28	1.604	1.65	1.997	1.644		
1457	1.22	1.307	1.333	1.309	2.149	1.568	1.538	1.755	1.964	1.917	1.879	1.965	1.407	1.343	1.616	1.28	1.604	1.65	1.997	1.644		
1458	1.223	1.306	1.333	1.308	2.147	1.567	1.538	1.76	1.964	1.915	1.879	1.965	1.406	1.343	1.616	1.28	1.604	1.65	1.997	1.644		
1459	1.219	1.306	1.332	1.308	2.145	1.566	1.537	1.758	1.964	1.914	1.878	1.964	1.406	1.342	1.616	1.279	1.604	1.649	1.997	1.644		
1460	1.21	1.305	1.331	1.307	2.144	1.565	1.537	1.751	1.963	1.912	1.876	1.964	1.406	1.342	1.616	1.28	1.604	1.65	1.997	1.643		
1461	1.202	1.305	1.331	1.306	2.142	1.565	1.536	1.743	1.962	1.91	1.876	1.963	1.405	1.342	1.616	1.279	1.604	1.649	1.997	1.643		
1462	1.201	1.304	1.33	1.306	2.14	1.564	1.535	1.742	1.962	1.909	1.875	1.962	1.405	1.341	1.615	1.279	1.603	1.649	1.997	1.643		
1463	1.204	1.303	1.329	1.305	2.138	1.563	1.535	1.75	1.961	1.907	1.874	1.961	1.405	1.341	1.615	1.279	1.604	1.649	1.997	1.643		
1464	1.206	1.303	1.329	1.305	2.136	1.562	1.534	1.754	1.961	1.906	1.873	1.961	1.404	1.34	1.615	1.279	1.603	1.649	1.997	1.643		
1465	1.2	1.302	1.328	1.304	2.135	1.561	1.534	1.752	1.96	1.904	1.873	1.96	1.404	1.34	1.615	1.279	1.603	1.649	1.997	1.643		
1466	1.19	1.302	1.328	1.304	2.133	1.561	1.533	1.745	1.96	1.903	1.871	1.959	1.404	1.34	1.615	1.279	1.603	1.649	1.997	1.643		
1467	1.181	1.301	1.327	1.303	2.131	1.56	1.533	1.738	1.959	1.901	1.871	1.959	1.404	1.339	1.615	1.278	1.603	1.648	1.997	1.642		
1468	1.179	1.301	1.327	1.303	2.129	1.559	1.532	1.737	1.959	1.9	1.87	1.958	1.403	1.338	1.614	1.278	1.603	1.648	1.997	1.642		
1469	1.181	1.3	1.326	1.302	2.127	1.558	1.532	1.744	1.958	1.899	1.87	1.957	1.403	1.338	1.614	1.278	1.602	1.648	1.997	1.642		
1470	1.175	1.299	1.325	1.301	2.125	1.558	1.531	1.749	1.958	1.897	1.869	1.956	1.403	1.338	1.614	1.278	1.602	1.648	1.998	1.642		
1471	1.171	1.299	1.325	1.301	2.124	1.557	1.53	1.747	1.957	1.895	1.868	1.956	1.402	1.337	1.614	1.278	1.602	1.648	1.998	1.642		
1472	1.166	1.298	1.324	1.3	2.122	1.556	1.53	1.74	1.957	1.894	1.867	1.955	1.402	1.337	1.614	1.278	1.602	1.648	1.998	1.642		
1473	1.162	1.297	1.323	1.3	2.12	1.556	1.529	1.732	1.956	1.892	1.866	1.955	1.402	1.337	1.614	1.278	1.602	1.648	1.997	1.641		
1474	1.158	1.297	1.323	1.299	2.118	1.555	1.529	1.731	1.956	1.891	1.866	1.954	1.401	1.336	1.613	1.278	1.602	1.648	1.998	1.641		
1475	1.154	1.297	1.322	1.298	2.121	1.554	1.528	1.738	1.955	1.89	1.866	1.953	1.401	1.336	1.613	1.277	1.602	1.648	1.998	1.641		
1476	1.15	1.299	1.321	1.298	2.119	1.553	1.527	1.743	1.955	1.888	1.865	1.953	1.401	1.335	1.613	1.277	1.601	1.647	1.998	1.641		
1477	1.146	1.299	1.321	1.298	2.117	1.553	1.527	1.742	1.954	1.886	1.864	1.952	1.401	1.335	1.613	1.277	1.601	1.647	1.998	1.641		
1478	1.142	1.298	1.32	1.297	2.115	1.552	1.526	1.735	1.954	1.884	1.863	1.952	1.4	1.334	1.612	1.277	1.601	1.647	1.998	1.641		
1479	1.137	1.297	1.32	1.296	2.114	1.551	1.526	1.728	1.954	1.883	1.862	1.947	1.4	1.334	1.612	1.277	1.601	1.647	1.998	1.64		
1480	1.133	1.297	1.319	1.296	2.112	1.55	1.525	1.726	1.953	1.887	1.862	1.946	1.399	1.334	1.612	1.277	1.601	1.647	1.998	1.64		
1481	1.129	1.296	1.319	1.295	2.111	1.549	1.525	1.733	1.952	1.885	1.861	1.945	1.399	1.333	1.612	1.276	1.601	1.647	1.998	1.64		
1482	1.124	1.296	1.318	1.295	2.109	1.549	1.524	1.738	1.952	1.884	1.86	1.945	1.399	1.333	1.612	1.276	1.6	1.647	1.998	1.64		
1483	1.12	1.295	1.317	1.294	2.107	1.548	1.523	1.736	1.951	1.882	1.859	1.944	1.399	1.332	1.612	1.276	1.6	1.647	1.998	1.64		
1484	1.116	1.294	1.317	1.294	2.105	1.547	1.523	1.728	1.951	1.881	1.858	1.944	1.398	1.332	1.611	1.276	1.6	1.646	1.998	1.64		
1485	1.112	1.294	1.316	1.293	2.104	1.547	1.522	1.727	1.951	1.879	1.858	1.943	1.398	1.331	1.611	1.276	1.6	1.646	1.998	1.639		
1486	1.108	1.293	1.316	1.292	2.102	1.546	1.522	1.726	1.95	1.878	1.857	1.942	1.398	1.331	1.611	1.276	1.6	1.646	1.998	1.639		
1487	1.104	1.293	1.315	1.292	2.1	1.545	1.521	1.725	1.949	1.877	1.856	1.942	1.398	1.331	1.611	1.275	1.6	1.646	1.998	1.639		
1488	1.1	1.293	1.315	1.292	2.099	1.544	1.521	1.724	1.949	1.876	1.856	1.941	1.397	1.33	1.611	1.275	1.6	1.646	1.998	1.639		
1489	1.096	1.292	1.314	1.291	2.097	1.544	1.52	1.723	1.948	1.874	1.857	1.94	1.397	1.33	1.61	1.275	1.6	1.646	1.998	1.639		
1490	1.092	1.292	1.313	1.29	2.095	1.543	1.519	1.722	1.948	1.873	1.849	1.94	1.396	1.329	1.61	1.275	1.599	1.646	1.998	1.639		
1491	1.087	1.291	1.313	1.29	2.093	1.542	1.519	1.722	1.947	1.871	1.852	1.939	1.396	1.329	1.61	1.275	1.599	1.646	1.998	1.639		
1492	1.083	1.29	1.312	1.289	2.092	1.541	1.519	1.721	1.947	1.87	1.861	1.939	1.396	1.329	1.61	1.275	1.599	1.645	1.998	1.639		
1493	1.079	1.29	1.312	1.289	2.09	1.54	1.518	1.72	1.946	1.869	1.861	1.938	1.396	1.328	1.61	1.275	1.599	1.646	1.998	1.639		
1494	1.075	1.289	1.311	1.288	2.088	1.54	1.517	1.719	1.946	1.867	1.858	1.937	1.395	1.328	1.609	1.274	1.599	1.645	1.998	1.638		
1495	1.071	1.289	1.311	1.288	2.087	1.539	1.517	1.718	1.946	1.866	1.853	1.937	1.395	1.327	1.609	1.274	1.599	1.645	1.998	1.638		
1496	1.067	1.288	1.31	1.287	2.085	1.538	1.516	1.717	1.945	1.865	1.844	1.936	1.395	1.327	1.609	1.274	1.599	1.645	1.999	1.638		
1497	1.064	1.288	1.309	1.286	2.083	1.538	1.516	1.716	1.945	1.864	1.847	1.936	1.395	1.327	1.609	1.274	1.598	1.645	1.998	1.638		
1498	1.06	1.287	1.309	1.286	2.081	1.537	1.515	1.715	1.944	1.862	1.856	1.935	1.394	1.326	1.608	1.273	1.598	1.645	1.999	1.638		
1499	1.056	1.287	1.308	1.286	2.08	1.536	1.514	1.714	1.943	1.861	1.856	1.934	1.394	1.326	1.608	1.273	1.598	1.645	1.999	1.638		
1500	1.053	1.286	1.308	1.285	2.078	1.535	1.514	1.713	1.943	1.86	1.854	1.934	1.394	1.325	1.608	1.273	1.598	1.645	1.999	1.637		
1501	1.049	1.286	1.307	1.285	2.076	1.534	1.513	1.712	1.942	1.858	1.848	1.933	1.393	1.325	1.608	1.273	1.598	1.645	1.999	1.637		
1502	1.046	1.285	1.307	1.284	2.075	1.534	1.513	1.711	1.942	1.857	1.839	1.933	1.393	1.324	1.608	1.273	1.597	1.644	1.999	1.637		
1503	1.042	1.284	1.306	1.283	2.073	1.533	1.512	1.71	1.941	1.855	1.842	1.932	1.393	1.324	1.608	1.273	1.597	1.645	1.999	1.637		
1504	1.039	1.284	1.306	1.283	2.071	1.532	1.512	1.71	1.941	1.854	1.851	1.932	1.393	1.324	1.608	1.272	1.597	1.644	1.999	1.637		
1505	1.035	1.284	1.305	1.282	2.069	1.532	1.511	1.709	1.941	1.853	1.852	1.931	1.392	1.323	1.607	1.272	1.597	1.644	1.999	1.637		
1506	1.032	1.283	1.305	1.282	2.068	1.531	1.511	1.708	1.94	1.852	1.849	1.93	1.392	1.323	1.607	1.272	1.597	1.644	1.999	1.636		
1507	1.029	1.282	1.304	1.281	2.066	1.53	1.51	1.707	1.94	1.851	1.843	1.93	1.392	1.323	1.607	1.272	1.596	1.644	1.999	1.636		
1508	1.026	1.282	1.303	1.281	2.064	1.53	1.509	1.706	1.939	1.849	1.834	1.929	1.391	1.322	1.607	1.271	1.596	1.644	1.999	1.636		
1509	1.023	1.281	1.303	1.28	2.062	1.529	1.509	1.706	1.939	1.848	1.837	1.929	1.391	1.321	1.607	1.271	1.596	1.644	1.999	1.636		
1510	1.019	1.281	1.302	1.28	2.061	1.528	1.508	1.705	1.938	1.847	1.847	1.928	1.391	1.321	1.606	1.271	1.596	1.644	1.999	1.636		
1511	1.016	1.28	1.302	1.279	2.059	1.528	1.508	1.704	1.937	1.845	1.847	1.927	1.39	1.321	1.605	1.271	1.596	1.644	1.999	1.635		
1512	1.013	1.28	1.301	1.279	2.058	1.527	1.507	1.703	1.937	1.844	1.844	1.927	1.39	1.32	1.604	1.271	1.596	1.644	1.999	1.636		
1513	1.01	1.279	1.301	1.278	2.056	1.526	1.506	1.702	1.937	1.843	1.839	1.926	1.39	1.32	1.575	1.27	1.596	1.644	1.999	1.635		
1514	1.007	1.279	1.3	1.277	2.054	1.525	1.506	1.701	1.936	1.842	1.83	1.926	1.39	1.32	1.536	1.27	1.595	1.643	1.999	1.635		
1515	1.004	1.278	1.3	1.277	2.053	1.525	1.505	1.7	1.936	1.841	1.833	1.925	1.389	1.319	1.504	1.27	1.595	1.643	1.999	1.635		
1516	1	1.278	1.299	1.276	2.051	1.524	1.505	1.7	1.935	1.839	1.842	1.925	1.389	1.319	1.475	1.27	1.595	1.643	1.999	1.635		
1517	0.997	1.277	1.299	1.276	2.05	1.523	1.504	1.699	1.935	1.839	1.843	1.924	1.389	1.319	1.45	1.27	1.595	1.643	1.999	1.635		
1518	0.994	1.277	1.298	1.275	2.048	1.523	1.504	1.698	1.934	1.837	1.84	1.924	1.389	1.318	1.429	1.27	1.595	1.643	1.999	1.634		
1519	0.991	1.276	1.297	1.275	2.046	1.522	1.503	1.697	1.934	1.836	1.834	1.923	1.388	1.318	1.414	1.27	1.595	1.643	2	1.634		
1520	0.988	1.276	1.297	1.274	2.044	1.522	1.503	1.696	1.934	1.835	1.826	1.922	1.388	1.317	1.401	1.269	1.595	1.643	1.999	1.634		
1521	0.985	1.275	1.296	1.274	2.043	1.521	1.502	1.696	1.933	1.834	1.828	1.922	1.388	1.317	1.39	1.269	1.594	1.643	2	1.634		
1522	0.982	1.275	1.296	1.273	2.041	1.52	1.501	1.695	1.933	1.833	1.837	1.922	1.387	1.316	1.379	1.269	1.594	1.643	1.999	1.634		
1523	0.979	1.275	1.295	1.273	2.039	1.519	1.501	1.694	1.932	1.831	1.838	1.921	1.387	1.316	1.368	1.269	1.594	1.643	2	1.634		
1524	0.976	1.274	1.295	1.272	2.038	1.518	1.5	1.693	1.932	1.83	1.835	1.92	1.387	1.315	1.359	1.269	1.594	1.643	2	1.634		
1525	0.973	1.273	1.294	1.272	2.036	1.518	1.5	1.692	1.931	1.829	1.829	1.92	1.386	1.315	1.349	1.269	1.594	1.642	2	1.633		
1526	0.97	1.273	1.294	1.271	2.035	1.517	1.499	1.692	1.931	1.828	1.821	1.92	1.386	1.315	1.341	1.269	1.594	1.642	2	1.633		
1527	0.967	1.273	1.293	1.271	2.033	1.517	1.499	1.691	1.93	1.827	1.822	1.919	1.386	1.314	1.333	1.268	1.593	1.642	2	1.633		
1528	0.965	1.272	1.293	1.27	2.031	1.516	1.498	1.69	1.93	1.825	1.833	1.919	1.386	1.314	1.324	1.268	1.593	1.642	2	1.633		
1529	0.962	1.271	1.292	1.27	2.03	1.515	1.498	1.689	1.93	1.824	1.833	1.918	1.386	1.313	1.317	1.268	1.593	1.642	2	1.633		
1530	0.959	1.271	1.292	1.269	2.028	1.515	1.497	1.688	1.929	1.823	1.831	1.918	1.385	1.313	1.309	1.268	1.593	1.642	2	1.632		
1531	0.956	1.271	1.291	1.269	2.026	1.514	1.496	1.688	1.929	1.822	1.825	1.917	1.385	1.313	1.301	1.268	1.593	1.642	2	1.632		
1532	0.954	1.27	1.291	1.268	2.025	1.513	1.496	1.687	1.928	1.821	1.816	1.916	1.385	1.312	1.294	1.268	1.593	1.642	2	1.632		
1533	0.947	1.27	1.29	1.268	2.023	1.513	1.495	1.686	1.928	1.82	1.818	1.916	1.384	1.312	1.286	1.267	1.592	1.642	2	1.632		
1534	0.945	1.269	1.29	1.268	2.022	1.512	1.495	1.685	1.927	1.819	1.828	1.915	1.384	1.312	1.278	1.267	1.592	1.642	2	1.632		
1535	0.946	1.269	1.289	1.267	2.02	1.511	1.494	1.684	1.927	1.818	1.828	1.915	1.384	1.311	1.271	1.267	1.592	1.642	2	1.631		
1536	0.947	1.268	1.289	1.266	2.014	1.51	1.494	1.684	1.926	1.817	1.825	1.914	1.383	1.311	1.264	1.267	1.592	1.641	2	1.631		
1537	0.945	1.268	1.288	1.266	2.013	1.51	1.493	1.683	1.926	1.815	1.82	1.914	1.383	1.31	1.257	1.267	1.592	1.641	2	1.631		
1538	0.937	1.267	1.288	1.266	2.011	1.509	1.493	1.682	1.925	1.814	1.811	1.913	1.383	1.31	1.25	1.267	1.592	1.641	2	1.631		
1539	0.931	1.267	1.287	1.265	2.009	1.509	1.492	1.681	1.925	1.813	1.814	1.913	1.383	1.31	1.242	1.266	1.592	1.641	2	1.631		
1540	0.929	1.266	1.286	1.265	2.008	1.508	1.492	1.68	1.925	1.812	1.823	1.912	1.382	1.309	1.235	1.266	1.591	1.641	2	1.631		
1541	0.93	1.266	1.286	1.264	2.006	1.507	1.491	1.68	1.924	1.806	1.824	1.912	1.382	1.309	1.228	1.266	1.591	1.641	2	1.63		
1542	0.932	1.265	1.286	1.264	2.005	1.507	1.49	1.679	1.923	1.805	1.82	1.916	1.382	1.308	1.221	1.266	1.591	1.641	2	1.63		
1543	0.93	1.265	1.285	1.263	2.003	1.506	1.49	1.678	1.923	1.804	1.815	1.914	1.382	1.308	1.214	1.266	1.591	1.641	2	1.63		
1544	0.922	1.264	1.284	1.263	2.002	1.505	1.49	1.677	1.923	1.803	1.806	1.911	1.381	1.307	1.207	1.266	1.591	1.641	2	1.63		
1545	0.916	1.264	1.284	1.262	2	1.505	1.489	1.676	1.922	1.802	1.808	1.911	1.381	1.307	1.201	1.265	1.591	1.641	2.001	1.63		
1546	0.915	1.263	1.283	1.262	1.998	1.504	1.489	1.675	1.922	1.801	1.817	1.914	1.381	1.307	1.195	1.265	1.591	1.641	2	1.63		
1547	0.915	1.263	1.283	1.261	1.997	1.503	1.488	1.675	1.921	1.8	1.818	1.915	1.381	1.306	1.189	1.265	1.59	1.641	2	1.629		
1548	0.917	1.262	1.283	1.261	1.995	1.502	1.488	1.68	1.921	1.799	1.815	1.913	1.38	1.306	1.183	1.265	1.59	1.64	2	1.629		
1549	0.916	1.262	1.282	1.261	1.994	1.502	1.487	1.682	1.92	1.797	1.81	1.912	1.38	1.305	1.178	1.265	1.59	1.64	2.001	1.629		
1550	0.908	1.261	1.282	1.26	1.992	1.501	1.486	1.676	1.92	1.796	1.807	1.908	1.38	1.305	1.172	1.265	1.59	1.64	2.001	1.629		
1551	0.902	1.261	1.281	1.26	1.991	1.501	1.486	1.668	1.919	1.795	1.806	1.908	1.38	1.304	1.166	1.264	1.59	1.64	2.001	1.629		
1552	0.901	1.261	1.281	1.259	1.989	1.5	1.485	1.665	1.919	1.794	1.805	1.912	1.379	1.304	1.16	1.264	1.59	1.64	2.001	1.629		
1553	0.901	1.26	1.28	1.259	1.988	1.499	1.485	1.669	1.918	1.793	1.804	1.912	1.379	1.304	1.155	1.264	1.59	1.64	2.001	1.628		
1554	0.903	1.259	1.28	1.258	1.986	1.499	1.484	1.675	1.918	1.792	1.803	1.911	1.379	1.303	1.149	1.264	1.589	1.64	2.001	1.628		
1555	0.901	1.259	1.279	1.258	1.984	1.498	1.484	1.677	1.917	1.791	1.803	1.909	1.379	1.303	1.144	1.264	1.589	1.64	2.001	1.628		
1556	0.894	1.259	1.279	1.258	1.983	1.497	1.483	1.671	1.917	1.79	1.802	1.906	1.378	1.302	1.139	1.263	1.589	1.64	2.001	1.628		
1557	0.888	1.258	1.278	1.257	1.981	1.497	1.483	1.663	1.916	1.788	1.8	1.905	1.378	1.302	1.133	1.263	1.589	1.64	2.001	1.628		
1558	0.886	1.258	1.278	1.257	1.98	1.496	1.482	1.661	1.915	1.787	1.8	1.908	1.378	1.302	1.128	1.263	1.589	1.64	2.001	1.628		
1559	0.887	1.257	1.277	1.256	1.978	1.496	1.482	1.664	1.915	1.786	1.799	1.909	1.378	1.301	1.123	1.263	1.589	1.639	2.001	1.627		
1560	0.888	1.257	1.277	1.256	1.977	1.495	1.481	1.67	1.914	1.785	1.798	1.908	1.377	1.301	1.118	1.263	1.589	1.639	2.001	1.627		
1561	0.887	1.256	1.276	1.255	1.975	1.495	1.481	1.672	1.914	1.784	1.797	1.906	1.377	1.301	1.113	1.263	1.588	1.639	2.001	1.627		
1562	0.88	1.256	1.276	1.255	1.974	1.494	1.48	1.667	1.913	1.783	1.796	1.903	1.377	1.3	1.108	1.263	1.588	1.639	2.001	1.627		
1563	0.874	1.256	1.275	1.255	1.972	1.493	1.48	1.659	1.913	1.782	1.795	1.902	1.377	1.3	1.103	1.262	1.588	1.639	2.001	1.627		
1564	0.873	1.255	1.275	1.254	1.971	1.493	1.48	1.655	1.912	1.78	1.795	1.905	1.376	1.299	1.098	1.262	1.588	1.639	2.001	1.627		
1565	0.873	1.255	1.274	1.254	1.969	1.492	1.479	1.659	1.912	1.78	1.793	1.906	1.376	1.299	1.092	1.262	1.588	1.639	2.001	1.627		
1566	0.875	1.254	1.274	1.253	1.968	1.491	1.478	1.665	1.911	1.778	1.793	1.905	1.376	1.298	1.087	1.262	1.588	1.639	2.001	1.626		
1567	0.874	1.254	1.273	1.253	1.966	1.491	1.478	1.667	1.911	1.777	1.792	1.903	1.375	1.298	1.082	1.262	1.587	1.639	2.001	1.626		
1568	0.867	1.253	1.273	1.253	1.965	1.49	1.478	1.661	1.91	1.776	1.791	1.9	1.375	1.298	1.077	1.261	1.587	1.639	2.001	1.626		
1569	0.861	1.253	1.272	1.252	1.963	1.489	1.477	1.653	1.91	1.775	1.79	1.9	1.375	1.297	1.072	1.261	1.587	1.639	2.001	1.626		
1570	0.859	1.252	1.271	1.252	1.961	1.489	1.477	1.65	1.909	1.774	1.789	1.903	1.375	1.297	1.067	1.261	1.587	1.639	2.001	1.626		
1571	0.859	1.252	1.271	1.251	1.96	1.488	1.476	1.654	1.908	1.773	1.788	1.903	1.374	1.297	1.062	1.261	1.587	1.639	2.001	1.626		
1572	0.861	1.251	1.271	1.251	1.958	1.488	1.476	1.66	1.908	1.772	1.788	1.902	1.374	1.296	1.058	1.261	1.587	1.638	2.002	1.626		
1573	0.86	1.251	1.27	1.25	1.957	1.487	1.475	1.662	1.907	1.771	1.787	1.901	1.374	1.296	1.053	1.26	1.587	1.639	2.001	1.626		
1574	0.853	1.25	1.27	1.25	1.956	1.486	1.474	1.657	1.907	1.77	1.786	1.897	1.374	1.295	1.049	1.261	1.586	1.638	2.002	1.625		
1575	0.847	1.25	1.27	1.25	1.954	1.486	1.474	1.649	1.906	1.769	1.785	1.897	1.373	1.295	1.044	1.26	1.586	1.638	2.002	1.625		
1576	0.846	1.249	1.269	1.249	1.952	1.485	1.473	1.646	1.906	1.768	1.784	1.9	1.373	1.295	1.039	1.26	1.586	1.638	2.002	1.625		
1577	0.846	1.249	1.269	1.249	1.951	1.484	1.473	1.649	1.905	1.767	1.783	1.901	1.373	1.294	1.034	1.26	1.586	1.638	2.002	1.625		
1578	0.848	1.248	1.268	1.248	1.949	1.484	1.472	1.655	1.905	1.766	1.782	1.9	1.373	1.294	1.03	1.26	1.586	1.638	2.002	1.624		
1579	0.847	1.248	1.268	1.248	1.948	1.483	1.472	1.658	1.904	1.765	1.781	1.898	1.372	1.293	1.026	1.26	1.586	1.638	2.002	1.624		
1580	0.841	1.247	1.267	1.247	1.947	1.483	1.472	1.653	1.903	1.764	1.78	1.895	1.372	1.293	1.022	1.259	1.586	1.638	2.002	1.624		
1581	0.835	1.247	1.267	1.247	1.945	1.482	1.471	1.645	1.903	1.764	1.78	1.894	1.372	1.292	1.018	1.259	1.585	1.638	2.002	1.624		
1582	0.834	1.246	1.266	1.246	1.943	1.481	1.471	1.641	1.902	1.763	1.778	1.897	1.372	1.292	1.014	1.259	1.585	1.638	2.002	1.624		
1583	0.834	1.246	1.266	1.246	1.942	1.481	1.47	1.645	1.901	1.762	1.778	1.898	1.371	1.292	1.01	1.259	1.585	1.638	2.002	1.624		
1584	0.836	1.246	1.265	1.246	1.941	1.48	1.47	1.651	1.901	1.761	1.777	1.897	1.371	1.291	1.006	1.259	1.585	1.638	2.002	1.624		
1585	0.835	1.245	1.265	1.245	1.939	1.479	1.469	1.654	1.9	1.76	1.776	1.895	1.371	1.291	1.002	1.258	1.585	1.637	2.002	1.623		
1586	0.829	1.245	1.265	1.245	1.938	1.479	1.469	1.649	1.9	1.759	1.775	1.892	1.37	1.29	0.998	1.258	1.585	1.638	2.002	1.623		
1587	0.824	1.244	1.264	1.244	1.936	1.478	1.468	1.641	1.899	1.759	1.774	1.891	1.37	1.29	0.994	1.258	1.584	1.637	2.002	1.623		
1588	0.822	1.244	1.263	1.244	1.935	1.478	1.467	1.637	1.899	1.757	1.773	1.895	1.37	1.289	0.991	1.258	1.584	1.637	2.002	1.623		
1589	0.823	1.243	1.263	1.243	1.933	1.477	1.467	1.64	1.898	1.757	1.772	1.896	1.37	1.289	0.987	1.258	1.584	1.637	2.002	1.623		
1590	0.825	1.243	1.263	1.243	1.932	1.477	1.466	1.646	1.897	1.756	1.771	1.894	1.369	1.289	0.983	1.258	1.584	1.637	2.002	1.622		
1591	0.824	1.243	1.262	1.242	1.93	1.476	1.466	1.649	1.897	1.755	1.77	1.893	1.369	1.288	0.979	1.257	1.584	1.637	2.002	1.623		
1592	0.818	1.242	1.262	1.242	1.929	1.475	1.465	1.645	1.896	1.754	1.769	1.89	1.369	1.288	0.976	1.257	1.584	1.637	2.002	1.622		
1593	0.812	1.242	1.261	1.241	1.927	1.475	1.465	1.637	1.896	1.753	1.768	1.889	1.369	1.288	0.972	1.257	1.583	1.637	2.002	1.622		
1594	0.814	1.242	1.261	1.241	1.926	1.474	1.465	1.633	1.895	1.753	1.767	1.892	1.368	1.287	0.968	1.257	1.583	1.637	2.002	1.622		
1595	0.812	1.241	1.261	1.241	1.925	1.474	1.464	1.636	1.895	1.752	1.767	1.893	1.368	1.287	0.965	1.257	1.583	1.637	2.002	1.622		
1596	0.81	1.241	1.26	1.24	1.923	1.473	1.463	1.642	1.894	1.751	1.765	1.892	1.368	1.286	0.962	1.256	1.583	1.637	2.002	1.622		
1597	0.808	1.24	1.26	1.24	1.921	1.472	1.463	1.645	1.894	1.75	1.765	1.891	1.368	1.286	0.958	1.256	1.583	1.637	2.003	1.621		
1598	0.806	1.24	1.259	1.239	1.92	1.472	1.463	1.641	1.893	1.749	1.764	1.887	1.367	1.286	0.955	1.256	1.583	1.637	2.002	1.621		
1599	0.805	1.239	1.259	1.239	1.918	1.471	1.462	1.633	1.893	1.748	1.763	1.886	1.367	1.285	0.952	1.256	1.583	1.637	2.003	1.622		
1600	0.803	1.239	1.258	1.238	1.913	1.471	1.462	1.629	1.892	1.748	1.762	1.89	1.367	1.285	0.949	1.256	1.583	1.637	2.003	1.621		
1601	0.801	1.238	1.258	1.238	1.918	1.47	1.461	1.632	1.892	1.747	1.761	1.891	1.367	1.285	0.946	1.256	1.582	1.636	2.003	1.621		
1602	0.8	1.238	1.257	1.237	1.922	1.469	1.46	1.638	1.891	1.745	1.76	1.89	1.366	1.284	0.943	1.255	1.583	1.636	2.003	1.621		
1603	0.798	1.237	1.257	1.237	1.919	1.469	1.46	1.641	1.89	1.745	1.76	1.884	1.366	1.284	0.94	1.255	1.582	1.636	2.003	1.621		
1604	0.797	1.236	1.257	1.236	1.916	1.468	1.46	1.637	1.89	1.74	1.759	1.884	1.366	1.283	0.937	1.255	1.582	1.636	2.003	1.621		
1605	0.795	1.235	1.256	1.236	1.91	1.468	1.459	1.629	1.889	1.743	1.758	1.883	1.366	1.283	0.934	1.255	1.582	1.636	2.003	1.621		
1606	0.794	1.235	1.256	1.236	1.905	1.467	1.459	1.625	1.889	1.751	1.757	1.883	1.365	1.282	0.931	1.255	1.582	1.636	2.003	1.621		
1607	0.792	1.235	1.255	1.235	1.909	1.466	1.458	1.627	1.888	1.75	1.756	1.882	1.365	1.282	0.928	1.255	1.582	1.636	2.003	1.62		
1608	0.79	1.235	1.255	1.235	1.914	1.466	1.458	1.629	1.888	1.747	1.755	1.882	1.365	1.282	0.925	1.254	1.582	1.636	2.003	1.62		
1609	0.789	1.234	1.255	1.234	1.911	1.465	1.457	1.628	1.887	1.74	1.755	1.881	1.365	1.281	0.922	1.254	1.581	1.636	2.003	1.62		
1610	0.787	1.234	1.254	1.234	1.908	1.465	1.457	1.628	1.887	1.733	1.754	1.881	1.364	1.281	0.919	1.254	1.581	1.636	2.003	1.62		
1611	0.786	1.233	1.254	1.234	1.902	1.464	1.456	1.627	1.886	1.737	1.752	1.881	1.364	1.281	0.916	1.254	1.581	1.636	2.003	1.62		
1612	0.784	1.233	1.253	1.233	1.896	1.464	1.456	1.627	1.886	1.745	1.752	1.88	1.364	1.28	0.913	1.254	1.581	1.636	2.003	1.62		
1613	0.782	1.233	1.253	1.233	1.9	1.463	1.455	1.626	1.885	1.744	1.763	1.88	1.364	1.28	0.91	1.253	1.581	1.636	2.003	1.619		
1614	0.781	1.233	1.252	1.232	1.905	1.462	1.455	1.625	1.885	1.741	1.757	1.88	1.363	1.28	0.907	1.253	1.581	1.636	2.003	1.619		
1615	0.779	1.232	1.252	1.232	1.903	1.462	1.454	1.625	1.884	1.735	1.753	1.879	1.363	1.279	0.904	1.253	1.581	1.636	2.003	1.619		
1616	0.778	1.232	1.252	1.231	1.9	1.461	1.454	1.624	1.883	1.728	1.744	1.879	1.363	1.279	0.901	1.253	1.581	1.636	2.003	1.619		
1617	0.776	1.231	1.251	1.231	1.893	1.461	1.453	1.623	1.883	1.733	1.744	1.878	1.362	1.279	0.898	1.253	1.58	1.635	2.003	1.619		
1618	0.775	1.231	1.251	1.231	1.888	1.46	1.453	1.623	1.882	1.74	1.753	1.878	1.362	1.278	0.895	1.252	1.58	1.636	2.003	1.619		
1619	0.773	1.23	1.25	1.23	1.892	1.459	1.452	1.622	1.882	1.739	1.755	1.878	1.362	1.278	0.891	1.252	1.58	1.635	2.003	1.618		
1620	0.772	1.229	1.25	1.23	1.896	1.459	1.452	1.621	1.881	1.737	1.751	1.877	1.362	1.278	0.888	1.252	1.58	1.635	2.003	1.618		
1621	0.77	1.229	1.25	1.229	1.894	1.458	1.451	1.621	1.881	1.731	1.747	1.876	1.361	1.277	0.885	1.252	1.58	1.635	2.003	1.618		
1622	0.769	1.228	1.249	1.229	1.891	1.458	1.451	1.62	1.88	1.723	1.738	1.876	1.361	1.277	0.883	1.252	1.58	1.635	2.003	1.618		
1623	0.767	1.228	1.249	1.228	1.885	1.457	1.45	1.619	1.88	1.728	1.739	1.876	1.361	1.277	0.88	1.252	1.58	1.635	2.003	1.618		
1624	0.766	1.228	1.248	1.228	1.879	1.457	1.45	1.619	1.88	1.736	1.747	1.875	1.36	1.276	0.876	1.251	1.579	1.635	2.004	1.618		
1625	0.765	1.227	1.248	1.228	1.883	1.456	1.449	1.618	1.879	1.735	1.749	1.875	1.36	1.276	0.873	1.251	1.579	1.635	2.004	1.617		
1626	0.763	1.227	1.247	1.227	1.888	1.455	1.449	1.617	1.878	1.732	1.747	1.875	1.36	1.275	0.87	1.251	1.579	1.635	2.004	1.617		
1627	0.762	1.227	1.247	1.227	1.886	1.455	1.448	1.617	1.878	1.726	1.742	1.874	1.36	1.275	0.867	1.251	1.579	1.635	2.004	1.617		
1628	0.76	1.226	1.247	1.227	1.883	1.454	1.448	1.616	1.877	1.719	1.733	1.874	1.359	1.275	0.865	1.251	1.579	1.635	2.004	1.617		
1629	0.759	1.225	1.246	1.226	1.877	1.454	1.447	1.615	1.877	1.724	1.733	1.874	1.359	1.275	0.862	1.251	1.579	1.635	2.004	1.617		
1630	0.757	1.225	1.246	1.226	1.871	1.453	1.447	1.615	1.876	1.731	1.742	1.873	1.359	1.274	0.86	1.25	1.579	1.635	2.004	1.617		
1631	0.756	1.225	1.246	1.225	1.875	1.453	1.446	1.614	1.876	1.73	1.744	1.873	1.359	1.274	0.858	1.25	1.579	1.635	2.004	1.617		
1632	0.755	1.224	1.245	1.225	1.88	1.452	1.446	1.613	1.875	1.728	1.741	1.873	1.359	1.273	0.855	1.25	1.578	1.635	2.004	1.616		
1633	0.753	1.225	1.245	1.225	1.878	1.451	1.445	1.613	1.875	1.722	1.737	1.872	1.358	1.273	0.853	1.25	1.579	1.634	2.004	1.616		
1634	0.752	1.225	1.244	1.224	1.874	1.451	1.445	1.612	1.874	1.715	1.727	1.872	1.358	1.273	0.85	1.25	1.578	1.634	2.004	1.616		
1635	0.75	1.224	1.244	1.224	1.868	1.45	1.445	1.611	1.873	1.72	1.727	1.871	1.358	1.272	0.848	1.249	1.578	1.634	2.004	1.616		
1636	0.748	1.223	1.244	1.223	1.862	1.45	1.444	1.611	1.873	1.727	1.737	1.871	1.357	1.272	0.845	1.249	1.578	1.634	2.004	1.616		
1637	0.747	1.222	1.243	1.223	1.866	1.449	1.444	1.61	1.872	1.726	1.739	1.87	1.357	1.272	0.843	1.249	1.578	1.634	2.004	1.616		
1638	0.745	1.222	1.243	1.223	1.871	1.449	1.443	1.61	1.871	1.724	1.736	1.87	1.357	1.271	0.841	1.249	1.578	1.634	2.004	1.616		
1639	0.744	1.223	1.242	1.222	1.869	1.448	1.443	1.609	1.871	1.718	1.732	1.87	1.356	1.271	0.838	1.249	1.578	1.634	2.004	1.615		
1640	0.743	1.222	1.242	1.222	1.866	1.448	1.442	1.608	1.87	1.711	1.723	1.869	1.356	1.271	0.836	1.248	1.577	1.634	2.004	1.615		
1641	0.742	1.222	1.241	1.222	1.86	1.447	1.442	1.608	1.869	1.715	1.722	1.869	1.356	1.271	0.834	1.248	1.577	1.634	2.004	1.615		
1642	0.741	1.221	1.241	1.221	1.854	1.446	1.441	1.607	1.869	1.723	1.731	1.869	1.356	1.27	0.832	1.248	1.577	1.634	2.004	1.615		
1643	0.739	1.221	1.24	1.221	1.857	1.446	1.441	1.607	1.868	1.722	1.734	1.868	1.355	1.27	0.83	1.248	1.577	1.634	2.004	1.615		
1644	0.738	1.221	1.24	1.22	1.863	1.445	1.44	1.606	1.868	1.719	1.731	1.868	1.355	1.269	0.828	1.248	1.577	1.634	2.004	1.615		
1645	0.737	1.22	1.24	1.22	1.861	1.445	1.44	1.606	1.867	1.713	1.727	1.867	1.355	1.262	0.826	1.248	1.577	1.634	2.004	1.615		
1646	0.736	1.219	1.239	1.22	1.858	1.444	1.439	1.605	1.867	1.707	1.718	1.867	1.355	1.242	0.823	1.247	1.577	1.634	2.005	1.614		
1647	0.735	1.219	1.239	1.219	1.852	1.444	1.439	1.604	1.866	1.711	1.718	1.866	1.354	1.218	0.821	1.247	1.577	1.634	2.005	1.614		
1648	0.733	1.219	1.239	1.219	1.846	1.443	1.438	1.604	1.865	1.719	1.727	1.866	1.354	1.197	0.819	1.247	1.577	1.634	2.005	1.614		
1649	0.732	1.219	1.238	1.219	1.849	1.443	1.438	1.603	1.865	1.718	1.729	1.866	1.354	1.178	0.817	1.247	1.576	1.634	2.005	1.614		
1650	0.731	1.218	1.238	1.218	1.854	1.442	1.437	1.603	1.864	1.715	1.726	1.865	1.354	1.163	0.815	1.247	1.577	1.634	2.005	1.614		
1651	0.73	1.218	1.237	1.218	1.853	1.442	1.437	1.602	1.863	1.709	1.722	1.865	1.353	1.15	0.813	1.247	1.576	1.634	2.005	1.614		
1652	0.728	1.218	1.237	1.217	1.85	1.441	1.436	1.601	1.863	1.703	1.713	1.864	1.353	1.139	0.811	1.247	1.576	1.634	2.005	1.614		
1653	0.727	1.217	1.237	1.217	1.844	1.441	1.436	1.601	1.862	1.707	1.713	1.864	1.353	1.13	0.808	1.246	1.576	1.634	2.005	1.614		
1654	0.726	1.217	1.236	1.217	1.838	1.44	1.436	1.6	1.861	1.715	1.721	1.864	1.353	1.121	0.806	1.246	1.576	1.633	2.005	1.613		
1655	0.725	1.216	1.236	1.216	1.84	1.439	1.435	1.6	1.86	1.714	1.724	1.864	1.353	1.113	0.804	1.246	1.576	1.633	2.005	1.613		
1656	0.723	1.216	1.235	1.216	1.846	1.439	1.435	1.599	1.86	1.711	1.721	1.863	1.352	1.105	0.802	1.246	1.576	1.633	2.005	1.613		
1657	0.726	1.215	1.235	1.216	1.845	1.438	1.434	1.598	1.859	1.705	1.717	1.863	1.352	1.099	0.8	1.245	1.576	1.633	2.005	1.613		
1658	0.722	1.214	1.234	1.215	1.841	1.438	1.434	1.598	1.858	1.699	1.708	1.862	1.352	1.092	0.798	1.245	1.575	1.633	2.005	1.613		
1659	0.717	1.214	1.234	1.215	1.836	1.438	1.433	1.597	1.858	1.703	1.707	1.862	1.351	1.085	0.796	1.245	1.575	1.633	2.005	1.613		
1660	0.716	1.214	1.234	1.215	1.833	1.437	1.433	1.597	1.857	1.71	1.716	1.861	1.351	1.079	0.794	1.245	1.575	1.633	2.005	1.613		
1661	0.716	1.214	1.233	1.214	1.832	1.436	1.432	1.596	1.856	1.71	1.718	1.861	1.351	1.073	0.792	1.245	1.575	1.633	2.005	1.613		
1662	0.718	1.213	1.233	1.214	1.831	1.436	1.432	1.595	1.856	1.707	1.715	1.861	1.35	1.067	0.791	1.245	1.575	1.633	2.005	1.612		
1663	0.719	1.213	1.233	1.214	1.829	1.435	1.432	1.595	1.855	1.701	1.711	1.86	1.35	1.061	0.789	1.244	1.575	1.633	2.006	1.612		
1664	0.715	1.212	1.232	1.213	1.828	1.435	1.431	1.594	1.854	1.694	1.703	1.86	1.35	1.056	0.787	1.244	1.575	1.633	2.006	1.612		
1665	0.71	1.212	1.232	1.213	1.827	1.434	1.431	1.594	1.854	1.699	1.702	1.86	1.35	1.05	0.786	1.244	1.575	1.633	2.005	1.612		
1666	0.709	1.212	1.232	1.213	1.825	1.434	1.43	1.593	1.853	1.698	1.711	1.863	1.349	1.045	0.784	1.244	1.575	1.633	2.006	1.612		
1667	0.71	1.212	1.231	1.212	1.824	1.433	1.43	1.593	1.852	1.698	1.713	1.863	1.349	1.04	0.782	1.244	1.575	1.633	2.006	1.612		
1668	0.712	1.211	1.231	1.212	1.823	1.433	1.429	1.592	1.852	1.697	1.71	1.863	1.349	1.035	0.781	1.244	1.574	1.633	2.006	1.612		
1669	0.713	1.211	1.231	1.211	1.822	1.432	1.429	1.591	1.851	1.696	1.706	1.862	1.349	1.03	0.779	1.243	1.574	1.633	2.006	1.612		
1670	0.709	1.21	1.23	1.211	1.82	1.432	1.429	1.591	1.85	1.696	1.698	1.862	1.349	1.026	0.777	1.243	1.574	1.633	2.006	1.612		
1671	0.704	1.21	1.23	1.211	1.819	1.431	1.428	1.59	1.849	1.695	1.697	1.861	1.348	1.021	0.775	1.243	1.574	1.633	2.006	1.611		
1672	0.702	1.209	1.229	1.21	1.818	1.43	1.428	1.585	1.848	1.694	1.706	1.861	1.349	1.017	0.773	1.243	1.574	1.633	2.006	1.611		
1673	0.702	1.209	1.229	1.21	1.816	1.43	1.427	1.586	1.848	1.694	1.709	1.861	1.349	1.012	0.772	1.243	1.574	1.632	2.006	1.611		
1674	0.705	1.208	1.229	1.21	1.815	1.429	1.427	1.591	1.847	1.693	1.699	1.86	1.349	1.008	0.77	1.242	1.574	1.632	2.006	1.611		
1675	0.706	1.208	1.228	1.209	1.814	1.429	1.426	1.596	1.846	1.692	1.698	1.86	1.349	1.003	0.768	1.243	1.574	1.632	2.006	1.611		
1676	0.702	1.208	1.228	1.209	1.812	1.428	1.426	1.595	1.845	1.692	1.697	1.859	1.348	0.999	0.766	1.242	1.574	1.632	2.006	1.61		
1677	0.697	1.207	1.228	1.209	1.811	1.428	1.426	1.587	1.845	1.691	1.696	1.859	1.348	0.995	0.764	1.242	1.574	1.632	2.006	1.61		
1678	0.696	1.206	1.227	1.208	1.81	1.427	1.425	1.581	1.844	1.69	1.696	1.859	1.348	0.99	0.763	1.242	1.573	1.632	2.006	1.61		
1679	0.696	1.206	1.227	1.208	1.808	1.427	1.425	1.582	1.843	1.69	1.695	1.858	1.348	0.986	0.761	1.242	1.573	1.632	2.007	1.61		
1680	0.698	1.206	1.226	1.208	1.807	1.426	1.424	1.587	1.843	1.689	1.694	1.858	1.347	0.982	0.759	1.242	1.573	1.632	2.006	1.61		
1681	0.699	1.206	1.226	1.207	1.806	1.426	1.424	1.593	1.842	1.689	1.693	1.858	1.347	0.979	0.758	1.242	1.573	1.632	2.007	1.61		
1682	0.696	1.205	1.226	1.207	1.805	1.425	1.423	1.592	1.841	1.688	1.692	1.857	1.347	0.975	0.756	1.241	1.573	1.632	2.007	1.61		
1683	0.691	1.204	1.225	1.206	1.803	1.425	1.423	1.584	1.84	1.688	1.692	1.857	1.347	0.971	0.754	1.241	1.573	1.632	2.007	1.61		
1684	0.689	1.205	1.225	1.206	1.802	1.424	1.422	1.578	1.84	1.687	1.691	1.856	1.346	0.967	0.753	1.241	1.573	1.632	2.007	1.609		
1685	0.69	1.205	1.225	1.206	1.8	1.424	1.422	1.578	1.839	1.686	1.69	1.856	1.346	0.963	0.751	1.241	1.573	1.632	2.007	1.609		
1686	0.692	1.204	1.224	1.205	1.799	1.424	1.422	1.584	1.838	1.686	1.689	1.856	1.346	0.959	0.75	1.241	1.573	1.632	2.007	1.609		
1687	0.693	1.204	1.224	1.205	1.798	1.423	1.421	1.589	1.837	1.685	1.688	1.855	1.346	0.955	0.748	1.241	1.572	1.632	2.007	1.609		
1688	0.689	1.203	1.224	1.205	1.797	1.422	1.421	1.588	1.837	1.685	1.687	1.855	1.345	0.951	0.747	1.241	1.572	1.632	2.007	1.609		
1689	0.685	1.203	1.223	1.205	1.795	1.422	1.42	1.581	1.836	1.684	1.687	1.855	1.345	0.947	0.746	1.24	1.572	1.632	2.007	1.609		
1690	0.683	1.203	1.223	1.204	1.794	1.421	1.42	1.575	1.835	1.683	1.686	1.854	1.345	0.943	0.745	1.24	1.572	1.631	2.007	1.609		
1691	0.684	1.202	1.222	1.204	1.793	1.421	1.419	1.575	1.834	1.683	1.686	1.854	1.344	0.939	0.743	1.24	1.572	1.632	2.007	1.609		
1692	0.686	1.202	1.222	1.203	1.792	1.42	1.419	1.581	1.833	1.682	1.685	1.854	1.344	0.935	0.741	1.24	1.572	1.631	2.007	1.608		
1693	0.687	1.201	1.222	1.203	1.791	1.42	1.419	1.586	1.833	1.681	1.684	1.853	1.344	0.931	0.739	1.24	1.572	1.631	2.007	1.608		
1694	0.684	1.201	1.221	1.203	1.79	1.419	1.418	1.585	1.832	1.681	1.683	1.853	1.344	0.927	0.738	1.24	1.572	1.631	2.007	1.608		
1695	0.678	1.201	1.221	1.202	1.788	1.419	1.418	1.578	1.831	1.68	1.683	1.852	1.343	0.924	0.736	1.239	1.572	1.631	2.007	1.608		
1696	0.677	1.2	1.221	1.202	1.787	1.419	1.417	1.572	1.83	1.68	1.682	1.852	1.343	0.921	0.734	1.239	1.571	1.631	2.008	1.608		
1697	0.677	1.2	1.22	1.202	1.786	1.418	1.417	1.572	1.83	1.679	1.681	1.852	1.343	0.918	0.733	1.239	1.571	1.631	2.008	1.608		
1698	0.679	1.199	1.22	1.202	1.785	1.418	1.417	1.577	1.829	1.678	1.681	1.851	1.343	0.914	0.731	1.239	1.571	1.631	2.008	1.608		
1699	0.68	1.199	1.22	1.201	1.784	1.417	1.416	1.582	1.828	1.678	1.68	1.851	1.342	0.911	0.73	1.239	1.571	1.631	2.008	1.607		
1700	0.677	1.198	1.219	1.201	1.783	1.416	1.415	1.582	1.827	1.678	1.679	1.85	1.342	0.907	0.729	1.239	1.571	1.631	2.008	1.607		
1701	0.672	1.198	1.219	1.2	1.782	1.416	1.415	1.575	1.826	1.677	1.678	1.85	1.342	0.904	0.727	1.239	1.571	1.631	2.008	1.607		
1702	0.67	1.198	1.218	1.2	1.78	1.416	1.415	1.569	1.826	1.676	1.678	1.85	1.342	0.9	0.726	1.239	1.571	1.631	2.008	1.607		
1703	0.671	1.198	1.218	1.2	1.779	1.415	1.415	1.569	1.825	1.676	1.677	1.849	1.341	0.897	0.725	1.239	1.571	1.631	2.008	1.607		
1704	0.672	1.197	1.217	1.199	1.778	1.415	1.414	1.574	1.824	1.675	1.677	1.849	1.341	0.894	0.724	1.238	1.571	1.631	2.008	1.607		
1705	0.674	1.197	1.217	1.199	1.777	1.414	1.414	1.579	1.824	1.675	1.676	1.848	1.34	0.891	0.722	1.238	1.571	1.631	2.008	1.606		
1706	0.671	1.197	1.217	1.199	1.776	1.413	1.413	1.579	1.823	1.674	1.675	1.848	1.34	0.888	0.72	1.238	1.57	1.631	2.008	1.606		
1707	0.666	1.196	1.216	1.198	1.774	1.413	1.413	1.572	1.822	1.673	1.675	1.847	1.34	0.885	0.719	1.238	1.57	1.631	2.008	1.606		
1708	0.664	1.196	1.216	1.198	1.773	1.413	1.412	1.566	1.821	1.673	1.674	1.847	1.34	0.882	0.717	1.238	1.57	1.63	2.008	1.606		
1709	0.665	1.195	1.215	1.198	1.772	1.412	1.412	1.565	1.82	1.673	1.673	1.847	1.339	0.879	0.716	1.238	1.57	1.63	2.008	1.605		
1710	0.667	1.195	1.214	1.198	1.771	1.412	1.412	1.57	1.819	1.672	1.673	1.847	1.339	0.876	0.714	1.238	1.57	1.63	2.008	1.605		
1711	0.668	1.195	1.213	1.197	1.77	1.411	1.411	1.576	1.819	1.671	1.672	1.846	1.339	0.874	0.713	1.237	1.57	1.63	2.008	1.605		
1712	0.665	1.195	1.211	1.197	1.769	1.411	1.411	1.576	1.818	1.671	1.671	1.846	1.339	0.871	0.711	1.237	1.57	1.63	2.008	1.605		
1713	0.66	1.194	1.208	1.196	1.768	1.41	1.41	1.569	1.817	1.67	1.67	1.845	1.338	0.868	0.71	1.237	1.57	1.63	2.008	1.605		
1714	0.658	1.194	1.205	1.196	1.766	1.41	1.41	1.562	1.816	1.67	1.67	1.845	1.338	0.865	0.708	1.237	1.57	1.63	2.008	1.605		
1715	0.659	1.194	1.202	1.196	1.765	1.409	1.409	1.562	1.816	1.67	1.669	1.845	1.338	0.862	0.707	1.237	1.569	1.63	2.008	1.604		
1716	0.66	1.193	1.199	1.195	1.764	1.409	1.409	1.567	1.815	1.669	1.668	1.844	1.338	0.859	0.706	1.237	1.569	1.63	2.008	1.605		
1717	0.658	1.193	1.195	1.195	1.763	1.408	1.409	1.573	1.813	1.668	1.668	1.844	1.337	0.856	0.704	1.237	1.569	1.63	2.008	1.605		
1718	0.657	1.192	1.192	1.194	1.762	1.408	1.408	1.573	1.813	1.668	1.667	1.843	1.337	0.853	0.703	1.237	1.569	1.63	2.009	1.604		
1719	0.656	1.192	1.188	1.194	1.761	1.408	1.408	1.566	1.812	1.667	1.666	1.843	1.337	0.851	0.702	1.236	1.569	1.63	2.009	1.604		
1720	0.655	1.192	1.184	1.194	1.76	1.407	1.407	1.559	1.811	1.667	1.665	1.843	1.337	0.848	0.7	1.236	1.569	1.63	2.009	1.604		
1721	0.655	1.191	1.18	1.193	1.758	1.406	1.407	1.559	1.811	1.666	1.665	1.842	1.336	0.845	0.699	1.236	1.569	1.63	2.009	1.604		
1722	0.653	1.191	1.176	1.193	1.757	1.406	1.407	1.564	1.81	1.666	1.664	1.842	1.336	0.843	0.698	1.236	1.569	1.63	2.009	1.604		
1723	0.653	1.19	1.172	1.193	1.763	1.406	1.406	1.569	1.809	1.665	1.663	1.842	1.336	0.84	0.697	1.236	1.569	1.63	2.009	1.604		
1724	0.652	1.19	1.168	1.192	1.761	1.405	1.406	1.57	1.808	1.665	1.662	1.842	1.335	0.838	0.696	1.236	1.569	1.63	2.009	1.604		
1725	0.651	1.19	1.164	1.192	1.757	1.405	1.406	1.563	1.807	1.664	1.662	1.841	1.335	0.835	0.695	1.235	1.569	1.63	2.009	1.603		
1726	0.65	1.19	1.16	1.191	1.75	1.404	1.405	1.556	1.806	1.663	1.661	1.841	1.335	0.832	0.694	1.235	1.569	1.63	2.009	1.603		
1727	0.649	1.19	1.156	1.191	1.749	1.404	1.405	1.556	1.805	1.663	1.66	1.837	1.335	0.83	0.693	1.235	1.569	1.63	2.009	1.603		
1728	0.648	1.189	1.151	1.19	1.755	1.403	1.404	1.561	1.805	1.668	1.66	1.836	1.334	0.827	0.692	1.235	1.568	1.629	2.009	1.603		
1729	0.647	1.189	1.147	1.19	1.756	1.403	1.404	1.566	1.804	1.66	1.659	1.836	1.334	0.825	0.69	1.235	1.568	1.629	2.009	1.603		
1730	0.646	1.189	1.143	1.19	1.754	1.403	1.403	1.567	1.803	1.653	1.658	1.836	1.334	0.823	0.689	1.235	1.568	1.629	2.009	1.603		
1731	0.646	1.188	1.139	1.189	1.751	1.402	1.403	1.56	1.802	1.659	1.658	1.835	1.333	0.82	0.688	1.235	1.568	1.629	2.009	1.603		
1732	0.645	1.188	1.134	1.189	1.744	1.402	1.403	1.558	1.801	1.668	1.657	1.835	1.333	0.818	0.687	1.234	1.568	1.629	2.009	1.603		
1733	0.644	1.188	1.13	1.188	1.743	1.401	1.402	1.557	1.801	1.669	1.657	1.834	1.333	0.816	0.686	1.234	1.568	1.629	2.009	1.603		
1734	0.643	1.187	1.125	1.188	1.749	1.401	1.402	1.557	1.8	1.665	1.656	1.834	1.333	0.814	0.685	1.234	1.568	1.629	2.009	1.602		
1735	0.642	1.187	1.121	1.188	1.75	1.4	1.402	1.556	1.799	1.657	1.655	1.833	1.332	0.812	0.684	1.234	1.568	1.629	2.009	1.602		
1736	0.641	1.187	1.117	1.187	1.748	1.4	1.401	1.556	1.798	1.65	1.654	1.833	1.332	0.809	0.683	1.234	1.568	1.629	2.009	1.602		
1737	0.641	1.186	1.112	1.187	1.744	1.399	1.401	1.555	1.798	1.655	1.659	1.833	1.332	0.807	0.682	1.234	1.568	1.629	2.01	1.602		
1738	0.64	1.186	1.108	1.186	1.738	1.399	1.4	1.555	1.797	1.665	1.656	1.832	1.332	0.805	0.681	1.234	1.568	1.629	2.01	1.602		
1739	0.639	1.186	1.104	1.186	1.736	1.398	1.4	1.554	1.796	1.666	1.663	1.832	1.331	0.803	0.68	1.234	1.567	1.629	2.01	1.602		
1740	0.638	1.185	1.099	1.186	1.742	1.398	1.4	1.554	1.795	1.662	1.661	1.831	1.331	0.801	0.679	1.233	1.567	1.629	2.01	1.601		
1741	0.638	1.185	1.095	1.185	1.744	1.397	1.399	1.553	1.794	1.654	1.652	1.831	1.331	0.799	0.677	1.233	1.567	1.629	2.01	1.601		
1742	0.637	1.185	1.091	1.185	1.741	1.397	1.399	1.553	1.793	1.647	1.642	1.831	1.33	0.797	0.676	1.233	1.567	1.629	2.01	1.601		
1743	0.636	1.185	1.087	1.185	1.738	1.396	1.398	1.552	1.793	1.652	1.642	1.83	1.33	0.794	0.675	1.233	1.567	1.629	2.01	1.601		
1744	0.635	1.184	1.084	1.184	1.731	1.396	1.398	1.552	1.792	1.662	1.652	1.83	1.33	0.792	0.673	1.233	1.567	1.629	2.01	1.601		
1745	0.635	1.184	1.08	1.184	1.73	1.395	1.397	1.551	1.791	1.663	1.659	1.83	1.33	0.79	0.672	1.233	1.567	1.628	2.01	1.601		
1746	0.634	1.184	1.076	1.183	1.736	1.395	1.397	1.551	1.79	1.659	1.657	1.829	1.329	0.788	0.671	1.232	1.567	1.629	2.01	1.601		
1747	0.633	1.183	1.073	1.183	1.738	1.394	1.397	1.55	1.789	1.651	1.649	1.829	1.329	0.786	0.67	1.232	1.567	1.629	2.01	1.601		
1748	0.632	1.183	1.07	1.182	1.735	1.394	1.396	1.55	1.788	1.644	1.639	1.829	1.329	0.784	0.669	1.232	1.567	1.628	2.01	1.6		
1749	0.632	1.182	1.066	1.182	1.732	1.394	1.396	1.549	1.787	1.65	1.638	1.828	1.329	0.782	0.668	1.232	1.567	1.628	2.01	1.601		
1750	0.631	1.182	1.063	1.182	1.725	1.393	1.395	1.549	1.787	1.659	1.648	1.828	1.328	0.78	0.667	1.232	1.567	1.628	2.01	1.6		
1751	0.63	1.182	1.059	1.182	1.724	1.393	1.395	1.548	1.786	1.66	1.655	1.827	1.328	0.778	0.665	1.232	1.566	1.628	2.01	1.6		
1752	0.629	1.181	1.056	1.181	1.729	1.392	1.395	1.548	1.785	1.656	1.654	1.827	1.328	0.776	0.664	1.232	1.566	1.628	2.01	1.6		
1753	0.629	1.181	1.052	1.181	1.731	1.392	1.394	1.547	1.784	1.648	1.645	1.827	1.328	0.774	0.663	1.232	1.566	1.628	2.01	1.6		
1754	0.628	1.18	1.049	1.18	1.729	1.391	1.394	1.547	1.783	1.641	1.635	1.826	1.327	0.772	0.662	1.231	1.566	1.628	2.01	1.6		
1755	0.627	1.18	1.046	1.18	1.726	1.391	1.394	1.546	1.782	1.647	1.634	1.826	1.327	0.77	0.661	1.231	1.566	1.628	2.01	1.6		
1756	0.626	1.18	1.042	1.18	1.719	1.391	1.393	1.546	1.782	1.656	1.644	1.825	1.327	0.768	0.66	1.231	1.566	1.628	2.01	1.6		
1757	0.626	1.179	1.039	1.179	1.718	1.39	1.393	1.545	1.781	1.657	1.652	1.825	1.326	0.766	0.659	1.231	1.566	1.628	2.01	1.6		
1758	0.625	1.179	1.036	1.179	1.723	1.39	1.393	1.545	1.78	1.653	1.65	1.825	1.326	0.764	0.658	1.231	1.566	1.628	2.01	1.599		
1759	0.624	1.179	1.033	1.178	1.725	1.39	1.393	1.544	1.779	1.645	1.642	1.824	1.326	0.762	0.657	1.231	1.566	1.628	2.011	1.599		
1760	0.623	1.179	1.029	1.178	1.723	1.389	1.392	1.544	1.778	1.639	1.632	1.824	1.326	0.76	0.656	1.231	1.566	1.628	2.011	1.599		
1761	0.622	1.178	1.026	1.178	1.72	1.388	1.391	1.543	1.777	1.645	1.631	1.823	1.325	0.759	0.654	1.231	1.566	1.628	2.011	1.599		
1762	0.622	1.178	1.022	1.177	1.714	1.388	1.391	1.543	1.776	1.654	1.64	1.823	1.325	0.757	0.653	1.23	1.566	1.628	2.011	1.599		
1763	0.621	1.178	1.019	1.177	1.712	1.388	1.391	1.542	1.776	1.654	1.648	1.822	1.325	0.755	0.652	1.23	1.566	1.628	2.011	1.599		
1764	0.62	1.178	1.016	1.177	1.717	1.387	1.39	1.542	1.775	1.65	1.646	1.822	1.324	0.753	0.651	1.23	1.566	1.628	2.011	1.599		
1765	0.619	1.177	1.013	1.176	1.72	1.387	1.39	1.541	1.774	1.643	1.638	1.821	1.324	0.751	0.65	1.23	1.566	1.628	2.011	1.599		
1766	0.619	1.177	1.009	1.176	1.717	1.386	1.39	1.541	1.773	1.636	1.628	1.821	1.324	0.75	0.649	1.23	1.566	1.628	2.011	1.599		
1767	0.618	1.177	1.006	1.176	1.714	1.386	1.389	1.54	1.772	1.642	1.627	1.821	1.324	0.748	0.648	1.23	1.566	1.628	2.011	1.599		
1768	0.617	1.177	1.003	1.175	1.708	1.385	1.389	1.54	1.771	1.651	1.636	1.82	1.323	0.746	0.647	1.229	1.566	1.627	2.011	1.598		
1769	0.616	1.176	1	1.175	1.706	1.385	1.389	1.539	1.77	1.652	1.644	1.82	1.323	0.744	0.646	1.229	1.565	1.627	2.011	1.598		
1770	0.616	1.176	0.997	1.174	1.711	1.385	1.388	1.539	1.77	1.648	1.642	1.819	1.323	0.743	0.645	1.229	1.565	1.627	2.011	1.598		
1771	0.615	1.176	0.994	1.174	1.714	1.384	1.388	1.538	1.769	1.64	1.634	1.819	1.323	0.741	0.645	1.229	1.566	1.627	2.011	1.598		
1772	0.614	1.175	0.991	1.174	1.711	1.384	1.387	1.538	1.768	1.634	1.624	1.818	1.322	0.74	0.644	1.229	1.565	1.627	2.011	1.598		
1773	0.614	1.175	0.988	1.173	1.708	1.383	1.387	1.537	1.767	1.639	1.623	1.818	1.322	0.738	0.643	1.229	1.565	1.627	2.011	1.598		
1774	0.613	1.175	0.985	1.173	1.702	1.383	1.387	1.537	1.766	1.648	1.632	1.817	1.322	0.737	0.642	1.229	1.565	1.627	2.011	1.598		
1775	0.612	1.175	0.982	1.172	1.7	1.382	1.387	1.537	1.765	1.65	1.64	1.816	1.321	0.735	0.641	1.229	1.565	1.627	2.011	1.598		
1776	0.611	1.174	0.978	1.172	1.705	1.382	1.386	1.536	1.765	1.646	1.639	1.816	1.321	0.733	0.64	1.228	1.565	1.627	2.011	1.597		
1777	0.61	1.174	0.975	1.172	1.708	1.381	1.386	1.535	1.764	1.639	1.631	1.815	1.321	0.732	0.64	1.228	1.565	1.627	2.011	1.597		
1778	0.61	1.174	0.972	1.171	1.705	1.381	1.385	1.535	1.763	1.632	1.621	1.815	1.321	0.73	0.639	1.228	1.565	1.627	2.011	1.597		
1779	0.609	1.173	0.969	1.171	1.703	1.381	1.385	1.534	1.762	1.638	1.619	1.815	1.321	0.728	0.638	1.228	1.565	1.627	2.011	1.597		
1780	0.608	1.173	0.966	1.171	1.697	1.38	1.385	1.534	1.761	1.647	1.629	1.814	1.32	0.727	0.638	1.228	1.565	1.627	2.011	1.597		
1781	0.607	1.173	0.964	1.17	1.694	1.38	1.385	1.534	1.76	1.647	1.637	1.813	1.32	0.725	0.637	1.228	1.565	1.627	2.012	1.597		
1782	0.608	1.173	0.961	1.17	1.699	1.379	1.384	1.533	1.759	1.644	1.635	1.811	1.32	0.724	0.636	1.228	1.565	1.627	2.012	1.597		
1783	0.609	1.173	0.958	1.17	1.702	1.379	1.384	1.533	1.759	1.636	1.627	1.811	1.319	0.722	0.635	1.227	1.565	1.627	2.011	1.597		
1784	0.608	1.172	0.955	1.17	1.694	1.378	1.383	1.532	1.758	1.63	1.617	1.81	1.319	0.72	0.634	1.227	1.565	1.627	2.012	1.597		
1785	0.605	1.172	0.953	1.169	1.694	1.378	1.383	1.532	1.757	1.633	1.616	1.81	1.319	0.719	0.633	1.227	1.565	1.627	2.012	1.597		
1786	0.603	1.172	0.95	1.169	1.692	1.377	1.383	1.531	1.756	1.642	1.625	1.81	1.318	0.717	0.632	1.227	1.565	1.627	2.012	1.596		
1787	0.604	1.171	0.948	1.168	1.691	1.377	1.382	1.531	1.755	1.642	1.632	1.809	1.318	0.716	0.631	1.227	1.564	1.627	2.012	1.596		
1788	0.604	1.171	0.945	1.168	1.691	1.377	1.382	1.53	1.754	1.639	1.631	1.809	1.318	0.714	0.63	1.227	1.564	1.627	2.012	1.596		
1789	0.606	1.171	0.942	1.168	1.689	1.376	1.382	1.53	1.753	1.633	1.623	1.808	1.318	0.713	0.63	1.227	1.564	1.627	2.012	1.596		
1790	0.605	1.171	0.939	1.167	1.689	1.376	1.381	1.529	1.753	1.632	1.613	1.807	1.317	0.712	0.629	1.227	1.564	1.627	2.012	1.596		
1791	0.601	1.171	0.936	1.167	1.688	1.375	1.381	1.529	1.752	1.631	1.611	1.802	1.317	0.71	0.628	1.226	1.564	1.627	2.012	1.596		
1792	0.6	1.17	0.934	1.167	1.687	1.375	1.381	1.528	1.751	1.633	1.621	1.806	1.317	0.709	0.627	1.226	1.564	1.627	2.012	1.596		
1793	0.6	1.17	0.931	1.166	1.686	1.375	1.38	1.528	1.75	1.632	1.629	1.814	1.316	0.708	0.627	1.226	1.564	1.627	2.012	1.596		
1794	0.6	1.169	0.928	1.166	1.685	1.374	1.38	1.527	1.75	1.631	1.628	1.815	1.316	0.706	0.626	1.226	1.564	1.627	2.012	1.596		
1795	0.602	1.169	0.926	1.166	1.684	1.374	1.38	1.527	1.748	1.631	1.62	1.812	1.316	0.705	0.625	1.226	1.564	1.627	2.012	1.596		
1796	0.601	1.169	0.923	1.165	1.683	1.373	1.379	1.534	1.748	1.63	1.61	1.805	1.316	0.704	0.624	1.226	1.564	1.627	2.012	1.595		
1797	0.597	1.169	0.921	1.165	1.682	1.373	1.379	1.529	1.747	1.63	1.608	1.799	1.316	0.702	0.623	1.225	1.564	1.627	2.012	1.595		
1798	0.596	1.169	0.918	1.165	1.681	1.373	1.379	1.522	1.746	1.629	1.615	1.804	1.315	0.701	0.622	1.225	1.564	1.627	2.012	1.595		
1799	0.596	1.169	0.916	1.164	1.68	1.372	1.378	1.521	1.745	1.629	1.615	1.812	1.315	0.7	0.621	1.225	1.564	1.626	2.012	1.595		
1800	0.597	1.168	0.913	1.164	1.68	1.372	1.378	1.523	1.744	1.629	1.615	1.812	1.315	0.698	0.62	1.225	1.564	1.627	2.012	1.595		
1801	0.598	1.168	0.911	1.163	1.679	1.372	1.378	1.528	1.743	1.628	1.614	1.809	1.314	0.697	0.619	1.225	1.564	1.626	2.012	1.595		
1802	0.597	1.168	0.908	1.163	1.678	1.371	1.378	1.531	1.743	1.628	1.613	1.803	1.314	0.696	0.619	1.225	1.563	1.626	2.012	1.595		
1803	0.594	1.167	0.906	1.163	1.677	1.371	1.377	1.527	1.742	1.627	1.613	1.796	1.314	0.694	0.618	1.225	1.563	1.626	2.012	1.595		
1804	0.592	1.167	0.903	1.162	1.676	1.37	1.377	1.519	1.741	1.627	1.612	1.8	1.314	0.693	0.617	1.225	1.563	1.627	2.012	1.595		
1805	0.592	1.167	0.901	1.162	1.675	1.37	1.376	1.518	1.74	1.627	1.612	1.809	1.313	0.692	0.616	1.224	1.563	1.626	2.012	1.594		
1806	0.593	1.166	0.898	1.162	1.674	1.369	1.376	1.52	1.74	1.626	1.611	1.81	1.313	0.69	0.615	1.224	1.563	1.626	2.013	1.594		
1807	0.595	1.166	0.895	1.161	1.673	1.369	1.376	1.525	1.739	1.626	1.611	1.807	1.313	0.689	0.614	1.224	1.563	1.626	2.013	1.594		
1808	0.594	1.166	0.893	1.161	1.672	1.368	1.375	1.529	1.737	1.626	1.61	1.801	1.313	0.688	0.614	1.224	1.563	1.626	2.012	1.594		
1809	0.591	1.166	0.89	1.161	1.671	1.368	1.375	1.524	1.737	1.625	1.609	1.795	1.312	0.687	0.613	1.224	1.563	1.626	2.012	1.594		
1810	0.589	1.165	0.888	1.16	1.671	1.368	1.374	1.517	1.736	1.625	1.609	1.799	1.312	0.686	0.612	1.223	1.563	1.626	2.013	1.594		
1811	0.589	1.165	0.886	1.16	1.67	1.367	1.374	1.516	1.735	1.624	1.609	1.807	1.312	0.685	0.612	1.223	1.563	1.626	2.013	1.594		
1812	0.59	1.165	0.884	1.16	1.669	1.367	1.374	1.518	1.735	1.624	1.608	1.808	1.311	0.683	0.611	1.223	1.563	1.626	2.013	1.594		
1813	0.591	1.165	0.882	1.159	1.668	1.366	1.373	1.522	1.734	1.624	1.607	1.805	1.311	0.682	0.61	1.223	1.563	1.626	2.013	1.594		
1814	0.59	1.165	0.88	1.159	1.667	1.366	1.373	1.526	1.733	1.623	1.607	1.799	1.311	0.681	0.61	1.223	1.563	1.626	2.013	1.594		
1815	0.586	1.164	0.877	1.158	1.666	1.366	1.373	1.522	1.732	1.622	1.606	1.792	1.311	0.679	0.609	1.222	1.563	1.626	2.013	1.593		
1816	0.584	1.164	0.875	1.158	1.666	1.365	1.372	1.514	1.731	1.622	1.605	1.796	1.31	0.678	0.608	1.222	1.563	1.626	2.013	1.593		
1817	0.585	1.164	0.873	1.158	1.665	1.365	1.372	1.513	1.73	1.62	1.605	1.804	1.31	0.676	0.608	1.222	1.562	1.626	2.013	1.593		
1818	0.585	1.164	0.871	1.158	1.664	1.365	1.372	1.515	1.73	1.62	1.604	1.805	1.31	0.675	0.607	1.222	1.562	1.626	2.013	1.593		
1819	0.587	1.163	0.869	1.157	1.663	1.364	1.371	1.519	1.729	1.619	1.603	1.802	1.31	0.674	0.606	1.222	1.562	1.626	2.013	1.593		
1820	0.586	1.163	0.866	1.157	1.662	1.364	1.371	1.523	1.728	1.619	1.603	1.796	1.309	0.673	0.605	1.222	1.562	1.626	2.013	1.593		
1821	0.583	1.163	0.864	1.156	1.661	1.363	1.371	1.519	1.728	1.619	1.602	1.79	1.309	0.671	0.605	1.221	1.562	1.626	2.013	1.593		
1822	0.581	1.163	0.862	1.156	1.66	1.363	1.371	1.512	1.727	1.619	1.602	1.794	1.309	0.67	0.604	1.221	1.562	1.626	2.013	1.593		
1823	0.581	1.162	0.86	1.156	1.659	1.363	1.37	1.51	1.726	1.618	1.601	1.802	1.309	0.669	0.603	1.221	1.562	1.626	2.013	1.593		
1824	0.581	1.162	0.858	1.155	1.658	1.362	1.37	1.512	1.725	1.618	1.601	1.803	1.308	0.667	0.603	1.221	1.562	1.626	2.013	1.593		
1825	0.583	1.161	0.856	1.155	1.658	1.362	1.369	1.516	1.724	1.617	1.6	1.8	1.308	0.666	0.602	1.221	1.562	1.626	2.013	1.592		
1826	0.582	1.161	0.854	1.155	1.657	1.361	1.369	1.52	1.724	1.617	1.6	1.794	1.308	0.665	0.601	1.221	1.562	1.626	2.013	1.592		
1827	0.578	1.161	0.852	1.154	1.656	1.361	1.369	1.517	1.723	1.617	1.599	1.787	1.308	0.663	0.6	1.221	1.562	1.626	2.013	1.592		
1828	0.576	1.161	0.85	1.154	1.655	1.361	1.368	1.509	1.722	1.617	1.599	1.791	1.307	0.662	0.599	1.22	1.562	1.626	2.013	1.592		
1829	0.576	1.161	0.848	1.154	1.654	1.36	1.368	1.507	1.721	1.616	1.598	1.799	1.307	0.66	0.599	1.22	1.562	1.626	2.013	1.592		
1830	0.576	1.16	0.846	1.154	1.653	1.36	1.368	1.509	1.72	1.616	1.598	1.8	1.307	0.659	0.598	1.22	1.562	1.626	2.013	1.592		
1831	0.578	1.16	0.844	1.153	1.652	1.36	1.367	1.514	1.72	1.615	1.597	1.797	1.306	0.658	0.598	1.22	1.562	1.626	2.013	1.592		
1832	0.577	1.16	0.842	1.153	1.652	1.359	1.367	1.518	1.719	1.615	1.597	1.791	1.306	0.656	0.597	1.22	1.562	1.626	2.013	1.592		
1833	0.573	1.16	0.84	1.153	1.651	1.359	1.367	1.514	1.718	1.614	1.596	1.784	1.306	0.655	0.596	1.22	1.561	1.626	2.014	1.592		
1834	0.571	1.159	0.839	1.152	1.65	1.358	1.366	1.507	1.717	1.614	1.595	1.788	1.306	0.653	0.596	1.22	1.561	1.626	2.013	1.592		
1835	0.571	1.159	0.837	1.152	1.649	1.358	1.366	1.505	1.717	1.614	1.595	1.796	1.305	0.652	0.595	1.22	1.561	1.625	2.013	1.592		
1836	0.571	1.159	0.835	1.152	1.648	1.358	1.366	1.507	1.716	1.613	1.594	1.797	1.305	0.651	0.595	1.22	1.561	1.625	2.014	1.592		
1837	0.573	1.159	0.833	1.151	1.647	1.357	1.365	1.511	1.715	1.613	1.594	1.794	1.305	0.649	0.594	1.22	1.561	1.625	2.014	1.591		
1838	0.572	1.158	0.831	1.151	1.646	1.357	1.365	1.515	1.714	1.613	1.593	1.788	1.305	0.648	0.594	1.22	1.561	1.626	2.014	1.591		
1839	0.569	1.158	0.83	1.151	1.646	1.356	1.365	1.512	1.714	1.612	1.593	1.782	1.304	0.647	0.593	1.22	1.561	1.626	2.014	1.591		
1840	0.567	1.158	0.828	1.15	1.645	1.356	1.364	1.504	1.713	1.612	1.593	1.785	1.304	0.646	0.592	1.22	1.561	1.625	2.014	1.591		
1841	0.568	1.157	0.826	1.15	1.644	1.356	1.364	1.502	1.712	1.611	1.592	1.794	1.304	0.645	0.592	1.22	1.561	1.625	2.014	1.591		
1842	0.567	1.157	0.824	1.15	1.643	1.355	1.364	1.504	1.711	1.61	1.591	1.795	1.303	0.644	0.591	1.22	1.561	1.626	2.014	1.591		
1843	0.566	1.157	0.823	1.149	1.642	1.355	1.364	1.508	1.71	1.61	1.591	1.792	1.303	0.643	0.59	1.22	1.561	1.625	2.014	1.591		
1844	0.565	1.157	0.821	1.149	1.641	1.354	1.363	1.513	1.71	1.609	1.591	1.786	1.303	0.642	0.59	1.22	1.561	1.626	2.014	1.591		
1845	0.564	1.157	0.819	1.149	1.641	1.354	1.363	1.509	1.709	1.609	1.59	1.779	1.303	0.641	0.589	1.22	1.561	1.625	2.014	1.591		
1846	0.564	1.156	0.818	1.149	1.64	1.354	1.362	1.502	1.708	1.609	1.589	1.782	1.303	0.64	0.588	1.22	1.56	1.625	2.014	1.591		
1847	0.563	1.156	0.816	1.148	1.632	1.353	1.362	1.499	1.707	1.608	1.589	1.791	1.302	0.639	0.588	1.22	1.56	1.625	2.014	1.591		
1848	0.562	1.156	0.814	1.148	1.637	1.353	1.362	1.501	1.707	1.608	1.588	1.792	1.302	0.638	0.587	1.221	1.56	1.625	2.014	1.591		
1849	0.561	1.156	0.813	1.148	1.644	1.352	1.361	1.506	1.706	1.608	1.588	1.789	1.302	0.637	0.586	1.22	1.56	1.625	2.014	1.591		
1850	0.56	1.155	0.811	1.148	1.645	1.352	1.361	1.51	1.705	1.608	1.587	1.783	1.302	0.636	0.586	1.22	1.56	1.625	2.014	1.591		
1851	0.559	1.155	0.809	1.147	1.641	1.352	1.361	1.507	1.704	1.608	1.586	1.782	1.301	0.635	0.586	1.22	1.56	1.625	2.014	1.59		
1852	0.559	1.155	0.807	1.147	1.632	1.351	1.36	1.499	1.704	1.618	1.586	1.782	1.301	0.634	0.585	1.22	1.56	1.625	2.014	1.59		
1853	0.558	1.154	0.806	1.147	1.628	1.351	1.36	1.497	1.703	1.615	1.586	1.781	1.301	0.633	0.584	1.22	1.56	1.625	2.014	1.59		
1854	0.557	1.154	0.804	1.146	1.632	1.351	1.36	1.498	1.702	1.612	1.585	1.781	1.3	0.632	0.584	1.221	1.56	1.625	2.014	1.59		
1855	0.556	1.154	0.802	1.146	1.639	1.35	1.359	1.503	1.702	1.605	1.584	1.781	1.3	0.631	0.583	1.22	1.56	1.625	2.014	1.59		
1856	0.555	1.154	0.801	1.146	1.641	1.35	1.359	1.5	1.701	1.599	1.584	1.78	1.3	0.63	0.582	1.221	1.56	1.625	2.014	1.59		
1857	0.555	1.153	0.799	1.145	1.636	1.349	1.359	1.5	1.7	1.604	1.583	1.78	1.3	0.629	0.582	1.221	1.56	1.625	2.014	1.59		
1858	0.554	1.153	0.798	1.145	1.628	1.349	1.359	1.499	1.7	1.612	1.583	1.779	1.3	0.628	0.581	1.221	1.56	1.625	2.014	1.59		
1859	0.553	1.153	0.796	1.145	1.623	1.349	1.358	1.499	1.699	1.613	1.582	1.778	1.299	0.627	0.581	1.221	1.56	1.625	2.014	1.59		
1860	0.552	1.153	0.794	1.144	1.627	1.349	1.358	1.498	1.698	1.61	1.582	1.778	1.299	0.627	0.58	1.221	1.56	1.625	2.014	1.59		
1861	0.551	1.152	0.793	1.144	1.635	1.348	1.357	1.498	1.697	1.602	1.581	1.777	1.299	0.626	0.579	1.221	1.56	1.625	2.015	1.59		
1862	0.551	1.152	0.791	1.144	1.636	1.348	1.357	1.498	1.697	1.596	1.577	1.777	1.298	0.625	0.579	1.221	1.56	1.625	2.014	1.59		
1863	0.55	1.152	0.79	1.143	1.631	1.348	1.357	1.497	1.696	1.601	1.573	1.776	1.298	0.624	0.578	1.221	1.56	1.625	2.015	1.589		
1864	0.549	1.152	0.788	1.143	1.623	1.347	1.356	1.497	1.695	1.609	1.582	1.776	1.298	0.623	0.578	1.221	1.56	1.625	2.015	1.589		
1865	0.548	1.152	0.786	1.143	1.618	1.346	1.356	1.496	1.694	1.61	1.589	1.776	1.298	0.622	0.577	1.221	1.559	1.625	2.015	1.589		
1866	0.548	1.151	0.784	1.143	1.622	1.346	1.356	1.496	1.694	1.607	1.587	1.775	1.297	0.622	0.577	1.221	1.559	1.625	2.015	1.589		
1867	0.547	1.151	0.783	1.142	1.629	1.346	1.356	1.496	1.693	1.6	1.583	1.775	1.297	0.621	0.576	1.221	1.56	1.625	2.015	1.589		
1868	0.546	1.151	0.781	1.142	1.631	1.345	1.355	1.495	1.692	1.592	1.575	1.774	1.297	0.62	0.576	1.221	1.559	1.625	2.015	1.589		
1869	0.545	1.151	0.78	1.142	1.627	1.345	1.355	1.495	1.692	1.597	1.57	1.774	1.297	0.619	0.575	1.221	1.559	1.625	2.015	1.589		
1870	0.545	1.15	0.778	1.141	1.619	1.345	1.354	1.494	1.691	1.607	1.578	1.774	1.297	0.618	0.575	1.221	1.559	1.624	2.015	1.589		
1871	0.544	1.15	0.777	1.141	1.613	1.344	1.354	1.494	1.69	1.608	1.585	1.774	1.296	0.618	0.574	1.221	1.559	1.624	2.015	1.589		
1872	0.543	1.15	0.775	1.141	1.617	1.344	1.354	1.494	1.689	1.605	1.584	1.773	1.296	0.617	0.573	1.221	1.559	1.624	2.015	1.589		
1873	0.543	1.15	0.774	1.141	1.624	1.344	1.354	1.493	1.689	1.598	1.58	1.772	1.296	0.616	0.573	1.221	1.559	1.624	2.015	1.588		
1874	0.542	1.15	0.773	1.14	1.627	1.343	1.353	1.493	1.688	1.592	1.572	1.772	1.295	0.615	0.572	1.221	1.559	1.624	2.015	1.588		
1875	0.541	1.149	0.771	1.14	1.622	1.343	1.353	1.493	1.687	1.596	1.567	1.771	1.295	0.614	0.572	1.221	1.559	1.624	2.015	1.588		
1876	0.54	1.149	0.77	1.14	1.614	1.342	1.353	1.492	1.687	1.604	1.576	1.771	1.294	0.613	0.571	1.22	1.559	1.624	2.015	1.588		
1877	0.54	1.149	0.768	1.14	1.608	1.342	1.352	1.491	1.686	1.606	1.583	1.77	1.294	0.613	0.571	1.221	1.559	1.624	2.015	1.588		
1878	0.539	1.149	0.767	1.139	1.612	1.342	1.352	1.491	1.686	1.602	1.582	1.77	1.293	0.612	0.57	1.221	1.559	1.624	2.015	1.588		
1879	0.538	1.148	0.766	1.139	1.62	1.342	1.352	1.491	1.685	1.596	1.578	1.769	1.293	0.611	0.569	1.221	1.559	1.624	2.015	1.588		
1880	0.537	1.148	0.764	1.139	1.622	1.341	1.351	1.49	1.684	1.59	1.569	1.769	1.293	0.61	0.569	1.221	1.559	1.624	2.015	1.588		
1881	0.536	1.148	0.763	1.139	1.618	1.341	1.351	1.49	1.683	1.594	1.565	1.768	1.293	0.609	0.568	1.221	1.559	1.624	2.015	1.587		
1882	0.536	1.147	0.762	1.138	1.61	1.34	1.351	1.49	1.683	1.603	1.573	1.768	1.292	0.608	0.567	1.22	1.559	1.624	2.015	1.587		
1883	0.535	1.147	0.761	1.138	1.604	1.34	1.35	1.489	1.682	1.603	1.58	1.767	1.292	0.608	0.567	1.22	1.559	1.624	2.015	1.587		
1884	0.534	1.147	0.759	1.138	1.608	1.34	1.35	1.489	1.681	1.6	1.579	1.767	1.292	0.607	0.566	1.22	1.559	1.624	2.015	1.587		
1885	0.534	1.146	0.758	1.137	1.615	1.339	1.35	1.488	1.68	1.594	1.574	1.766	1.292	0.606	0.565	1.22	1.559	1.624	2.016	1.587		
1886	0.533	1.146	0.757	1.137	1.617	1.339	1.349	1.488	1.68	1.587	1.566	1.766	1.291	0.605	0.565	1.22	1.559	1.624	2.016	1.587		
1887	0.532	1.146	0.755	1.137	1.613	1.338	1.349	1.487	1.679	1.592	1.562	1.765	1.291	0.604	0.564	1.22	1.558	1.623	2.015	1.587		
1888	0.531	1.146	0.754	1.136	1.605	1.338	1.349	1.487	1.679	1.6	1.57	1.765	1.291	0.603	0.564	1.22	1.558	1.624	2.016	1.587		
1889	0.531	1.145	0.753	1.136	1.6	1.338	1.349	1.487	1.678	1.601	1.577	1.764	1.29	0.603	0.563	1.22	1.558	1.624	2.015	1.587		
1890	0.53	1.145	0.752	1.136	1.603	1.337	1.348	1.486	1.677	1.597	1.576	1.764	1.29	0.602	0.562	1.22	1.558	1.624	2.016	1.587		
1891	0.529	1.145	0.75	1.136	1.61	1.337	1.348	1.486	1.677	1.591	1.572	1.763	1.29	0.601	0.562	1.22	1.558	1.624	2.016	1.586		
1892	0.529	1.145	0.749	1.135	1.613	1.337	1.348	1.485	1.676	1.584	1.563	1.762	1.29	0.6	0.561	1.22	1.558	1.624	2.016	1.586		
1893	0.528	1.145	0.748	1.135	1.609	1.336	1.347	1.485	1.675	1.589	1.559	1.762	1.289	0.599	0.561	1.22	1.558	1.623	2.016	1.586		
1894	0.528	1.145	0.747	1.135	1.601	1.336	1.347	1.485	1.675	1.597	1.566	1.762	1.289	0.598	0.56	1.22	1.558	1.623	2.016	1.586		
1895	0.527	1.144	0.746	1.134	1.595	1.336	1.347	1.484	1.674	1.598	1.574	1.762	1.289	0.597	0.559	1.22	1.558	1.623	2.016	1.586		
1896	0.526	1.144	0.744	1.134	1.598	1.335	1.346	1.484	1.674	1.595	1.573	1.761	1.289	0.596	0.559	1.22	1.558	1.623	2.016	1.586		
1897	0.525	1.144	0.743	1.134	1.606	1.335	1.346	1.484	1.673	1.588	1.569	1.761	1.289	0.595	0.558	1.22	1.558	1.623	2.016	1.586		
1898	0.525	1.144	0.742	1.134	1.608	1.335	1.346	1.483	1.672	1.582	1.56	1.76	1.289	0.595	0.558	1.22	1.558	1.623	2.016	1.586		
1899	0.524	1.143	0.741	1.133	1.605	1.334	1.345	1.483	1.672	1.587	1.556	1.76	1.288	0.594	0.557	1.219	1.558	1.623	2.016	1.586		
1900	0.523	1.143	0.74	1.133	1.597	1.334	1.345	1.482	1.671	1.595	1.564	1.759	1.288	0.593	0.557	1.219	1.558	1.623	2.016	1.586		
1901	0.522	1.142	0.738	1.133	1.591	1.333	1.345	1.482	1.67	1.596	1.571	1.759	1.288	0.593	0.556	1.219	1.558	1.623	2.016	1.586		
1902	0.522	1.142	0.737	1.132	1.593	1.333	1.345	1.482	1.669	1.592	1.57	1.758	1.288	0.592	0.556	1.219	1.558	1.623	2.016	1.585		
1903	0.521	1.142	0.736	1.132	1.601	1.333	1.345	1.481	1.669	1.586	1.566	1.758	1.288	0.592	0.555	1.219	1.558	1.623	2.016	1.585		
1904	0.52	1.142	0.735	1.132	1.604	1.333	1.344	1.481	1.668	1.58	1.557	1.758	1.287	0.591	0.554	1.219	1.558	1.623	2.016	1.585		
1905	0.52	1.142	0.734	1.132	1.601	1.332	1.344	1.48	1.668	1.584	1.553	1.757	1.287	0.59	0.554	1.219	1.557	1.623	2.016	1.585		
1906	0.517	1.142	0.733	1.131	1.593	1.332	1.344	1.48	1.667	1.593	1.56	1.757	1.287	0.59	0.553	1.219	1.557	1.623	2.016	1.585		
1907	0.517	1.141	0.732	1.131	1.587	1.331	1.343	1.48	1.667	1.593	1.568	1.756	1.286	0.589	0.553	1.219	1.557	1.623	2.017	1.585		
1908	0.517	1.141	0.731	1.131	1.592	1.331	1.343	1.479	1.666	1.59	1.567	1.756	1.286	0.588	0.552	1.219	1.557	1.623	2.016	1.585		
1909	0.518	1.141	0.73	1.131	1.592	1.331	1.343	1.479	1.665	1.583	1.563	1.756	1.286	0.588	0.552	1.219	1.557	1.623	2.016	1.585		
1910	0.519	1.141	0.729	1.13	1.591	1.33	1.343	1.479	1.665	1.577	1.554	1.755	1.286	0.587	0.551	1.219	1.557	1.623	2.016	1.585		
1911	0.516	1.141	0.727	1.13	1.59	1.33	1.342	1.478	1.664	1.582	1.549	1.754	1.285	0.586	0.551	1.219	1.557	1.623	2.016	1.584		
1912	0.513	1.141	0.726	1.13	1.589	1.33	1.342	1.478	1.663	1.59	1.557	1.754	1.285	0.585	0.55	1.218	1.557	1.622	2.017	1.584		
1913	0.513	1.14	0.725	1.13	1.589	1.329	1.342	1.477	1.663	1.582	1.564	1.754	1.285	0.585	0.55	1.218	1.557	1.623	2.017	1.584		
1914	0.513	1.14	0.724	1.129	1.588	1.329	1.342	1.477	1.662	1.582	1.564	1.762	1.284	0.584	0.549	1.218	1.557	1.623	2.017	1.584		
1915	0.514	1.14	0.723	1.129	1.587	1.329	1.341	1.477	1.662	1.581	1.56	1.761	1.284	0.583	0.549	1.218	1.557	1.622	2.017	1.584		
1916	0.515	1.14	0.722	1.129	1.586	1.328	1.341	1.476	1.661	1.581	1.551	1.751	1.284	0.582	0.548	1.218	1.557	1.622	2.017	1.584		
1917	0.512	1.139	0.721	1.129	1.586	1.328	1.34	1.476	1.66	1.581	1.546	1.746	1.284	0.582	0.548	1.218	1.557	1.622	2.017	1.584		
1918	0.51	1.139	0.72	1.128	1.585	1.328	1.34	1.476	1.66	1.58	1.554	1.747	1.283	0.581	0.547	1.218	1.557	1.622	2.017	1.584		
1919	0.509	1.139	0.719	1.128	1.584	1.328	1.34	1.475	1.659	1.58	1.562	1.754	1.283	0.58	0.547	1.218	1.557	1.622	2.017	1.584		
1920	0.51	1.139	0.718	1.128	1.584	1.327	1.34	1.471	1.658	1.579	1.561	1.76	1.283	0.579	0.546	1.217	1.557	1.622	2.017	1.584		
1921	0.511	1.139	0.717	1.127	1.583	1.327	1.339	1.476	1.658	1.579	1.557	1.758	1.283	0.578	0.546	1.217	1.556	1.622	2.017	1.584		
1922	0.511	1.138	0.716	1.127	1.582	1.326	1.339	1.481	1.658	1.579	1.551	1.749	1.283	0.577	0.545	1.217	1.556	1.622	2.017	1.583		
1923	0.508	1.138	0.715	1.127	1.581	1.326	1.339	1.481	1.657	1.578	1.551	1.743	1.282	0.577	0.545	1.217	1.556	1.622	2.017	1.583		
1924	0.506	1.138	0.714	1.127	1.581	1.326	1.338	1.474	1.656	1.578	1.55	1.745	1.282	0.576	0.544	1.217	1.556	1.622	2.017	1.583		
1925	0.506	1.138	0.713	1.127	1.58	1.326	1.338	1.468	1.656	1.577	1.55	1.751	1.282	0.575	0.544	1.217	1.556	1.622	2.017	1.583		
1926	0.506	1.137	0.712	1.126	1.579	1.325	1.338	1.468	1.655	1.577	1.549	1.757	1.282	0.574	0.543	1.217	1.556	1.622	2.017	1.583		
1927	0.507	1.137	0.711	1.126	1.578	1.325	1.337	1.473	1.654	1.576	1.549	1.756	1.282	0.574	0.543	1.217	1.556	1.622	2.017	1.583		
1928	0.508	1.137	0.71	1.126	1.578	1.324	1.337	1.478	1.654	1.576	1.548	1.746	1.281	0.573	0.542	1.216	1.556	1.622	2.017	1.583		
1929	0.505	1.137	0.709	1.125	1.577	1.324	1.337	1.478	1.653	1.576	1.548	1.74	1.281	0.573	0.541	1.216	1.556	1.622	2.017	1.583		
1930	0.503	1.136	0.708	1.125	1.576	1.324	1.337	1.472	1.652	1.575	1.547	1.742	1.28	0.572	0.541	1.216	1.556	1.622	2.017	1.583		
1931	0.502	1.136	0.707	1.125	1.575	1.323	1.336	1.466	1.652	1.575	1.546	1.749	1.28	0.571	0.54	1.216	1.556	1.622	2.017	1.583		
1932	0.502	1.136	0.706	1.125	1.575	1.323	1.336	1.466	1.651	1.575	1.546	1.755	1.28	0.571	0.54	1.216	1.556	1.622	2.017	1.583		
1933	0.503	1.136	0.705	1.124	1.574	1.323	1.336	1.471	1.651	1.574	1.546	1.753	1.28	0.57	0.54	1.215	1.556	1.622	2.017	1.582		
1934	0.504	1.136	0.704	1.124	1.573	1.322	1.335	1.476	1.65	1.574	1.545	1.744	1.279	0.569	0.539	1.215	1.555	1.622	2.017	1.583		
1935	0.501	1.135	0.703	1.124	1.573	1.322	1.335	1.476	1.649	1.573	1.544	1.738	1.279	0.569	0.539	1.215	1.556	1.622	2.017	1.582		
1936	0.499	1.135	0.702	1.124	1.572	1.322	1.335	1.47	1.649	1.573	1.544	1.74	1.279	0.568	0.538	1.215	1.555	1.621	2.018	1.582		
1937	0.499	1.135	0.701	1.123	1.571	1.321	1.335	1.464	1.648	1.573	1.543	1.747	1.279	0.567	0.537	1.215	1.555	1.621	2.017	1.582		
1938	0.499	1.134	0.7	1.123	1.571	1.321	1.334	1.464	1.648	1.572	1.543	1.752	1.278	0.567	0.537	1.215	1.555	1.621	2.017	1.582		
1939	0.5	1.134	0.699	1.123	1.57	1.321	1.334	1.468	1.647	1.572	1.542	1.75	1.278	0.566	0.536	1.214	1.555	1.621	2.018	1.582		
1940	0.501	1.134	0.698	1.122	1.569	1.321	1.334	1.474	1.646	1.572	1.541	1.741	1.278	0.566	0.536	1.214	1.555	1.621	2.018	1.582		
1941	0.498	1.134	0.697	1.122	1.569	1.32	1.333	1.474	1.646	1.571	1.541	1.735	1.278	0.565	0.535	1.214	1.555	1.621	2.018	1.581		
1942	0.496	1.133	0.696	1.122	1.567	1.32	1.333	1.468	1.645	1.571	1.54	1.737	1.278	0.564	0.535	1.214	1.555	1.621	2.018	1.582		
1943	0.496	1.133	0.695	1.122	1.567	1.32	1.333	1.462	1.645	1.57	1.54	1.743	1.278	0.563	0.534	1.213	1.555	1.621	2.018	1.581		
1944	0.496	1.133	0.695	1.122	1.566	1.319	1.332	1.461	1.644	1.57	1.539	1.749	1.277	0.563	0.533	1.213	1.555	1.621	2.018	1.581		
1945	0.497	1.132	0.694	1.121	1.566	1.319	1.332	1.466	1.643	1.57	1.539	1.748	1.276	0.562	0.533	1.213	1.555	1.621	2.018	1.581		
1946	0.497	1.133	0.693	1.121	1.565	1.319	1.332	1.472	1.643	1.569	1.539	1.739	1.276	0.561	0.532	1.213	1.555	1.621	2.018	1.581		
1947	0.495	1.132	0.692	1.121	1.564	1.318	1.332	1.472	1.642	1.569	1.538	1.733	1.276	0.561	0.532	1.213	1.555	1.621	2.018	1.581		
1948	0.493	1.131	0.691	1.121	1.564	1.318	1.331	1.466	1.641	1.568	1.538	1.734	1.276	0.56	0.531	1.212	1.554	1.621	2.018	1.581		
1949	0.493	1.131	0.69	1.12	1.563	1.318	1.331	1.46	1.641	1.568	1.537	1.741	1.276	0.559	0.531	1.212	1.554	1.621	2.018	1.581		
1950	0.493	1.13	0.69	1.12	1.562	1.317	1.331	1.459	1.64	1.568	1.537	1.747	1.275	0.559	0.53	1.212	1.554	1.621	2.018	1.581		
1951	0.494	1.129	0.689	1.12	1.561	1.317	1.33	1.464	1.64	1.567	1.536	1.745	1.275	0.558	0.529	1.212	1.554	1.621	2.018	1.581		
1952	0.495	1.127	0.688	1.12	1.561	1.317	1.33	1.469	1.639	1.567	1.536	1.737	1.275	0.557	0.529	1.212	1.555	1.621	2.018	1.581		
1953	0.492	1.125	0.687	1.119	1.56	1.316	1.33	1.47	1.638	1.566	1.535	1.73	1.275	0.557	0.528	1.212	1.554	1.621	2.018	1.581		
1954	0.49	1.122	0.686	1.119	1.56	1.316	1.33	1.464	1.638	1.566	1.535	1.731	1.274	0.556	0.528	1.212	1.554	1.621	2.018	1.581		
1955	0.49	1.119	0.685	1.119	1.559	1.316	1.329	1.458	1.637	1.566	1.535	1.738	1.274	0.555	0.527	1.211	1.554	1.621	2.018	1.581		
1956	0.49	1.116	0.684	1.119	1.559	1.315	1.329	1.457	1.637	1.565	1.534	1.744	1.273	0.555	0.527	1.211	1.554	1.621	2.018	1.581		
1957	0.491	1.112	0.683	1.119	1.558	1.315	1.329	1.461	1.636	1.565	1.533	1.743	1.273	0.554	0.526	1.211	1.554	1.621	2.018	1.58		
1958	0.492	1.109	0.682	1.118	1.557	1.315	1.329	1.467	1.636	1.565	1.534	1.734	1.273	0.553	0.526	1.211	1.554	1.62	2.018	1.581		
1959	0.49	1.106	0.681	1.117	1.557	1.315	1.328	1.468	1.635	1.564	1.533	1.728	1.273	0.553	0.525	1.211	1.554	1.62	2.018	1.58		
1960	0.487	1.102	0.68	1.117	1.556	1.314	1.328	1.462	1.634	1.564	1.533	1.728	1.273	0.552	0.525	1.211	1.554	1.62	2.018	1.58		
1961	0.487	1.099	0.68	1.117	1.555	1.314	1.328	1.456	1.634	1.563	1.532	1.735	1.273	0.552	0.524	1.211	1.554	1.62	2.018	1.58		
1962	0.487	1.095	0.679	1.116	1.554	1.314	1.327	1.455	1.634	1.563	1.532	1.741	1.272	0.551	0.524	1.211	1.554	1.62	2.018	1.58		
1963	0.488	1.092	0.678	1.116	1.554	1.313	1.327	1.459	1.633	1.563	1.532	1.741	1.272	0.55	0.523	1.211	1.554	1.62	2.018	1.58		
1964	0.489	1.088	0.677	1.116	1.553	1.313	1.327	1.465	1.632	1.562	1.531	1.732	1.272	0.55	0.523	1.211	1.554	1.62	2.019	1.58		
1965	0.486	1.085	0.676	1.115	1.553	1.313	1.326	1.466	1.631	1.562	1.53	1.726	1.272	0.549	0.522	1.211	1.553	1.62	2.018	1.58		
1966	0.486	1.081	0.675	1.113	1.552	1.312	1.326	1.46	1.631	1.562	1.53	1.726	1.271	0.548	0.522	1.211	1.553	1.62	2.019	1.579		
1967	0.485	1.077	0.674	1.111	1.551	1.312	1.326	1.454	1.63	1.561	1.529	1.733	1.271	0.548	0.521	1.21	1.553	1.62	2.019	1.579		
1968	0.485	1.073	0.673	1.109	1.55	1.312	1.326	1.453	1.63	1.561	1.529	1.739	1.271	0.547	0.521	1.21	1.553	1.62	2.019	1.579		
1969	0.485	1.069	0.672	1.107	1.55	1.311	1.325	1.457	1.629	1.56	1.528	1.738	1.271	0.547	0.52	1.21	1.553	1.62	2.019	1.579		
1970	0.484	1.066	0.672	1.104	1.549	1.311	1.325	1.463	1.629	1.56	1.527	1.73	1.27	0.546	0.52	1.21	1.553	1.62	2.019	1.579		
1971	0.484	1.062	0.671	1.101	1.552	1.311	1.325	1.464	1.628	1.56	1.527	1.723	1.27	0.546	0.519	1.21	1.553	1.62	2.019	1.579		
1972	0.483	1.058	0.67	1.098	1.551	1.311	1.325	1.458	1.628	1.559	1.527	1.723	1.269	0.545	0.519	1.21	1.553	1.62	2.019	1.579		
1973	0.483	1.054	0.669	1.095	1.551	1.31	1.324	1.452	1.627	1.559	1.526	1.73	1.269	0.545	0.519	1.21	1.553	1.62	2.019	1.579		
1974	0.483	1.051	0.668	1.092	1.55	1.31	1.324	1.45	1.626	1.559	1.526	1.737	1.269	0.544	0.518	1.21	1.553	1.62	2.019	1.579		
1975	0.482	1.047	0.667	1.088	1.549	1.31	1.324	1.455	1.626	1.558	1.525	1.728	1.269	0.544	0.518	1.21	1.553	1.62	2.019	1.579		
1976	0.482	1.044	0.666	1.085	1.548	1.309	1.324	1.46	1.625	1.557	1.525	1.728	1.268	0.543	0.517	1.21	1.553	1.62	2.019	1.579		
1977	0.482	1.041	0.666	1.081	1.548	1.309	1.323	1.462	1.625	1.553	1.525	1.727	1.268	0.543	0.517	1.21	1.553	1.62	2.019	1.579		
1978	0.481	1.037	0.665	1.078	1.547	1.309	1.323	1.456	1.624	1.549	1.525	1.727	1.268	0.542	0.517	1.21	1.552	1.62	2.019	1.578		
1979	0.481	1.034	0.664	1.074	1.546	1.308	1.323	1.45	1.624	1.503	1.524	1.726	1.268	0.542	0.516	1.21	1.552	1.62	2.019	1.578		
1980	0.48	1.03	0.663	1.071	1.546	1.308	1.323	1.453	1.623	1.457	1.524	1.726	1.268	0.541	0.516	1.21	1.552	1.619	2.019	1.578		
1981	0.48	1.027	0.662	1.068	1.545	1.308	1.322	1.453	1.623	1.41	1.523	1.725	1.267	0.54	0.515	1.21	1.552	1.62	2.019	1.578		
1982	0.479	1.024	0.661	1.064	1.545	1.308	1.322	1.453	1.622	1.371	1.523	1.725	1.267	0.54	0.515	1.21	1.552	1.619	2.019	1.578		
1983	0.479	1.02	0.66	1.06	1.544	1.307	1.322	1.452	1.622	1.348	1.523	1.725	1.267	0.539	0.514	1.21	1.552	1.619	2.019	1.578		
1984	0.479	1.017	0.66	1.057	1.543	1.307	1.322	1.452	1.621	1.335	1.522	1.724	1.267	0.538	0.514	1.21	1.552	1.619	2.019	1.578		
1985	0.478	1.014	0.659	1.053	1.543	1.307	1.321	1.452	1.62	1.32	1.521	1.723	1.266	0.538	0.513	1.21	1.552	1.619	2.019	1.578		
1986	0.478	1.011	0.658	1.05	1.542	1.306	1.321	1.451	1.62	1.302	1.524	1.723	1.266	0.537	0.512	1.21	1.552	1.619	2.019	1.578		
1987	0.478	1.008	0.657	1.046	1.541	1.306	1.321	1.451	1.619	1.283	1.524	1.723	1.266	0.536	0.512	1.209	1.552	1.619	2.019	1.578		
1988	0.477	1.005	0.657	1.043	1.541	1.306	1.32	1.451	1.619	1.269	1.524	1.723	1.266	0.536	0.511	1.209	1.552	1.619	2.02	1.577		
1989	0.477	1.002	0.656	1.039	1.54	1.305	1.32	1.45	1.618	1.265	1.523	1.722	1.265	0.535	0.511	1.21	1.552	1.619	2.02	1.577		
1990	0.476	0.998	0.655	1.035	1.54	1.305	1.32	1.45	1.618	1.264	1.522	1.722	1.265	0.535	0.51	1.209	1.552	1.619	2.02	1.577		
1991	0.476	0.995	0.654	1.031	1.539	1.305	1.32	1.449	1.617	1.259	1.522	1.722	1.265	0.534	0.51	1.209	1.552	1.619	2.02	1.577		
1992	0.475	0.992	0.653	1.028	1.538	1.305	1.319	1.449	1.617	1.249	1.522	1.721	1.265	0.534	0.509	1.209	1.552	1.619	2.02	1.577		
1993	0.475	0.989	0.652	1.024	1.538	1.304	1.319	1.449	1.616	1.235	1.522	1.721	1.264	0.533	0.509	1.209	1.551	1.619	2.02	1.577		
1994	0.475	0.986	0.651	1.021	1.537	1.304	1.319	1.448	1.616	1.225	1.521	1.72	1.264	0.533	0.508	1.209	1.551	1.619	2.02	1.577		
1995	0.474	0.984	0.651	1.018	1.536	1.304	1.318	1.448	1.615	1.222	1.521	1.72	1.264	0.532	0.508	1.209	1.551	1.619	2.02	1.577		
1996	0.474	0.981	0.65	1.014	1.536	1.303	1.318	1.448	1.615	1.222	1.52	1.719	1.264	0.531	0.507	1.209	1.551	1.619	2.02	1.577		
1997	0.473	0.978	0.649	1.011	1.536	1.303	1.318	1.448	1.614	1.218	1.52	1.719	1.263	0.531	0.506	1.209	1.551	1.619	2.02	1.577		
1998	0.473	0.975	0.649	1.008	1.535	1.303	1.318	1.447	1.613	1.207	1.519	1.718	1.263	0.53	0.506	1.209	1.551	1.619	2.02	1.577		
1999	0.472	0.972	0.648	1.005	1.534	1.302	1.317	1.447	1.613	1.194	1.519	1.719	1.263	0.529	0.506	1.209	1.551	1.619	2.02	1.577		
2000	0.472	0.969	0.647	1.001	1.534	1.302	1.317	1.447	1.612	1.184	1.518	1.718	1.263	0.529	0.505	1.209	1.551	1.619	2.02	1.577		
2001	0.471	0.966	0.647	0.998	1.533	1.302	1.317	1.446	1.612	1.182	1.518	1.718	1.262	0.528	0.505	1.209	1.551	1.619	2.02	1.576		
2002	0.471	0.963	0.646	0.995	1.533	1.301	1.317	1.446	1.612	1.183	1.517	1.717	1.262	0.528	0.504	1.209	1.551	1.619	2.02	1.576		
2003	0.471	0.96	0.645	0.991	1.532	1.301	1.316	1.446	1.611	1.179	1.517	1.717	1.262	0.527	0.504	1.209	1.551	1.619	2.02	1.576		
2004	0.47	0.957	0.645	0.988	1.531	1.301	1.316	1.445	1.61	1.17	1.516	1.716	1.262	0.527	0.503	1.209	1.551	1.619	2.02	1.576		
2005	0.47	0.954	0.644	0.985	1.531	1.301	1.316	1.445	1.61	1.157	1.516	1.716	1.261	0.526	0.502	1.209	1.551	1.619	2.02	1.576		
2006	0.469	0.951	0.644	0.982	1.53	1.3	1.315	1.444	1.609	1.148	1.516	1.715	1.261	0.525	0.502	1.209	1.551	1.619	2.02	1.577		
2007	0.469	0.948	0.643	0.979	1.53	1.3	1.315	1.444	1.609	1.147	1.515	1.715	1.261	0.525	0.502	1.209	1.551	1.619	2.02	1.576		
2008	0.469	0.945	0.642	0.976	1.529	1.3	1.315	1.444	1.608	1.148	1.515	1.715	1.26	0.524	0.501	1.209	1.551	1.618	2.02	1.576		
2009	0.468	0.943	0.642	0.973	1.528	1.299	1.314	1.443	1.608	1.145	1.515	1.714	1.26	0.524	0.501	1.209	1.551	1.619	2.02	1.576		
2010	0.468	0.94	0.641	0.97	1.528	1.299	1.314	1.443	1.607	1.137	1.514	1.714	1.26	0.523	0.5	1.209	1.551	1.618	2.02	1.576		
2011	0.467	0.937	0.64	0.967	1.527	1.299	1.314	1.443	1.607	1.126	1.514	1.714	1.26	0.522	0.5	1.209	1.551	1.618	2.02	1.576		
2012	0.467	0.934	0.639	0.964	1.527	1.299	1.314	1.443	1.606	1.117	1.513	1.714	1.26	0.522	0.5	1.209	1.551	1.618	2.021	1.576		
2013	0.467	0.932	0.638	0.96	1.526	1.298	1.313	1.442	1.606	1.116	1.513	1.714	1.259	0.521	0.499	1.209	1.55	1.618	2.02	1.576		
2014	0.467	0.929	0.638	0.957	1.525	1.298	1.313	1.442	1.605	1.118	1.513	1.713	1.259	0.521	0.499	1.209	1.551	1.618	2.021	1.575		
2015	0.466	0.926	0.637	0.955	1.525	1.298	1.313	1.442	1.605	1.115	1.513	1.713	1.259	0.52	0.499	1.209	1.551	1.618	2.021	1.575		
2016	0.466	0.924	0.636	0.952	1.524	1.298	1.312	1.441	1.604	1.107	1.512	1.712	1.259	0.52	0.498	1.209	1.551	1.618	2.021	1.575		
2017	0.466	0.922	0.635	0.949	1.524	1.297	1.312	1.441	1.604	1.096	1.512	1.712	1.258	0.519	0.498	1.209	1.551	1.618	2.021	1.575		
2018	0.465	0.919	0.635	0.946	1.523	1.297	1.312	1.441	1.603	1.087	1.511	1.711	1.258	0.519	0.498	1.209	1.551	1.618	2.021	1.575		
2019	0.465	0.917	0.634	0.943	1.522	1.297	1.312	1.44	1.603	1.087	1.511	1.711	1.257	0.518	0.497	1.209	1.551	1.618	2.021	1.575		
2020	0.465	0.914	0.634	0.941	1.522	1.296	1.311	1.44	1.602	1.088	1.51	1.711	1.257	0.518	0.497	1.209	1.55	1.618	2.021	1.575		
2021	0.464	0.912	0.633	0.938	1.522	1.296	1.311	1.44	1.602	1.086	1.51	1.71	1.257	0.517	0.496	1.209	1.55	1.618	2.021	1.575		
2022	0.464	0.909	0.632	0.935	1.521	1.296	1.311	1.439	1.601	1.079	1.51	1.71	1.256	0.517	0.496	1.208	1.55	1.618	2.021	1.575		
2023	0.463	0.907	0.632	0.932	1.521	1.296	1.311	1.439	1.601	1.069	1.51	1.709	1.256	0.516	0.496	1.208	1.55	1.618	2.021	1.575		
2024	0.463	0.904	0.631	0.93	1.52	1.295	1.311	1.439	1.6	1.061	1.51	1.709	1.256	0.516	0.495	1.208	1.55	1.618	2.021	1.575		
2025	0.463	0.902	0.631	0.927	1.52	1.295	1.31	1.438	1.6	1.06	1.509	1.708	1.256	0.515	0.495	1.208	1.55	1.618	2.021	1.575		
2026	0.462	0.9	0.63	0.925	1.519	1.295	1.31	1.438	1.599	1.062	1.509	1.708	1.255	0.515	0.494	1.208	1.55	1.618	2.021	1.575		
2027	0.462	0.897	0.629	0.922	1.519	1.294	1.31	1.438	1.598	1.06	1.509	1.708	1.255	0.514	0.494	1.208	1.55	1.618	2.021	1.575		
2028	0.461	0.894	0.629	0.92	1.518	1.294	1.309	1.437	1.598	1.052	1.508	1.708	1.255	0.514	0.493	1.208	1.55	1.618	2.021	1.574		
2029	0.461	0.892	0.628	0.917	1.517	1.294	1.309	1.437	1.598	1.043	1.508	1.707	1.255	0.514	0.493	1.208	1.55	1.618	2.021	1.574		
2030	0.462	0.89	0.627	0.914	1.517	1.293	1.309	1.437	1.598	1.035	1.508	1.707	1.254	0.513	0.492	1.208	1.55	1.618	2.021	1.574		
2031	0.461	0.887	0.627	0.912	1.516	1.293	1.308	1.436	1.597	1.035	1.508	1.706	1.254	0.513	0.492	1.208	1.55	1.618	2.021	1.574		
2032	0.459	0.885	0.626	0.91	1.516	1.293	1.308	1.436	1.596	1.037	1.507	1.706	1.254	0.512	0.492	1.208	1.55	1.618	2.021	1.574		
2033	0.459	0.883	0.625	0.907	1.515	1.293	1.308	1.436	1.596	1.034	1.506	1.704	1.254	0.512	0.491	1.208	1.55	1.618	2.021	1.574		
2034	0.459	0.881	0.625	0.905	1.514	1.292	1.307	1.435	1.596	1.027	1.506	1.704	1.254	0.511	0.491	1.208	1.55	1.617	2.021	1.574		
2035	0.459	0.878	0.624	0.902	1.514	1.292	1.307	1.435	1.595	1.018	1.506	1.703	1.253	0.511	0.49	1.208	1.55	1.617	2.021	1.574		
2036	0.459	0.876	0.623	0.9	1.513	1.292	1.307	1.435	1.595	1.011	1.505	1.703	1.253	0.51	0.49	1.208	1.55	1.618	2.021	1.574		
2037	0.458	0.874	0.622	0.897	1.513	1.292	1.306	1.434	1.595	1.013	1.505	1.702	1.253	0.51	0.49	1.208	1.55	1.618	2.021	1.574		
2038	0.457	0.872	0.622	0.895	1.512	1.291	1.306	1.434	1.594	1.009	1.505	1.696	1.252	0.51	0.489	1.208	1.55	1.617	2.022	1.574		
2039	0.457	0.87	0.621	0.893	1.512	1.291	1.306	1.434	1.594	1.005	1.504	1.703	1.252	0.509	0.489	1.208	1.55	1.617	2.021	1.574		
2040	0.457	0.868	0.621	0.89	1.511	1.291	1.306	1.434	1.593	1.002	1.503	1.71	1.252	0.509	0.489	1.208	1.55	1.617	2.022	1.574		
2041	0.457	0.866	0.62	0.888	1.511	1.291	1.305	1.433	1.593	0.998	1.503	1.711	1.252	0.509	0.488	1.208	1.55	1.617	2.022	1.574		
2042	0.458	0.864	0.62	0.886	1.51	1.29	1.305	1.433	1.592	0.995	1.502	1.705	1.251	0.508	0.488	1.208	1.55	1.617	2.022	1.573		
2043	0.457	0.861	0.619	0.883	1.51	1.29	1.305	1.433	1.592	0.991	1.502	1.697	1.251	0.508	0.487	1.208	1.55	1.617	2.022	1.574		
2044	0.455	0.859	0.619	0.881	1.509	1.29	1.305	1.434	1.592	0.988	1.501	1.695	1.251	0.507	0.487	1.207	1.549	1.617	2.022	1.574		
2045	0.455	0.857	0.618	0.879	1.508	1.29	1.304	1.428	1.591	0.984	1.502	1.702	1.25	0.507	0.486	1.207	1.549	1.617	2.022	1.573		
2046	0.455	0.855	0.618	0.877	1.508	1.289	1.304	1.427	1.591	0.981	1.501	1.708	1.25	0.507	0.486	1.207	1.549	1.617	2.022	1.573		
2047	0.455	0.853	0.617	0.874	1.507	1.289	1.304	1.429	1.59	0.978	1.501	1.709	1.25	0.506	0.486	1.207	1.549	1.617	2.022	1.573		
2048	0.456	0.851	0.617	0.872	1.507	1.289	1.304	1.431	1.59	0.975	1.501	1.703	1.25	0.506	0.485	1.207	1.549	1.617	2.022	1.573		
2049	0.455	0.849	0.616	0.87	1.506	1.289	1.303	1.435	1.59	0.971	1.501	1.695	1.25	0.505	0.485	1.207	1.549	1.617	2.022	1.573		
2050	0.453	0.847	0.616	0.868	1.506	1.288	1.303	1.432	1.589	0.968	1.5	1.693	1.249	0.505	0.485	1.207	1.549	1.617	2.022	1.573		
2051	0.453	0.846	0.615	0.866	1.505	1.288	1.303	1.426	1.589	0.965	1.5	1.699	1.249	0.504	0.484	1.207	1.549	1.617	2.022	1.573		
2052	0.453	0.844	0.615	0.864	1.504	1.288	1.303	1.425	1.589	0.962	1.499	1.706	1.249	0.504	0.484	1.207	1.549	1.617	2.022	1.573		
2053	0.453	0.842	0.614	0.862	1.504	1.288	1.302	1.426	1.588	0.959	1.499	1.706	1.248	0.504	0.484	1.207	1.549	1.617	2.022	1.573		
2054	0.453	0.84	0.614	0.86	1.503	1.287	1.302	1.428	1.588	0.956	1.499	1.701	1.248	0.503	0.483	1.207	1.549	1.617	2.022	1.573		
2055	0.452	0.838	0.613	0.858	1.503	1.287	1.302	1.43	1.588	0.953	1.499	1.693	1.248	0.503	0.483	1.207	1.549	1.617	2.022	1.573		
2056	0.451	0.837	0.613	0.856	1.502	1.287	1.301	1.426	1.587	0.95	1.499	1.69	1.248	0.502	0.482	1.207	1.549	1.617	2.022	1.573		
2057	0.45	0.835	0.612	0.854	1.502	1.286	1.301	1.419	1.587	0.947	1.498	1.697	1.247	0.502	0.482	1.207	1.549	1.617	2.022	1.572		
2058	0.45	0.833	0.612	0.852	1.501	1.286	1.301	1.416	1.586	0.943	1.497	1.703	1.247	0.501	0.482	1.207	1.549	1.617	2.022	1.573		
2059	0.45	0.831	0.611	0.85	1.501	1.286	1.301	1.415	1.586	0.94	1.497	1.704	1.247	0.501	0.481	1.207	1.549	1.617	2.022	1.572		
2060	0.451	0.829	0.611	0.848	1.5	1.286	1.301	1.415	1.586	0.938	1.497	1.698	1.247	0.5	0.481	1.207	1.549	1.617	2.022	1.572		
2061	0.45	0.827	0.61	0.846	1.5	1.285	1.301	1.417	1.585	0.934	1.496	1.691	1.246	0.5	0.481	1.207	1.549	1.617	2.022	1.572		
2062	0.449	0.825	0.609	0.845	1.499	1.285	1.3	1.412	1.585	0.931	1.495	1.688	1.246	0.499	0.481	1.207	1.549	1.617	2.022	1.572		
2063	0.448	0.823	0.609	0.843	1.499	1.285	1.3	1.404	1.585	0.928	1.495	1.694	1.246	0.499	0.48	1.207	1.549	1.617	2.022	1.572		
2064	0.448	0.821	0.609	0.841	1.498	1.284	1.3	1.4	1.584	0.925	1.495	1.701	1.245	0.498	0.48	1.207	1.549	1.617	2.022	1.572		
2065	0.448	0.82	0.608	0.839	1.498	1.284	1.3	1.399	1.584	0.923	1.494	1.702	1.245	0.498	0.48	1.207	1.549	1.617	2.022	1.572		
2066	0.449	0.818	0.608	0.837	1.497	1.284	1.299	1.399	1.584	0.92	1.494	1.696	1.245	0.497	0.479	1.207	1.549	1.617	2.022	1.572		
2067	0.448	0.816	0.607	0.835	1.497	1.284	1.299	1.4	1.583	0.917	1.494	1.688	1.244	0.497	0.479	1.207	1.549	1.616	2.022	1.572		
2068	0.447	0.814	0.607	0.833	1.496	1.283	1.299	1.395	1.583	0.914	1.493	1.685	1.244	0.496	0.479	1.207	1.549	1.617	2.023	1.572		
2069	0.446	0.812	0.606	0.831	1.496	1.283	1.298	1.387	1.582	0.911	1.493	1.691	1.244	0.496	0.478	1.206	1.549	1.616	2.022	1.572		
2070	0.446	0.81	0.606	0.83	1.495	1.283	1.298	1.383	1.582	0.909	1.493	1.698	1.244	0.496	0.478	1.206	1.549	1.616	2.023	1.572		
2071	0.446	0.808	0.605	0.828	1.494	1.283	1.298	1.381	1.582	0.906	1.492	1.699	1.243	0.495	0.478	1.206	1.549	1.616	2.023	1.572		
2072	0.447	0.806	0.605	0.826	1.494	1.282	1.297	1.38	1.581	0.904	1.492	1.693	1.243	0.495	0.477	1.206	1.549	1.616	2.023	1.572		
2073	0.446	0.805	0.604	0.824	1.493	1.282	1.297	1.381	1.581	0.901	1.492	1.685	1.243	0.495	0.477	1.206	1.549	1.616	2.023	1.572		
2074	0.445	0.803	0.604	0.823	1.493	1.282	1.297	1.376	1.581	0.898	1.491	1.682	1.243	0.494	0.477	1.206	1.549	1.616	2.023	1.572		
2075	0.444	0.801	0.603	0.821	1.492	1.281	1.297	1.366	1.581	0.896	1.491	1.689	1.242	0.494	0.476	1.206	1.549	1.616	2.023	1.572		
2076	0.444	0.799	0.603	0.819	1.492	1.281	1.296	1.361	1.58	0.894	1.491	1.696	1.242	0.494	0.476	1.206	1.549	1.616	2.023	1.572		
2077	0.444	0.798	0.602	0.818	1.491	1.281	1.296	1.359	1.58	0.891	1.49	1.696	1.242	0.493	0.476	1.206	1.549	1.616	2.023	1.571		
2078	0.445	0.796	0.601	0.816	1.491	1.281	1.296	1.358	1.58	0.889	1.49	1.691	1.242	0.493	0.475	1.206	1.549	1.616	2.023	1.572		
2079	0.445	0.794	0.601	0.814	1.49	1.281	1.295	1.358	1.579	0.887	1.489	1.683	1.241	0.492	0.475	1.206	1.549	1.616	2.023	1.571		
2080	0.443	0.793	0.6	0.813	1.489	1.28	1.295	1.353	1.579	0.885	1.489	1.68	1.241	0.492	0.475	1.205	1.549	1.616	2.023	1.571		
2081	0.443	0.791	0.6	0.811	1.489	1.28	1.295	1.344	1.579	0.883	1.488	1.686	1.241	0.491	0.474	1.206	1.549	1.616	2.023	1.571		
2082	0.443	0.79	0.599	0.809	1.488	1.28	1.294	1.339	1.578	0.88	1.488	1.693	1.241	0.491	0.474	1.205	1.549	1.616	2.023	1.571		
2083	0.443	0.788	0.598	0.807	1.488	1.28	1.294	1.336	1.578	0.878	1.487	1.694	1.24	0.491	0.474	1.205	1.549	1.616	2.023	1.571		
2084	0.443	0.786	0.598	0.806	1.488	1.279	1.294	1.335	1.578	0.876	1.487	1.689	1.24	0.49	0.473	1.205	1.548	1.616	2.023	1.571		
2085	0.443	0.785	0.597	0.804	1.487	1.279	1.294	1.335	1.578	0.873	1.486	1.681	1.24	0.49	0.473	1.205	1.548	1.616	2.023	1.571		
2086	0.441	0.783	0.597	0.802	1.487	1.279	1.294	1.329	1.577	0.871	1.486	1.678	1.24	0.49	0.472	1.205	1.548	1.616	2.023	1.571		
2087	0.441	0.781	0.596	0.8	1.486	1.279	1.293	1.32	1.577	0.869	1.485	1.683	1.239	0.489	0.472	1.205	1.548	1.616	2.023	1.571		
2088	0.441	0.78	0.596	0.799	1.486	1.278	1.293	1.315	1.577	0.867	1.485	1.69	1.239	0.489	0.472	1.205	1.548	1.616	2.023	1.571		
2089	0.441	0.779	0.595	0.797	1.485	1.278	1.293	1.312	1.577	0.865	1.484	1.691	1.239	0.488	0.471	1.205	1.548	1.616	2.023	1.571		
2090	0.441	0.777	0.595	0.795	1.484	1.278	1.293	1.311	1.576	0.863	1.484	1.686	1.239	0.488	0.471	1.205	1.548	1.616	2.023	1.571		
2091	0.44	0.775	0.594	0.793	1.484	1.277	1.292	1.311	1.576	0.86	1.483	1.677	1.238	0.488	0.471	1.205	1.548	1.616	2.023	1.571		
2092	0.44	0.774	0.593	0.792	1.483	1.277	1.292	1.306	1.576	0.858	1.483	1.674	1.238	0.487	0.47	1.205	1.548	1.616	2.023	1.571		
2093	0.44	0.772	0.593	0.79	1.483	1.277	1.292	1.297	1.575	0.856	1.482	1.68	1.238	0.487	0.47	1.205	1.548	1.615	2.024	1.571		
2094	0.44	0.771	0.592	0.788	1.482	1.277	1.292	1.292	1.575	0.854	1.483	1.687	1.237	0.487	0.47	1.205	1.548	1.615	2.024	1.571		
2095	0.439	0.769	0.592	0.786	1.482	1.276	1.291	1.289	1.575	0.852	1.482	1.688	1.237	0.486	0.469	1.205	1.548	1.615	2.024	1.57		
2096	0.439	0.768	0.592	0.785	1.481	1.276	1.291	1.287	1.574	0.85	1.482	1.684	1.237	0.486	0.469	1.205	1.548	1.615	2.024	1.57		
2097	0.439	0.767	0.591	0.783	1.481	1.276	1.291	1.287	1.574	0.848	1.481	1.676	1.237	0.486	0.469	1.205	1.548	1.615	2.024	1.57		
2098	0.438	0.765	0.591	0.782	1.48	1.276	1.291	1.282	1.574	0.846	1.481	1.672	1.237	0.485	0.468	1.205	1.548	1.615	2.024	1.57		
2099	0.438	0.764	0.59	0.78	1.48	1.275	1.291	1.273	1.573	0.844	1.48	1.679	1.237	0.485	0.468	1.204	1.548	1.615	2.024	1.57		
2100	0.438	0.763	0.59	0.779	1.479	1.275	1.29	1.267	1.573	0.842	1.48	1.678	1.236	0.485	0.467	1.204	1.548	1.615	2.024	1.57		
2101	0.438	0.761	0.59	0.777	1.478	1.275	1.29	1.265	1.573	0.843	1.479	1.677	1.236	0.484	0.467	1.204	1.548	1.615	2.024	1.57		
2102	0.437	0.76	0.589	0.776	1.478	1.275	1.289	1.263	1.572	0.841	1.479	1.677	1.236	0.484	0.467	1.204	1.548	1.615	2.024	1.57		
2103	0.437	0.759	0.589	0.774	1.477	1.274	1.289	1.263	1.572	0.839	1.478	1.677	1.235	0.483	0.466	1.204	1.548	1.615	2.024	1.57		
2104	0.437	0.757	0.589	0.772	1.477	1.274	1.289	1.254	1.572	0.838	1.477	1.676	1.235	0.483	0.466	1.204	1.548	1.615	2.024	1.57		
2105	0.437	0.756	0.588	0.771	1.476	1.274	1.289	1.251	1.572	0.836	1.476	1.677	1.235	0.482	0.466	1.204	1.548	1.615	2.024	1.57		
2106	0.436	0.754	0.588	0.769	1.476	1.274	1.289	1.247	1.571	0.834	1.476	1.675	1.234	0.482	0.465	1.204	1.548	1.615	2.024	1.57		
2107	0.436	0.753	0.588	0.768	1.476	1.273	1.288	1.243	1.571	0.833	1.476	1.675	1.234	0.482	0.465	1.204	1.548	1.615	2.024	1.57		
2108	0.436	0.752	0.587	0.766	1.475	1.273	1.288	1.239	1.57	0.831	1.475	1.675	1.234	0.481	0.465	1.204	1.548	1.615	2.024	1.57		
2109	0.435	0.751	0.587	0.765	1.474	1.273	1.288	1.235	1.57	0.829	1.474	1.674	1.234	0.481	0.464	1.204	1.548	1.615	2.024	1.569		
2110	0.435	0.749	0.586	0.763	1.474	1.273	1.288	1.231	1.57	0.827	1.474	1.674	1.234	0.48	0.464	1.204	1.548	1.615	2.024	1.57		
2111	0.435	0.748	0.586	0.762	1.473	1.272	1.287	1.227	1.569	0.826	1.474	1.673	1.233	0.48	0.463	1.203	1.548	1.615	2.024	1.569		
2112	0.434	0.747	0.585	0.76	1.473	1.272	1.287	1.223	1.569	0.824	1.473	1.673	1.233	0.48	0.463	1.204	1.548	1.615	2.024	1.569		
2113	0.434	0.745	0.585	0.759	1.473	1.272	1.287	1.219	1.569	0.822	1.473	1.673	1.233	0.48	0.463	1.204	1.548	1.615	2.024	1.569		
2114	0.434	0.744	0.585	0.757	1.472	1.272	1.287	1.215	1.568	0.821	1.472	1.672	1.233	0.479	0.462	1.204	1.548	1.615	2.024	1.569		
2115	0.433	0.743	0.584	0.756	1.472	1.271	1.287	1.212	1.568	0.819	1.472	1.672	1.233	0.478	0.462	1.203	1.548	1.615	2.024	1.569		
2116	0.433	0.742	0.584	0.755	1.471	1.271	1.287	1.208	1.568	0.817	1.471	1.671	1.232	0.478	0.461	1.204	1.548	1.615	2.024	1.569		
2117	0.433	0.74	0.583	0.753	1.471	1.271	1.286	1.204	1.567	0.816	1.471	1.671	1.232	0.478	0.461	1.203	1.548	1.615	2.024	1.569		
2118	0.433	0.739	0.583	0.752	1.47	1.271	1.286	1.201	1.567	0.814	1.47	1.671	1.232	0.477	0.461	1.203	1.548	1.615	2.024	1.569		
2119	0.432	0.738	0.582	0.75	1.47	1.271	1.286	1.198	1.566	0.812	1.47	1.67	1.232	0.477	0.46	1.203	1.548	1.615	2.024	1.569		
2120	0.432	0.737	0.582	0.749	1.469	1.27	1.286	1.194	1.566	0.81	1.47	1.669	1.231	0.476	0.46	1.203	1.548	1.615	2.024	1.569		
2121	0.432	0.736	0.581	0.747	1.469	1.27	1.286	1.19	1.566	0.808	1.469	1.669	1.231	0.476	0.46	1.203	1.548	1.615	2.025	1.569		
2122	0.432	0.735	0.581	0.746	1.468	1.27	1.285	1.187	1.565	0.807	1.469	1.669	1.231	0.476	0.459	1.203	1.547	1.615	2.025	1.569		
2123	0.432	0.733	0.581	0.745	1.468	1.27	1.285	1.184	1.565	0.806	1.468	1.668	1.231	0.476	0.459	1.203	1.548	1.614	2.025	1.569		
2124	0.431	0.732	0.58	0.744	1.467	1.269	1.285	1.18	1.565	0.804	1.468	1.668	1.23	0.475	0.459	1.203	1.547	1.614	2.025	1.569		
2125	0.431	0.731	0.58	0.742	1.467	1.269	1.285	1.177	1.564	0.802	1.468	1.667	1.23	0.475	0.459	1.203	1.547	1.614	2.025	1.568		
2126	0.431	0.73	0.579	0.741	1.467	1.269	1.285	1.174	1.564	0.801	1.467	1.667	1.23	0.475	0.458	1.203	1.548	1.614	2.025	1.568		
2127	0.431	0.728	0.579	0.74	1.466	1.269	1.285	1.17	1.563	0.8	1.467	1.667	1.23	0.474	0.458	1.203	1.547	1.614	2.025	1.568		
2128	0.43	0.727	0.578	0.739	1.466	1.268	1.284	1.167	1.563	0.798	1.466	1.666	1.23	0.474	0.458	1.203	1.547	1.614	2.025	1.568		
2129	0.43	0.726	0.578	0.737	1.465	1.268	1.284	1.164	1.562	0.797	1.465	1.666	1.229	0.473	0.458	1.202	1.547	1.614	2.025	1.568		
2130	0.43	0.725	0.578	0.736	1.465	1.268	1.284	1.161	1.562	0.795	1.464	1.665	1.229	0.473	0.457	1.202	1.547	1.614	2.025	1.568		
2131	0.43	0.723	0.577	0.735	1.464	1.268	1.284	1.157	1.561	0.793	1.464	1.665	1.229	0.473	0.457	1.202	1.547	1.614	2.025	1.568		
2132	0.43	0.722	0.577	0.733	1.464	1.268	1.284	1.154	1.561	0.792	1.464	1.665	1.228	0.472	0.457	1.202	1.547	1.614	2.025	1.568		
2133	0.43	0.721	0.576	0.732	1.463	1.267	1.284	1.151	1.561	0.79	1.463	1.664	1.228	0.472	0.456	1.202	1.547	1.614	2.025	1.568		
2134	0.429	0.72	0.576	0.731	1.463	1.267	1.283	1.148	1.56	0.788	1.462	1.664	1.228	0.472	0.456	1.202	1.547	1.614	2.025	1.568		
2135	0.429	0.719	0.576	0.73	1.462	1.267	1.283	1.145	1.56	0.787	1.462	1.663	1.228	0.471	0.456	1.202	1.547	1.614	2.025	1.568		
2136	0.429	0.717	0.575	0.728	1.462	1.267	1.283	1.142	1.56	0.786	1.462	1.663	1.228	0.471	0.456	1.202	1.547	1.614	2.025	1.568		
2137	0.429	0.716	0.575	0.727	1.461	1.266	1.283	1.139	1.559	0.784	1.461	1.663	1.228	0.47	0.455	1.202	1.547	1.614	2.025	1.568		
2138	0.428	0.715	0.574	0.726	1.46	1.266	1.282	1.136	1.559	0.783	1.46	1.662	1.227	0.47	0.455	1.202	1.547	1.614	2.025	1.568		
2139	0.428	0.714	0.574	0.725	1.46	1.266	1.282	1.133	1.558	0.782	1.46	1.662	1.227	0.469	0.455	1.202	1.547	1.614	2.025	1.567		
2140	0.428	0.712	0.574	0.724	1.46	1.266	1.282	1.131	1.558	0.781	1.46	1.661	1.227	0.469	0.454	1.202	1.547	1.614	2.025	1.567		
2141	0.428	0.711	0.573	0.722	1.459	1.265	1.282	1.128	1.557	0.779	1.459	1.661	1.227	0.468	0.454	1.202	1.547	1.614	2.025	1.567		
2142	0.428	0.71	0.573	0.721	1.458	1.265	1.282	1.125	1.557	0.778	1.459	1.661	1.226	0.468	0.454	1.202	1.547	1.614	2.025	1.567		
2143	0.427	0.709	0.573	0.72	1.458	1.265	1.281	1.122	1.557	0.776	1.459	1.66	1.226	0.468	0.454	1.201	1.547	1.614	2.025	1.567		
2144	0.427	0.707	0.572	0.719	1.458	1.265	1.281	1.119	1.556	0.775	1.459	1.66	1.226	0.467	0.453	1.201	1.547	1.614	2.025	1.567		
2145	0.427	0.707	0.572	0.718	1.457	1.265	1.281	1.117	1.556	0.774	1.458	1.659	1.226	0.467	0.453	1.201	1.547	1.614	2.025	1.567		
2146	0.427	0.705	0.572	0.717	1.457	1.264	1.281	1.114	1.555	0.772	1.457	1.659	1.226	0.467	0.453	1.201	1.547	1.614	2.025	1.567		
2147	0.427	0.704	0.571	0.715	1.457	1.264	1.281	1.111	1.555	0.771	1.457	1.659	1.226	0.466	0.453	1.201	1.547	1.614	2.026	1.567		
2148	0.426	0.703	0.571	0.714	1.456	1.264	1.281	1.108	1.554	0.77	1.456	1.658	1.225	0.466	0.452	1.201	1.547	1.614	2.025	1.567		
2149	0.426	0.702	0.57	0.713	1.455	1.264	1.28	1.106	1.554	0.768	1.456	1.658	1.225	0.466	0.452	1.201	1.547	1.614	2.026	1.567		
2150	0.426	0.701	0.57	0.712	1.455	1.263	1.28	1.103	1.553	0.767	1.455	1.658	1.225	0.465	0.452	1.201	1.547	1.614	2.026	1.567		
2151	0.426	0.7	0.57	0.711	1.454	1.263	1.28	1.1	1.553	0.766	1.455	1.657	1.225	0.465	0.451	1.201	1.547	1.614	2.026	1.567		
2152	0.426	0.699	0.569	0.709	1.454	1.263	1.28	1.098	1.552	0.765	1.454	1.657	1.224	0.465	0.451	1.201	1.547	1.614	2.026	1.566		
2153	0.425	0.698	0.569	0.708	1.454	1.263	1.28	1.095	1.552	0.764	1.454	1.656	1.224	0.465	0.451	1.201	1.547	1.614	2.026	1.566		
2154	0.425	0.697	0.569	0.707	1.453	1.263	1.28	1.093	1.552	0.763	1.453	1.656	1.224	0.464	0.45	1.201	1.547	1.614	2.026	1.566		
2155	0.425	0.696	0.568	0.706	1.453	1.262	1.279	1.09	1.551	0.761	1.453	1.656	1.224	0.464	0.45	1.201	1.547	1.614	2.026	1.566		
2156	0.425	0.695	0.568	0.705	1.452	1.262	1.279	1.088	1.551	0.76	1.452	1.655	1.224	0.464	0.45	1.2	1.547	1.614	2.026	1.566		
2157	0.424	0.694	0.567	0.704	1.452	1.262	1.279	1.086	1.55	0.759	1.452	1.655	1.223	0.463	0.45	1.2	1.547	1.614	2.026	1.566		
2158	0.424	0.693	0.567	0.703	1.451	1.262	1.279	1.083	1.55	0.758	1.451	1.654	1.223	0.463	0.449	1.2	1.547	1.614	2.026	1.566		
2159	0.424	0.692	0.567	0.702	1.451	1.261	1.279	1.081	1.549	0.757	1.45	1.654	1.223	0.462	0.449	1.2	1.547	1.614	2.026	1.566		
2160	0.424	0.691	0.566	0.701	1.451	1.261	1.278	1.079	1.549	0.756	1.45	1.654	1.223	0.462	0.449	1.2	1.547	1.614	2.026	1.566		
2161	0.424	0.69	0.566	0.7	1.45	1.261	1.278	1.077	1.549	0.755	1.449	1.653	1.223	0.462	0.449	1.2	1.547	1.614	2.026	1.566		
2162	0.423	0.689	0.565	0.699	1.45	1.261	1.278	1.074	1.548	0.754	1.449	1.657	1.222	0.462	0.448	1.2	1.547	1.614	2.026	1.566		
2163	0.423	0.688	0.565	0.698	1.449	1.261	1.278	1.072	1.548	0.753	1.449	1.656	1.222	0.461	0.448	1.2	1.547	1.614	2.026	1.566		
2164	0.423	0.686	0.565	0.697	1.449	1.26	1.278	1.07	1.547	0.752	1.449	1.656	1.222	0.461	0.448	1.2	1.547	1.614	2.026	1.565		
2165	0.423	0.685	0.564	0.696	1.448	1.26	1.277	1.068	1.547	0.75	1.448	1.656	1.222	0.461	0.448	1.2	1.547	1.614	2.026	1.565		
2166	0.423	0.684	0.564	0.695	1.448	1.26	1.277	1.066	1.546	0.749	1.448	1.655	1.221	0.46	0.447	1.2	1.547	1.614	2.026	1.565		
2167	0.422	0.683	0.564	0.694	1.447	1.26	1.277	1.063	1.546	0.748	1.447	1.655	1.221	0.46	0.447	1.2	1.547	1.614	2.026	1.565		
2168	0.422	0.682	0.563	0.693	1.447	1.259	1.277	1.061	1.546	0.747	1.447	1.654	1.221	0.46	0.447	1.2	1.547	1.614	2.026	1.565		
2169	0.422	0.681	0.563	0.692	1.446	1.259	1.277	1.062	1.545	0.746	1.446	1.654	1.221	0.459	0.446	1.2	1.546	1.614	2.026	1.565		
2170	0.422	0.68	0.562	0.691	1.446	1.259	1.277	1.061	1.545	0.744	1.445	1.654	1.22	0.459	0.446	1.199	1.547	1.614	2.026	1.565		
2171	0.422	0.68	0.562	0.69	1.446	1.259	1.276	1.055	1.544	0.743	1.445	1.653	1.22	0.459	0.446	1.199	1.547	1.614	2.026	1.565		
2172	0.421	0.679	0.561	0.689	1.445	1.259	1.276	1.051	1.544	0.742	1.444	1.653	1.22	0.458	0.445	1.199	1.547	1.614	2.026	1.565		
2173	0.421	0.678	0.561	0.688	1.445	1.258	1.276	1.049	1.544	0.74	1.444	1.653	1.22	0.458	0.445	1.199	1.547	1.614	2.026	1.565		
2174	0.421	0.677	0.561	0.687	1.444	1.258	1.276	1.049	1.543	0.739	1.443	1.652	1.22	0.458	0.445	1.199	1.547	1.614	2.026	1.565		
2175	0.42	0.676	0.56	0.686	1.444	1.258	1.276	1.05	1.543	0.738	1.443	1.652	1.219	0.457	0.444	1.199	1.547	1.614	2.027	1.565		
2176	0.42	0.675	0.56	0.685	1.444	1.258	1.275	1.05	1.542	0.737	1.443	1.651	1.219	0.457	0.444	1.199	1.547	1.614	2.027	1.565		
2177	0.42	0.675	0.559	0.684	1.443	1.257	1.275	1.044	1.542	0.736	1.442	1.651	1.219	0.457	0.444	1.199	1.547	1.614	2.027	1.565		
2178	0.42	0.674	0.559	0.683	1.443	1.257	1.275	1.039	1.541	0.735	1.441	1.651	1.219	0.456	0.444	1.199	1.547	1.614	2.027	1.565		
2179	0.419	0.673	0.558	0.683	1.442	1.257	1.275	1.038	1.541	0.734	1.441	1.65	1.219	0.456	0.443	1.199	1.547	1.614	2.027	1.565		
2180	0.419	0.672	0.558	0.682	1.442	1.257	1.275	1.037	1.541	0.733	1.44	1.65	1.218	0.456	0.443	1.199	1.547	1.614	2.027	1.565		
2181	0.419	0.671	0.558	0.681	1.442	1.257	1.275	1.038	1.54	0.732	1.44	1.649	1.218	0.455	0.443	1.199	1.547	1.614	2.027	1.565		
2182	0.419	0.67	0.558	0.68	1.441	1.256	1.275	1.038	1.54	0.731	1.44	1.649	1.218	0.455	0.443	1.198	1.547	1.614	2.027	1.565		
2183	0.419	0.67	0.557	0.679	1.441	1.256	1.274	1.032	1.538	0.73	1.439	1.649	1.218	0.455	0.442	1.198	1.547	1.614	2.027	1.565		
2184	0.419	0.669	0.557	0.678	1.44	1.256	1.274	1.028	1.537	0.729	1.439	1.648	1.217	0.454	0.442	1.198	1.547	1.614	2.027	1.565		
2185	0.418	0.668	0.557	0.678	1.44	1.256	1.274	1.027	1.517	0.728	1.439	1.648	1.217	0.454	0.442	1.198	1.547	1.614	2.027	1.564		
2186	0.418	0.667	0.556	0.677	1.439	1.256	1.274	1.026	1.478	0.727	1.438	1.647	1.217	0.453	0.442	1.198	1.546	1.613	2.027	1.565		
2187	0.418	0.666	0.556	0.676	1.439	1.255	1.274	1.027	1.442	0.726	1.438	1.647	1.217	0.453	0.441	1.198	1.547	1.614	2.027	1.564		
2188	0.418	0.665	0.556	0.676	1.438	1.255	1.273	1.026	1.415	0.725	1.437	1.647	1.217	0.453	0.441	1.198	1.546	1.614	2.027	1.564		
2189	0.417	0.664	0.555	0.675	1.438	1.255	1.273	1.021	1.389	0.724	1.437	1.646	1.216	0.452	0.441	1.198	1.547	1.614	2.027	1.564		
2190	0.417	0.663	0.555	0.674	1.438	1.255	1.273	1.016	1.369	0.723	1.436	1.646	1.216	0.452	0.44	1.198	1.547	1.614	2.027	1.564		
2191	0.417	0.662	0.555	0.674	1.437	1.255	1.273	1.015	1.353	0.722	1.436	1.646	1.216	0.451	0.44	1.198	1.546	1.614	2.027	1.564		
2192	0.417	0.661	0.554	0.673	1.437	1.254	1.273	1.014	1.34	0.722	1.435	1.645	1.216	0.451	0.44	1.198	1.547	1.613	2.027	1.564		
2193	0.417	0.661	0.554	0.672	1.437	1.254	1.272	1.016	1.33	0.721	1.435	1.645	1.216	0.451	0.44	1.198	1.546	1.613	2.027	1.564		
2194	0.417	0.66	0.554	0.672	1.436	1.254	1.273	1.016	1.32	0.72	1.434	1.645	1.216	0.45	0.439	1.198	1.546	1.614	2.027	1.563		
2195	0.416	0.659	0.553	0.671	1.436	1.254	1.272	1.011	1.312	0.719	1.434	1.644	1.216	0.45	0.439	1.198	1.546	1.614	2.027	1.563		
2196	0.416	0.658	0.553	0.67	1.435	1.254	1.272	1.006	1.304	0.718	1.433	1.644	1.216	0.45	0.439	1.198	1.546	1.614	2.027	1.563		
2197	0.416	0.657	0.553	0.669	1.435	1.253	1.272	1.005	1.296	0.718	1.433	1.643	1.215	0.449	0.438	1.198	1.546	1.613	2.027	1.563		
2198	0.416	0.656	0.552	0.668	1.434	1.253	1.272	1.005	1.29	0.717	1.432	1.643	1.215	0.449	0.438	1.197	1.546	1.613	2.027	1.563		
2199	0.416	0.655	0.552	0.668	1.434	1.253	1.271	1.006	1.283	0.716	1.432	1.643	1.215	0.448	0.438	1.197	1.546	1.614	2.027	1.563		
2200	0.415	0.655	0.552	0.667	1.434	1.253	1.271	1.006	1.277	0.715	1.432	1.643	1.215	0.448	0.437	1.197	1.546	1.614	2.027	1.563		
2201	0.415	0.654	0.551	0.666	1.433	1.252	1.271	1.001	1.271	0.715	1.432	1.642	1.215	0.448	0.437	1.197	1.546	1.613	2.027	1.563		
2202	0.415	0.653	0.551	0.665	1.433	1.252	1.271	0.997	1.265	0.714	1.431	1.642	1.214	0.448	0.437	1.197	1.546	1.614	2.028	1.563		
2203	0.415	0.652	0.55	0.664	1.433	1.252	1.271	0.995	1.259	0.713	1.431	1.641	1.214	0.447	0.436	1.197	1.546	1.614	2.028	1.563		
2204	0.415	0.652	0.55	0.664	1.432	1.252	1.27	0.995	1.253	0.712	1.431	1.641	1.214	0.447	0.436	1.197	1.546	1.614	2.028	1.563		
2205	0.414	0.651	0.55	0.663	1.432	1.252	1.27	0.996	1.248	0.711	1.43	1.641	1.214	0.447	0.436	1.197	1.546	1.614	2.028	1.563		
2206	0.414	0.65	0.549	0.662	1.431	1.252	1.27	0.996	1.243	0.71	1.43	1.64	1.214	0.446	0.436	1.197	1.546	1.614	2.028	1.563		
2207	0.414	0.649	0.549	0.661	1.431	1.251	1.27	0.991	1.237	0.709	1.429	1.64	1.214	0.446	0.435	1.197	1.546	1.614	2.027	1.563		
2208	0.414	0.649	0.549	0.661	1.43	1.251	1.27	0.986	1.232	0.708	1.428	1.64	1.214	0.446	0.435	1.197	1.546	1.613	2.028	1.563		
2209	0.413	0.648	0.548	0.66	1.43	1.251	1.269	0.985	1.227	0.707	1.428	1.64	1.213	0.446	0.435	1.197	1.546	1.613	2.028	1.563		
2210	0.413	0.647	0.548	0.659	1.429	1.251	1.269	0.984	1.222	0.706	1.427	1.639	1.213	0.445	0.435	1.197	1.546	1.614	2.028	1.563		
2211	0.413	0.647	0.547	0.658	1.429	1.251	1.269	0.985	1.217	0.705	1.428	1.639	1.213	0.445	0.434	1.197	1.546	1.614	2.028	1.563		
2212	0.413	0.646	0.547	0.657	1.428	1.25	1.269	0.985	1.213	0.704	1.427	1.639	1.213	0.445	0.434	1.196	1.546	1.614	2.028	1.562		
2213	0.413	0.645	0.547	0.657	1.428	1.25	1.269	0.981	1.208	0.703	1.427	1.638	1.213	0.445	0.434	1.196	1.546	1.614	2.028	1.562		
2214	0.413	0.645	0.547	0.656	1.428	1.25	1.269	0.976	1.204	0.703	1.426	1.637	1.213	0.445	0.434	1.196	1.546	1.614	2.028	1.562		
2215	0.412	0.644	0.546	0.655	1.427	1.25	1.268	0.975	1.199	0.702	1.426	1.637	1.212	0.444	0.434	1.196	1.546	1.614	2.028	1.562		
2216	0.412	0.643	0.546	0.655	1.426	1.25	1.268	0.974	1.194	0.701	1.426	1.637	1.212	0.444	0.433	1.196	1.546	1.614	2.028	1.562		
2217	0.412	0.642	0.545	0.654	1.426	1.249	1.268	0.975	1.189	0.701	1.425	1.637	1.212	0.444	0.433	1.196	1.546	1.614	2.028	1.562		
2218	0.412	0.641	0.545	0.653	1.426	1.249	1.268	0.976	1.184	0.7	1.425	1.636	1.212	0.444	0.433	1.196	1.546	1.614	2.028	1.562		
2219	0.412	0.641	0.545	0.652	1.425	1.249	1.267	0.972	1.179	0.699	1.424	1.636	1.212	0.443	0.432	1.196	1.546	1.614	2.028	1.562		
2220	0.411	0.64	0.545	0.652	1.425	1.249	1.267	0.967	1.174	0.698	1.425	1.635	1.211	0.443	0.432	1.196	1.546	1.614	2.028	1.562		
2221	0.411	0.639	0.544	0.651	1.424	1.249	1.267	0.966	1.17	0.697	1.424	1.635	1.211	0.443	0.432	1.196	1.546	1.614	2.028	1.562		
2222	0.411	0.638	0.544	0.65	1.424	1.249	1.267	0.965	1.165	0.697	1.424	1.635	1.211	0.443	0.432	1.196	1.546	1.614	2.028	1.562		
2223	0.411	0.638	0.543	0.65	1.424	1.248	1.267	0.966	1.16	0.696	1.423	1.635	1.211	0.443	0.431	1.196	1.546	1.614	2.028	1.562		
2224	0.411	0.637	0.543	0.649	1.423	1.248	1.266	0.967	1.156	0.695	1.423	1.634	1.211	0.442	0.431	1.196	1.546	1.614	2.028	1.561		
2225	0.411	0.636	0.542	0.648	1.423	1.248	1.266	0.963	1.152	0.694	1.422	1.634	1.211	0.442	0.431	1.195	1.546	1.614	2.028	1.561		
2226	0.41	0.635	0.542	0.648	1.422	1.248	1.266	0.958	1.148	0.693	1.422	1.634	1.21	0.442	0.431	1.196	1.546	1.614	2.028	1.561		
2227	0.41	0.635	0.541	0.647	1.422	1.247	1.266	0.957	1.144	0.693	1.421	1.633	1.21	0.442	0.43	1.195	1.546	1.614	2.028	1.561		
2228	0.41	0.634	0.541	0.646	1.422	1.247	1.266	0.957	1.14	0.692	1.421	1.633	1.21	0.441	0.43	1.195	1.546	1.614	2.029	1.561		
2229	0.41	0.633	0.54	0.646	1.421	1.247	1.265	0.955	1.136	0.691	1.421	1.632	1.21	0.441	0.43	1.195	1.546	1.614	2.029	1.561		
2230	0.41	0.633	0.54	0.645	1.421	1.247	1.265	0.954	1.132	0.691	1.42	1.632	1.21	0.441	0.43	1.195	1.546	1.614	2.029	1.561		
2231	0.409	0.632	0.539	0.645	1.421	1.247	1.265	0.952	1.128	0.69	1.419	1.632	1.209	0.441	0.429	1.195	1.546	1.614	2.029	1.561		
2232	0.409	0.631	0.539	0.645	1.42	1.247	1.265	0.951	1.124	0.689	1.419	1.631	1.209	0.44	0.429	1.195	1.545	1.614	2.029	1.561		
2233	0.409	0.63	0.539	0.644	1.419	1.246	1.264	0.949	1.12	0.688	1.418	1.631	1.209	0.44	0.429	1.195	1.546	1.614	2.029	1.561		
2234	0.409	0.63	0.538	0.643	1.419	1.246	1.264	0.948	1.116	0.687	1.418	1.63	1.209	0.44	0.429	1.195	1.545	1.614	2.029	1.561		
2235	0.409	0.629	0.538	0.643	1.419	1.246	1.264	0.946	1.112	0.686	1.418	1.63	1.209	0.44	0.429	1.195	1.546	1.614	2.029	1.561		
2236	0.408	0.629	0.537	0.642	1.419	1.246	1.264	0.945	1.109	0.686	1.418	1.63	1.209	0.44	0.428	1.195	1.545	1.614	2.029	1.561		
2237	0.408	0.628	0.537	0.641	1.418	1.246	1.264	0.944	1.105	0.685	1.417	1.63	1.208	0.439	0.428	1.195	1.545	1.614	2.029	1.561		
2238	0.408	0.627	0.536	0.641	1.418	1.245	1.264	0.942	1.101	0.684	1.417	1.629	1.208	0.439	0.428	1.195	1.545	1.614	2.029	1.561		
2239	0.408	0.627	0.536	0.64	1.418	1.245	1.263	0.941	1.098	0.683	1.417	1.629	1.208	0.439	0.428	1.195	1.545	1.614	2.029	1.56		
2240	0.408	0.626	0.535	0.639	1.417	1.245	1.263	0.939	1.095	0.682	1.416	1.628	1.208	0.439	0.428	1.195	1.545	1.613	2.029	1.56		
2241	0.407	0.626	0.535	0.639	1.417	1.245	1.263	0.938	1.092	0.681	1.416	1.628	1.208	0.438	0.427	1.195	1.545	1.614	2.029	1.56		
2242	0.407	0.625	0.535	0.638	1.417	1.244	1.263	0.937	1.089	0.68	1.415	1.628	1.207	0.438	0.427	1.194	1.545	1.614	2.029	1.56		
2243	0.407	0.624	0.534	0.638	1.416	1.245	1.263	0.935	1.086	0.68	1.415	1.628	1.207	0.437	0.427	1.195	1.545	1.614	2.029	1.56		
2244	0.407	0.623	0.534	0.637	1.416	1.244	1.263	0.934	1.083	0.679	1.414	1.627	1.207	0.437	0.427	1.194	1.545	1.614	2.029	1.56		
2245	0.407	0.623	0.534	0.636	1.415	1.244	1.262	0.933	1.079	0.678	1.414	1.627	1.207	0.437	0.427	1.194	1.545	1.614	2.029	1.56		
2246	0.406	0.622	0.533	0.636	1.415	1.244	1.262	0.931	1.076	0.677	1.414	1.627	1.207	0.436	0.426	1.194	1.545	1.614	2.029	1.56		
2247	0.406	0.621	0.533	0.635	1.414	1.244	1.262	0.93	1.073	0.676	1.414	1.626	1.207	0.436	0.426	1.194	1.545	1.614	2.029	1.56		
2248	0.406	0.621	0.533	0.635	1.414	1.243	1.262	0.929	1.07	0.676	1.413	1.625	1.207	0.436	0.426	1.194	1.545	1.614	2.029	1.56		
2249	0.406	0.62	0.532	0.634	1.413	1.243	1.262	0.928	1.067	0.675	1.413	1.625	1.207	0.436	0.426	1.194	1.545	1.614	2.029	1.56		
2250	0.405	0.619	0.532	0.633	1.413	1.243	1.261	0.926	1.064	0.674	1.412	1.625	1.206	0.435	0.426	1.194	1.545	1.614	2.029	1.56		
2251	0.405	0.619	0.531	0.633	1.413	1.243	1.261	0.925	1.061	0.673	1.412	1.625	1.206	0.435	0.425	1.194	1.545	1.614	2.029	1.56		
2252	0.405	0.618	0.531	0.632	1.413	1.243	1.261	0.924	1.058	0.672	1.411	1.624	1.206	0.435	0.425	1.194	1.545	1.614	2.029	1.56		
2253	0.405	0.618	0.53	0.631	1.412	1.243	1.261	0.923	1.055	0.672	1.411	1.624	1.206	0.435	0.425	1.194	1.545	1.614	2.029	1.56		
2254	0.405	0.617	0.53	0.631	1.412	1.242	1.261	0.922	1.052	0.671	1.411	1.623	1.206	0.434	0.425	1.194	1.545	1.614	2.029	1.56		
2255	0.405	0.616	0.529	0.63	1.411	1.242	1.261	0.921	1.049	0.67	1.41	1.624	1.205	0.434	0.425	1.194	1.545	1.614	2.029	1.56		
2256	0.404	0.616	0.529	0.629	1.411	1.242	1.26	0.92	1.046	0.67	1.409	1.623	1.205	0.434	0.424	1.194	1.545	1.614	2.029	1.559		
2257	0.404	0.615	0.528	0.628	1.411	1.242	1.26	0.919	1.043	0.669	1.409	1.622	1.205	0.434	0.424	1.194	1.545	1.614	2.029	1.559		
2258	0.404	0.614	0.528	0.628	1.41	1.242	1.26	0.918	1.04	0.668	1.409	1.622	1.205	0.434	0.423	1.193	1.545	1.614	2.03	1.559		
2259	0.404	0.614	0.527	0.627	1.41	1.241	1.26	0.917	1.037	0.668	1.408	1.623	1.205	0.434	0.423	1.194	1.545	1.614	2.029	1.559		
2260	0.403	0.613	0.527	0.627	1.41	1.241	1.259	0.917	1.034	0.667	1.408	1.622	1.205	0.433	0.423	1.193	1.545	1.614	2.03	1.559		
2261	0.403	0.612	0.526	0.626	1.409	1.241	1.259	0.915	1.032	0.667	1.408	1.621	1.204	0.433	0.423	1.193	1.545	1.614	2.03	1.559		
2262	0.403	0.612	0.525	0.625	1.409	1.241	1.259	0.914	1.029	0.666	1.407	1.621	1.204	0.433	0.422	1.193	1.545	1.614	2.03	1.559		
2263	0.403	0.611	0.525	0.624	1.409	1.241	1.259	0.913	1.027	0.665	1.407	1.621	1.204	0.433	0.422	1.193	1.545	1.614	2.03	1.559		
2264	0.403	0.611	0.524	0.624	1.408	1.241	1.259	0.912	1.024	0.665	1.406	1.62	1.204	0.432	0.422	1.193	1.545	1.614	2.03	1.559		
2265	0.402	0.61	0.524	0.623	1.408	1.24	1.258	0.911	1.021	0.664	1.406	1.62	1.204	0.432	0.422	1.193	1.545	1.614	2.03	1.559		
2266	0.402	0.609	0.523	0.623	1.408	1.24	1.258	0.91	1.019	0.663	1.405	1.62	1.204	0.432	0.421	1.193	1.545	1.614	2.03	1.559		
2267	0.402	0.609	0.523	0.622	1.407	1.24	1.258	0.909	1.017	0.662	1.405	1.619	1.203	0.432	0.421	1.193	1.544	1.614	2.03	1.559		
2268	0.402	0.608	0.522	0.622	1.407	1.24	1.258	0.908	1.015	0.662	1.404	1.619	1.203	0.431	0.421	1.193	1.545	1.614	2.03	1.559		
2269	0.401	0.607	0.521	0.621	1.406	1.24	1.258	0.907	1.013	0.661	1.404	1.619	1.203	0.431	0.421	1.193	1.544	1.614	2.03	1.558		
2270	0.401	0.607	0.521	0.62	1.406	1.239	1.258	0.906	1.011	0.66	1.404	1.618	1.203	0.431	0.42	1.193	1.545	1.614	2.03	1.559		
2271	0.401	0.606	0.52	0.62	1.406	1.239	1.258	0.905	1.009	0.66	1.404	1.618	1.203	0.431	0.42	1.193	1.544	1.614	2.03	1.558		
2272	0.401	0.606	0.519	0.619	1.406	1.239	1.257	0.904	1.006	0.659	1.403	1.618	1.203	0.431	0.42	1.193	1.544	1.614	2.03	1.558		
2273	0.4	0.605	0.518	0.618	1.405	1.239	1.257	0.903	1.003	0.659	1.403	1.617	1.202	0.43	0.42	1.193	1.544	1.614	2.03	1.558		
2274	0.4	0.604	0.518	0.618	1.404	1.239	1.257	0.902	1.001	0.658	1.402	1.617	1.202	0.43	0.419	1.193	1.544	1.614	2.03	1.558		
2275	0.4	0.604	0.517	0.617	1.404	1.238	1.257	0.901	0.998	0.658	1.402	1.616	1.202	0.43	0.419	1.192	1.545	1.614	2.03	1.558		
2276	0.4	0.603	0.517	0.617	1.404	1.238	1.257	0.9	0.996	0.657	1.402	1.616	1.202	0.429	0.419	1.192	1.545	1.614	2.03	1.558		
2277	0.4	0.603	0.516	0.616	1.403	1.238	1.257	0.898	0.993	0.656	1.401	1.616	1.202	0.429	0.419	1.192	1.544	1.614	2.03	1.558		
2278	0.399	0.602	0.516	0.615	1.403	1.238	1.256	0.897	0.991	0.655	1.401	1.615	1.202	0.429	0.419	1.192	1.544	1.614	2.03	1.558		
2279	0.399	0.601	0.515	0.615	1.403	1.238	1.256	0.896	0.989	0.655	1.401	1.615	1.201	0.428	0.418	1.192	1.544	1.614	2.03	1.558		
2280	0.399	0.601	0.514	0.614	1.402	1.237	1.256	0.895	0.986	0.654	1.4	1.614	1.201	0.428	0.418	1.192	1.544	1.614	2.03	1.558		
2281	0.399	0.6	0.514	0.614	1.402	1.237	1.256	0.894	0.984	0.653	1.4	1.614	1.201	0.428	0.418	1.192	1.544	1.614	2.03	1.558		
2282	0.398	0.6	0.513	0.613	1.402	1.237	1.255	0.893	0.982	0.653	1.399	1.614	1.201	0.428	0.418	1.192	1.544	1.614	2.03	1.558		
2283	0.398	0.599	0.513	0.613	1.401	1.237	1.256	0.893	0.98	0.652	1.399	1.613	1.201	0.427	0.417	1.192	1.544	1.614	2.03	1.558		
2284	0.398	0.599	0.512	0.612	1.401	1.237	1.255	0.892	0.978	0.651	1.399	1.613	1.201	0.427	0.417	1.192	1.544	1.614	2.03	1.558		
2285	0.398	0.598	0.512	0.611	1.401	1.237	1.255	0.891	0.976	0.651	1.398	1.613	1.2	0.427	0.417	1.192	1.544	1.614	2.03	1.558		
2286	0.398	0.598	0.511	0.611	1.4	1.236	1.255	0.889	0.974	0.65	1.398	1.612	1.2	0.427	0.417	1.192	1.544	1.614	2.03	1.557		
2287	0.397	0.597	0.511	0.61	1.4	1.236	1.255	0.889	0.972	0.649	1.398	1.612	1.2	0.426	0.416	1.191	1.544	1.614	2.03	1.557		
2288	0.397	0.597	0.51	0.61	1.399	1.236	1.255	0.888	0.97	0.649	1.397	1.612	1.2	0.426	0.416	1.191	1.544	1.614	2.03	1.557		
2289	0.397	0.596	0.509	0.609	1.399	1.236	1.254	0.886	0.968	0.648	1.397	1.612	1.2	0.426	0.416	1.191	1.544	1.614	2.031	1.557		
2290	0.397	0.596	0.509	0.609	1.399	1.236	1.254	0.885	0.965	0.647	1.396	1.611	1.2	0.426	0.416	1.192	1.544	1.614	2.03	1.557		
2291	0.397	0.595	0.508	0.608	1.398	1.235	1.254	0.885	0.963	0.647	1.396	1.611	1.2	0.426	0.416	1.191	1.544	1.614	2.031	1.557		
2292	0.397	0.595	0.508	0.608	1.398	1.235	1.254	0.882	0.962	0.646	1.395	1.61	1.199	0.425	0.415	1.191	1.544	1.614	2.031	1.557		
2293	0.396	0.594	0.507	0.607	1.398	1.235	1.254	0.881	0.96	0.645	1.395	1.61	1.199	0.425	0.415	1.191	1.544	1.614	2.031	1.557		
2294	0.396	0.594	0.507	0.606	1.397	1.235	1.254	0.881	0.958	0.645	1.395	1.61	1.199	0.425	0.415	1.191	1.544	1.614	2.031	1.557		
2295	0.396	0.593	0.506	0.606	1.397	1.235	1.254	0.88	0.957	0.645	1.394	1.609	1.199	0.425	0.415	1.191	1.544	1.614	2.031	1.557		
2296	0.396	0.593	0.506	0.605	1.397	1.235	1.253	0.881	0.955	0.644	1.393	1.61	1.199	0.424	0.415	1.191	1.544	1.614	2.031	1.556		
2297	0.396	0.592	0.505	0.605	1.396	1.235	1.253	0.879	0.953	0.643	1.393	1.609	1.199	0.424	0.414	1.191	1.544	1.614	2.031	1.556		
2298	0.396	0.592	0.505	0.604	1.396	1.234	1.253	0.876	0.95	0.643	1.393	1.609	1.198	0.424	0.414	1.191	1.544	1.614	2.031	1.556		
2299	0.395	0.591	0.504	0.603	1.396	1.234	1.253	0.875	0.948	0.642	1.392	1.608	1.198	0.424	0.414	1.191	1.544	1.614	2.031	1.556		
2300	0.395	0.591	0.503	0.603	1.395	1.234	1.253	0.874	0.946	0.642	1.392	1.608	1.198	0.424	0.414	1.191	1.544	1.614	2.031	1.556		
2301	0.395	0.59	0.503	0.602	1.395	1.234	1.253	0.874	0.944	0.641	1.392	1.608	1.198	0.424	0.414	1.19	1.544	1.614	2.031	1.556		
2302	0.395	0.59	0.502	0.602	1.395	1.234	1.252	0.874	0.942	0.641	1.392	1.608	1.198	0.423	0.413	1.191	1.544	1.614	2.031	1.556		
2303	0.395	0.59	0.502	0.601	1.394	1.233	1.252	0.873	0.941	0.64	1.391	1.608	1.198	0.423	0.413	1.19	1.544	1.614	2.031	1.556		
2304	0.395	0.589	0.501	0.6	1.394	1.233	1.252	0.87	0.939	0.64	1.391	1.607	1.197	0.423	0.413	1.19	1.544	1.614	2.031	1.556		
2305	0.395	0.589	0.501	0.6	1.393	1.233	1.252	0.869	0.937	0.639	1.39	1.607	1.197	0.423	0.413	1.19	1.543	1.614	2.031	1.556		
2306	0.394	0.588	0.5	0.599	1.393	1.233	1.252	0.868	0.935	0.638	1.39	1.607	1.197	0.422	0.413	1.19	1.544	1.614	2.031	1.556		
2307	0.394	0.588	0.5	0.599	1.393	1.233	1.251	0.868	0.933	0.638	1.39	1.606	1.197	0.422	0.412	1.19	1.543	1.614	2.031	1.556		
2308	0.394	0.588	0.499	0.598	1.393	1.233	1.251	0.868	0.932	0.637	1.389	1.606	1.197	0.422	0.412	1.19	1.543	1.614	2.031	1.556		
2309	0.394	0.587	0.499	0.597	1.392	1.232	1.251	0.867	0.93	0.637	1.389	1.606	1.196	0.422	0.412	1.19	1.543	1.614	2.031	1.556		
2310	0.393	0.587	0.499	0.597	1.392	1.232	1.251	0.864	0.928	0.636	1.388	1.606	1.196	0.421	0.412	1.19	1.543	1.614	2.031	1.556		
2311	0.393	0.586	0.498	0.596	1.392	1.232	1.251	0.863	0.927	0.636	1.387	1.606	1.196	0.421	0.412	1.19	1.543	1.614	2.031	1.556		
2312	0.393	0.586	0.497	0.596	1.391	1.232	1.251	0.862	0.925	0.635	1.387	1.605	1.196	0.421	0.411	1.19	1.543	1.614	2.031	1.556		
2313	0.393	0.585	0.497	0.595	1.391	1.232	1.251	0.862	0.924	0.634	1.387	1.605	1.196	0.421	0.411	1.19	1.543	1.614	2.031	1.556		
2314	0.393	0.585	0.497	0.595	1.391	1.232	1.251	0.863	0.923	0.634	1.386	1.604	1.196	0.42	0.411	1.189	1.543	1.614	2.032	1.556		
2315	0.392	0.585	0.496	0.594	1.39	1.231	1.25	0.861	0.922	0.633	1.386	1.604	1.195	0.42	0.411	1.189	1.543	1.614	2.031	1.556		
2316	0.392	0.584	0.496	0.594	1.39	1.231	1.25	0.858	0.92	0.633	1.386	1.604	1.195	0.42	0.411	1.189	1.543	1.614	2.032	1.556		
2317	0.392	0.584	0.495	0.593	1.389	1.231	1.25	0.857	0.919	0.632	1.386	1.603	1.195	0.42	0.41	1.189	1.543	1.614	2.032	1.557		
2318	0.392	0.583	0.495	0.593	1.389	1.231	1.25	0.857	0.918	0.631	1.385	1.603	1.195	0.42	0.41	1.189	1.543	1.614	2.032	1.556		
2319	0.392	0.583	0.494	0.592	1.389	1.231	1.25	0.856	0.916	0.631	1.384	1.603	1.195	0.42	0.41	1.189	1.543	1.614	2.032	1.556		
2320	0.391	0.583	0.494	0.592	1.389	1.231	1.25	0.857	0.915	0.63	1.384	1.602	1.195	0.419	0.41	1.189	1.543	1.614	2.032	1.556		
2321	0.391	0.582	0.494	0.592	1.388	1.23	1.25	0.856	0.913	0.63	1.383	1.602	1.194	0.419	0.41	1.189	1.543	1.613	2.032	1.556		
2322	0.391	0.582	0.493	0.591	1.388	1.23	1.25	0.853	0.912	0.629	1.383	1.601	1.194	0.419	0.41	1.189	1.543	1.614	2.032	1.556		
2323	0.391	0.581	0.493	0.591	1.387	1.23	1.249	0.852	0.91	0.629	1.383	1.601	1.194	0.419	0.41	1.188	1.543	1.613	2.032	1.556		
2324	0.391	0.581	0.492	0.59	1.387	1.23	1.249	0.851	0.909	0.628	1.382	1.601	1.194	0.418	0.409	1.189	1.543	1.614	2.032	1.556		
2325	0.39	0.58	0.492	0.59	1.387	1.23	1.249	0.851	0.908	0.628	1.382	1.6	1.194	0.418	0.409	1.188	1.543	1.613	2.032	1.556		
2326	0.39	0.58	0.492	0.59	1.386	1.229	1.249	0.851	0.906	0.627	1.382	1.599	1.194	0.418	0.409	1.188	1.543	1.614	2.032	1.556		
2327	0.39	0.58	0.491	0.589	1.386	1.229	1.249	0.85	0.905	0.627	1.381	1.599	1.193	0.418	0.409	1.188	1.543	1.614	2.032	1.556		
2328	0.39	0.579	0.491	0.589	1.386	1.229	1.249	0.848	0.904	0.626	1.381	1.598	1.193	0.418	0.409	1.188	1.543	1.614	2.032	1.556		
2329	0.39	0.579	0.491	0.588	1.385	1.229	1.249	0.846	0.902	0.625	1.38	1.598	1.193	0.418	0.409	1.188	1.543	1.614	2.032	1.556		
2330	0.39	0.578	0.49	0.588	1.385	1.229	1.248	0.846	0.9	0.625	1.381	1.598	1.193	0.417	0.408	1.188	1.543	1.613	2.032	1.556		
2331	0.389	0.578	0.49	0.588	1.385	1.229	1.248	0.845	0.899	0.624	1.381	1.597	1.193	0.417	0.408	1.188	1.543	1.613	2.032	1.556		
2332	0.389	0.577	0.489	0.587	1.384	1.229	1.248	0.846	0.898	0.624	1.38	1.597	1.193	0.417	0.408	1.188	1.543	1.613	2.032	1.556		
2333	0.389	0.577	0.489	0.587	1.384	1.228	1.248	0.845	0.896	0.624	1.38	1.597	1.192	0.417	0.408	1.188	1.543	1.613	2.032	1.556		
2334	0.389	0.576	0.489	0.586	1.384	1.228	1.248	0.842	0.895	0.623	1.379	1.597	1.192	0.416	0.408	1.188	1.542	1.613	2.032	1.556		
2335	0.389	0.576	0.488	0.586	1.383	1.228	1.248	0.841	0.894	0.623	1.379	1.597	1.192	0.416	0.407	1.188	1.543	1.613	2.032	1.556		
2336	0.389	0.576	0.488	0.585	1.383	1.228	1.248	0.84	0.893	0.622	1.379	1.597	1.192	0.416	0.407	1.188	1.542	1.613	2.032	1.555		
2337	0.389	0.575	0.487	0.585	1.383	1.228	1.248	0.84	0.891	0.622	1.379	1.596	1.191	0.415	0.407	1.187	1.542	1.613	2.032	1.555		
2338	0.388	0.575	0.487	0.585	1.382	1.228	1.247	0.841	0.89	0.621	1.378	1.596	1.191	0.415	0.407	1.187	1.542	1.613	2.032	1.555		
2339	0.388	0.574	0.486	0.584	1.382	1.227	1.247	0.84	0.889	0.621	1.378	1.595	1.191	0.415	0.407	1.187	1.542	1.613	2.032	1.555		
2340	0.388	0.574	0.486	0.583	1.381	1.227	1.247	0.837	0.888	0.62	1.378	1.595	1.191	0.415	0.407	1.187	1.542	1.613	2.032	1.555		
2341	0.387	0.574	0.485	0.583	1.381	1.227	1.247	0.836	0.888	0.62	1.377	1.595	1.191	0.415	0.406	1.187	1.542	1.613	2.032	1.555		
2342	0.387	0.573	0.485	0.583	1.381	1.227	1.247	0.836	0.887	0.619	1.377	1.594	1.191	0.414	0.406	1.187	1.542	1.613	2.032	1.555		
2343	0.387	0.573	0.484	0.582	1.38	1.227	1.246	0.836	0.885	0.619	1.377	1.594	1.191	0.414	0.406	1.187	1.542	1.613	2.032	1.555		
2344	0.387	0.573	0.484	0.582	1.38	1.227	1.246	0.837	0.884	0.618	1.376	1.594	1.19	0.414	0.406	1.187	1.542	1.613	2.033	1.555		
2345	0.387	0.572	0.483	0.581	1.38	1.226	1.246	0.836	0.883	0.618	1.376	1.593	1.19	0.414	0.405	1.187	1.542	1.613	2.032	1.555		
2346	0.387	0.572	0.483	0.581	1.379	1.226	1.246	0.834	0.881	0.617	1.375	1.593	1.19	0.414	0.405	1.187	1.542	1.613	2.033	1.555		
2347	0.386	0.571	0.483	0.581	1.379	1.226	1.246	0.832	0.88	0.616	1.375	1.593	1.19	0.414	0.405	1.187	1.542	1.613	2.033	1.555		
2348	0.386	0.571	0.482	0.58	1.379	1.226	1.246	0.832	0.879	0.616	1.375	1.592	1.19	0.413	0.405	1.187	1.542	1.613	2.033	1.555		
2349	0.386	0.57	0.482	0.58	1.378	1.226	1.246	0.832	0.878	0.615	1.375	1.592	1.189	0.413	0.404	1.187	1.542	1.613	2.033	1.555		
2350	0.386	0.57	0.482	0.579	1.378	1.226	1.246	0.833	0.877	0.615	1.375	1.592	1.189	0.413	0.404	1.186	1.542	1.613	2.033	1.555		
2351	0.386	0.569	0.481	0.579	1.377	1.225	1.245	0.832	0.876	0.615	1.374	1.592	1.189	0.413	0.404	1.186	1.542	1.613	2.033	1.555		
2352	0.385	0.569	0.481	0.579	1.377	1.225	1.245	0.83	0.874	0.615	1.374	1.591	1.189	0.413	0.404	1.186	1.542	1.613	2.033	1.555		
2353	0.385	0.569	0.48	0.578	1.377	1.225	1.245	0.829	0.873	0.614	1.374	1.591	1.188	0.412	0.404	1.186	1.542	1.613	2.033	1.555		
2354	0.385	0.568	0.48	0.578	1.377	1.225	1.245	0.829	0.872	0.614	1.373	1.591	1.188	0.412	0.403	1.186	1.542	1.613	2.033	1.554		
2355	0.385	0.568	0.48	0.578	1.376	1.225	1.245	0.828	0.87	0.613	1.373	1.59	1.188	0.412	0.403	1.186	1.542	1.613	2.033	1.554		
2356	0.385	0.568	0.479	0.577	1.376	1.225	1.245	0.827	0.869	0.613	1.373	1.59	1.188	0.412	0.403	1.186	1.542	1.613	2.033	1.554		
2357	0.385	0.567	0.479	0.577	1.376	1.224	1.244	0.827	0.868	0.612	1.373	1.59	1.187	0.412	0.403	1.186	1.542	1.613	2.033	1.554		
2358	0.384	0.567	0.478	0.576	1.376	1.224	1.244	0.826	0.867	0.612	1.373	1.589	1.187	0.411	0.403	1.186	1.541	1.613	2.033	1.554		
2359	0.384	0.566	0.478	0.576	1.375	1.224	1.244	0.825	0.866	0.611	1.372	1.589	1.187	0.411	0.402	1.186	1.542	1.613	2.033	1.554		
2360	0.384	0.566	0.478	0.576	1.375	1.224	1.244	0.825	0.865	0.611	1.372	1.589	1.187	0.411	0.402	1.186	1.541	1.613	2.033	1.554		
2361	0.384	0.566	0.477	0.575	1.375	1.224	1.244	0.824	0.864	0.61	1.372	1.588	1.187	0.411	0.402	1.185	1.541	1.613	2.033	1.554		
2362	0.384	0.565	0.477	0.575	1.375	1.224	1.244	0.823	0.863	0.61	1.371	1.588	1.187	0.411	0.402	1.185	1.541	1.613	2.033	1.553		
2363	0.383	0.565	0.477	0.575	1.374	1.223	1.244	0.823	0.862	0.609	1.371	1.588	1.186	0.41	0.402	1.185	1.541	1.613	2.033	1.553		
2364	0.383	0.564	0.476	0.574	1.374	1.223	1.243	0.822	0.861	0.609	1.371	1.587	1.186	0.41	0.401	1.185	1.541	1.613	2.033	1.553		
2365	0.383	0.564	0.476	0.574	1.373	1.223	1.243	0.822	0.859	0.608	1.37	1.587	1.186	0.41	0.401	1.185	1.541	1.613	2.033	1.554		
2366	0.383	0.564	0.476	0.574	1.373	1.223	1.243	0.821	0.858	0.608	1.37	1.587	1.186	0.409	0.401	1.185	1.541	1.613	2.033	1.554		
2367	0.383	0.563	0.476	0.573	1.373	1.223	1.243	0.821	0.857	0.607	1.37	1.586	1.186	0.409	0.401	1.185	1.541	1.613	2.033	1.554		
2368	0.383	0.563	0.475	0.573	1.372	1.223	1.243	0.82	0.856	0.606	1.37	1.586	1.185	0.409	0.401	1.185	1.541	1.613	2.033	1.554		
2369	0.383	0.563	0.475	0.573	1.372	1.223	1.243	0.819	0.855	0.606	1.369	1.586	1.185	0.408	0.4	1.185	1.541	1.613	2.033	1.554		
2370	0.382	0.562	0.474	0.572	1.372	1.223	1.242	0.819	0.854	0.606	1.369	1.585	1.185	0.408	0.4	1.185	1.541	1.613	2.033	1.554		
2371	0.382	0.562	0.474	0.572	1.371	1.222	1.242	0.818	0.853	0.605	1.369	1.585	1.185	0.408	0.4	1.185	1.541	1.613	2.033	1.554		
2372	0.382	0.561	0.473	0.572	1.371	1.222	1.242	0.817	0.852	0.605	1.368	1.585	1.184	0.407	0.4	1.184	1.541	1.613	2.034	1.554		
2373	0.382	0.561	0.473	0.572	1.371	1.222	1.242	0.817	0.851	0.604	1.368	1.585	1.184	0.407	0.399	1.184	1.541	1.613	2.033	1.554		
2374	0.382	0.561	0.473	0.571	1.371	1.222	1.242	0.816	0.85	0.604	1.368	1.584	1.184	0.407	0.399	1.184	1.541	1.613	2.033	1.553		
2375	0.382	0.56	0.472	0.571	1.37	1.222	1.242	0.816	0.849	0.603	1.368	1.584	1.184	0.407	0.399	1.184	1.541	1.613	2.034	1.553		
2376	0.382	0.56	0.472	0.57	1.37	1.222	1.242	0.815	0.848	0.603	1.368	1.583	1.184	0.407	0.398	1.184	1.541	1.613	2.034	1.553		
2377	0.381	0.559	0.472	0.57	1.37	1.221	1.241	0.815	0.847	0.602	1.368	1.583	1.183	0.406	0.398	1.184	1.541	1.613	2.034	1.553		
2378	0.381	0.559	0.471	0.57	1.369	1.221	1.241	0.814	0.846	0.602	1.366	1.583	1.183	0.406	0.398	1.184	1.541	1.613	2.034	1.553		
2379	0.381	0.558	0.471	0.569	1.369	1.221	1.241	0.814	0.845	0.601	1.366	1.583	1.183	0.406	0.398	1.184	1.541	1.613	2.033	1.553		
2380	0.381	0.558	0.47	0.569	1.369	1.221	1.241	0.813	0.844	0.601	1.366	1.583	1.183	0.406	0.398	1.184	1.54	1.613	2.034	1.553		
2381	0.381	0.558	0.47	0.569	1.369	1.221	1.241	0.812	0.843	0.601	1.366	1.582	1.182	0.405	0.397	1.184	1.54	1.613	2.034	1.553		
2382	0.381	0.557	0.47	0.568	1.368	1.221	1.241	0.812	0.843	0.6	1.366	1.582	1.182	0.405	0.397	1.184	1.54	1.613	2.034	1.553		
2383	0.38	0.557	0.469	0.568	1.368	1.22	1.24	0.811	0.842	0.6	1.366	1.582	1.182	0.405	0.397	1.184	1.54	1.613	2.034	1.553		
2384	0.38	0.557	0.469	0.568	1.368	1.22	1.24	0.81	0.841	0.599	1.365	1.581	1.182	0.405	0.397	1.183	1.54	1.613	2.034	1.553		
2385	0.38	0.556	0.468	0.567	1.367	1.22	1.24	0.81	0.841	0.599	1.365	1.581	1.182	0.404	0.397	1.183	1.54	1.613	2.034	1.553		
2386	0.38	0.556	0.468	0.567	1.367	1.22	1.24	0.809	0.84	0.598	1.364	1.58	1.182	0.404	0.396	1.183	1.54	1.613	2.034	1.553		
2387	0.38	0.555	0.468	0.566	1.367	1.22	1.24	0.809	0.838	0.598	1.365	1.58	1.181	0.404	0.396	1.183	1.54	1.613	2.034	1.553		
2388	0.379	0.555	0.467	0.566	1.366	1.22	1.24	0.808	0.837	0.597	1.364	1.58	1.181	0.404	0.396	1.183	1.54	1.613	2.034	1.553		
2389	0.379	0.555	0.467	0.565	1.366	1.22	1.24	0.807	0.836	0.597	1.364	1.579	1.181	0.404	0.396	1.183	1.54	1.613	2.034	1.552		
2390	0.379	0.555	0.467	0.565	1.366	1.219	1.239	0.807	0.835	0.596	1.364	1.579	1.181	0.404	0.396	1.183	1.54	1.613	2.034	1.553		
2391	0.379	0.554	0.466	0.565	1.365	1.219	1.239	0.806	0.834	0.596	1.363	1.579	1.181	0.403	0.396	1.183	1.54	1.612	2.034	1.553		
2392	0.379	0.554	0.466	0.564	1.365	1.219	1.239	0.805	0.832	0.595	1.363	1.578	1.181	0.403	0.395	1.183	1.54	1.613	2.034	1.552		
2393	0.378	0.554	0.466	0.564	1.365	1.219	1.239	0.805	0.831	0.595	1.363	1.578	1.18	0.403	0.395	1.183	1.54	1.613	2.034	1.552		
2394	0.378	0.553	0.465	0.563	1.364	1.219	1.239	0.804	0.83	0.595	1.363	1.578	1.18	0.403	0.395	1.183	1.54	1.613	2.034	1.552		
2395	0.378	0.553	0.465	0.563	1.364	1.219	1.239	0.803	0.829	0.594	1.363	1.578	1.18	0.403	0.395	1.183	1.54	1.613	2.034	1.552		
2396	0.378	0.552	0.465	0.563	1.364	1.218	1.239	0.803	0.828	0.594	1.362	1.577	1.18	0.402	0.395	1.182	1.54	1.613	2.034	1.552		
2397	0.378	0.552	0.465	0.562	1.363	1.218	1.238	0.802	0.827	0.593	1.361	1.577	1.179	0.402	0.395	1.182	1.54	1.612	2.034	1.552		
2398	0.377	0.552	0.464	0.562	1.363	1.218	1.238	0.802	0.827	0.593	1.361	1.576	1.179	0.402	0.394	1.182	1.54	1.612	2.034	1.552		
2399	0.377	0.551	0.464	0.561	1.363	1.218	1.238	0.801	0.826	0.593	1.361	1.576	1.179	0.402	0.394	1.182	1.54	1.613	2.034	1.552		
2400	0.377	0.551	0.464	0.561	1.362	1.218	1.238	0.801	0.825	0.592	1.361	1.576	1.179	0.401	0.394	1.182	1.54	1.612	2.034	1.552		
2401	0.377	0.55	0.463	0.56	1.362	1.218	1.238	0.8	0.824	0.592	1.361	1.576	1.179	0.401	0.394	1.182	1.539	1.612	2.034	1.552		
2402	0.377	0.55	0.463	0.56	1.362	1.218	1.238	0.799	0.823	0.592	1.361	1.575	1.178	0.401	0.394	1.182	1.539	1.613	2.034	1.552		
2403	0.377	0.55	0.463	0.56	1.362	1.217	1.238	0.799	0.822	0.591	1.36	1.575	1.178	0.401	0.393	1.182	1.539	1.613	2.034	1.552		
2404	0.376	0.549	0.462	0.559	1.361	1.217	1.238	0.798	0.821	0.591	1.36	1.575	1.178	0.4	0.393	1.182	1.539	1.612	2.034	1.552		
2405	0.376	0.549	0.462	0.559	1.361	1.217	1.237	0.797	0.82	0.591	1.36	1.575	1.178	0.4	0.393	1.181	1.539	1.612	2.035	1.552		
2406	0.376	0.549	0.461	0.559	1.361	1.217	1.237	0.797	0.819	0.59	1.36	1.574	1.178	0.4	0.393	1.182	1.539	1.612	2.034	1.552		
2407	0.376	0.548	0.461	0.558	1.36	1.217	1.237	0.796	0.819	0.59	1.359	1.574	1.177	0.4	0.393	1.181	1.539	1.612	2.035	1.552		
2408	0.376	0.548	0.461	0.558	1.36	1.217	1.237	0.795	0.818	0.59	1.359	1.573	1.177	0.4	0.392	1.181	1.539	1.612	2.035	1.551		
2409	0.376	0.548	0.46	0.557	1.36	1.216	1.237	0.794	0.817	0.589	1.358	1.573	1.177	0.399	0.392	1.181	1.539	1.612	2.035	1.551		
2410	0.376	0.547	0.46	0.557	1.359	1.216	1.237	0.794	0.816	0.589	1.358	1.573	1.177	0.399	0.392	1.181	1.539	1.612	2.035	1.551		
2411	0.375	0.547	0.46	0.557	1.359	1.216	1.237	0.793	0.816	0.589	1.358	1.573	1.177	0.399	0.392	1.181	1.539	1.612	2.035	1.551		
2412	0.375	0.547	0.46	0.556	1.359	1.216	1.236	0.792	0.815	0.588	1.357	1.572	1.177	0.399	0.391	1.181	1.539	1.612	2.035	1.551		
2413	0.375	0.546	0.459	0.556	1.358	1.216	1.236	0.792	0.815	0.588	1.357	1.572	1.176	0.399	0.391	1.18	1.539	1.612	2.035	1.552		
2414	0.375	0.546	0.459	0.556	1.358	1.216	1.236	0.791	0.814	0.587	1.357	1.572	1.176	0.399	0.391	1.181	1.539	1.612	2.035	1.552		
2415	0.375	0.546	0.459	0.555	1.358	1.216	1.236	0.79	0.813	0.587	1.357	1.571	1.176	0.398	0.391	1.18	1.539	1.612	2.035	1.552		
2416	0.375	0.545	0.458	0.555	1.357	1.216	1.236	0.791	0.812	0.586	1.356	1.571	1.176	0.398	0.391	1.18	1.539	1.612	2.035	1.552		
2417	0.375	0.545	0.458	0.555	1.357	1.215	1.236	0.792	0.812	0.586	1.356	1.571	1.176	0.398	0.39	1.18	1.539	1.612	2.035	1.552		
2418	0.374	0.544	0.458	0.554	1.357	1.215	1.235	0.789	0.811	0.586	1.356	1.571	1.176	0.398	0.39	1.18	1.539	1.612	2.035	1.552		
2419	0.374	0.544	0.457	0.554	1.357	1.215	1.235	0.786	0.81	0.585	1.355	1.57	1.176	0.398	0.39	1.18	1.538	1.612	2.035	1.552		
2420	0.374	0.544	0.457	0.554	1.356	1.215	1.235	0.786	0.809	0.585	1.355	1.57	1.175	0.397	0.39	1.18	1.538	1.612	2.035	1.552		
2421	0.374	0.543	0.457	0.554	1.356	1.214	1.235	0.786	0.808	0.585	1.355	1.57	1.175	0.397	0.389	1.18	1.538	1.612	2.035	1.551		
2422	0.374	0.543	0.456	0.554	1.356	1.215	1.235	0.788	0.807	0.584	1.355	1.569	1.175	0.397	0.389	1.18	1.538	1.612	2.035	1.551		
2423	0.374	0.543	0.456	0.553	1.355	1.214	1.235	0.789	0.806	0.584	1.355	1.569	1.174	0.397	0.389	1.18	1.538	1.612	2.035	1.552		
2424	0.374	0.542	0.456	0.553	1.355	1.214	1.234	0.786	0.805	0.583	1.355	1.568	1.153	0.397	0.389	1.18	1.538	1.612	2.035	1.551		
2425	0.373	0.542	0.456	0.552	1.355	1.214	1.234	0.783	0.806	0.583	1.355	1.568	1.121	0.396	0.389	1.18	1.538	1.612	2.035	1.551		
2426	0.373	0.541	0.455	0.552	1.354	1.214	1.234	0.783	0.804	0.582	1.354	1.568	1.094	0.396	0.388	1.179	1.538	1.612	2.035	1.551		
2427	0.373	0.541	0.455	0.551	1.354	1.214	1.234	0.783	0.803	0.582	1.354	1.568	1.068	0.396	0.388	1.179	1.538	1.612	2.035	1.551		
2428	0.373	0.541	0.455	0.551	1.354	1.213	1.234	0.785	0.8	0.582	1.354	1.567	1.046	0.396	0.388	1.179	1.538	1.612	2.035	1.551		
2429	0.373	0.541	0.455	0.551	1.354	1.214	1.234	0.786	0.799	0.581	1.353	1.567	1.029	0.396	0.387	1.179	1.538	1.612	2.035	1.551		
2430	0.373	0.54	0.454	0.551	1.353	1.213	1.234	0.783	0.801	0.581	1.353	1.567	1.016	0.396	0.387	1.179	1.538	1.612	2.035	1.551		
2431	0.372	0.54	0.454	0.55	1.353	1.213	1.234	0.78	0.802	0.581	1.353	1.566	1.005	0.396	0.387	1.179	1.538	1.612	2.035	1.551		
2432	0.372	0.539	0.454	0.55	1.353	1.213	1.233	0.78	0.8	0.58	1.352	1.566	0.995	0.395	0.387	1.179	1.538	1.612	2.035	1.551		
2433	0.372	0.539	0.454	0.549	1.353	1.213	1.233	0.78	0.798	0.58	1.352	1.566	0.986	0.395	0.386	1.179	1.537	1.612	2.035	1.551		
2434	0.372	0.539	0.453	0.549	1.352	1.213	1.233	0.782	0.795	0.58	1.352	1.565	0.978	0.395	0.386	1.179	1.537	1.612	2.035	1.551		
2435	0.372	0.538	0.453	0.549	1.352	1.212	1.233	0.783	0.793	0.579	1.352	1.565	0.971	0.395	0.386	1.179	1.537	1.612	2.035	1.55		
2436	0.372	0.538	0.453	0.548	1.351	1.212	1.233	0.78	0.795	0.579	1.352	1.565	0.965	0.395	0.386	1.178	1.537	1.612	2.035	1.551		
2437	0.372	0.538	0.453	0.548	1.35	1.212	1.233	0.777	0.796	0.579	1.351	1.564	0.958	0.394	0.386	1.178	1.537	1.612	2.036	1.551		
2438	0.371	0.537	0.452	0.548	1.35	1.212	1.233	0.777	0.794	0.579	1.351	1.564	0.953	0.394	0.386	1.178	1.537	1.612	2.036	1.551		
2439	0.371	0.537	0.452	0.547	1.35	1.212	1.232	0.778	0.793	0.578	1.351	1.564	0.947	0.394	0.386	1.178	1.537	1.612	2.036	1.551		
2440	0.371	0.536	0.452	0.547	1.35	1.212	1.232	0.779	0.79	0.578	1.351	1.564	0.942	0.394	0.385	1.178	1.537	1.612	2.036	1.551		
2441	0.371	0.536	0.452	0.547	1.349	1.212	1.232	0.78	0.788	0.578	1.35	1.563	0.937	0.394	0.385	1.178	1.537	1.611	2.036	1.551		
2442	0.371	0.536	0.451	0.546	1.349	1.211	1.232	0.778	0.79	0.577	1.35	1.563	0.932	0.394	0.385	1.178	1.537	1.611	2.036	1.55		
2443	0.371	0.535	0.451	0.546	1.349	1.211	1.232	0.775	0.791	0.577	1.35	1.563	0.927	0.394	0.385	1.178	1.537	1.612	2.036	1.55		
2444	0.37	0.535	0.451	0.546	1.349	1.211	1.232	0.774	0.79	0.576	1.35	1.562	0.923	0.393	0.385	1.178	1.537	1.611	2.036	1.551		
2445	0.37	0.535	0.451	0.546	1.349	1.211	1.232	0.775	0.789	0.576	1.349	1.562	0.918	0.393	0.385	1.178	1.537	1.611	2.036	1.551		
2446	0.37	0.535	0.45	0.546	1.348	1.211	1.231	0.776	0.786	0.575	1.35	1.562	0.914	0.393	0.385	1.178	1.537	1.611	2.036	1.551		
2447	0.37	0.534	0.45	0.545	1.348	1.211	1.231	0.777	0.785	0.575	1.35	1.562	0.909	0.393	0.385	1.177	1.537	1.611	2.036	1.551		
2448	0.37	0.534	0.45	0.545	1.348	1.211	1.231	0.775	0.787	0.575	1.35	1.561	0.905	0.393	0.385	1.177	1.537	1.611	2.036	1.551		
2449	0.37	0.534	0.45	0.545	1.348	1.21	1.231	0.771	0.788	0.574	1.349	1.561	0.9	0.392	0.385	1.177	1.537	1.611	2.036	1.55		
2450	0.37	0.534	0.45	0.545	1.347	1.21	1.231	0.771	0.787	0.574	1.349	1.561	0.896	0.392	0.384	1.177	1.537	1.611	2.036	1.55		
2451	0.37	0.533	0.449	0.544	1.347	1.21	1.231	0.771	0.786	0.573	1.349	1.561	0.892	0.392	0.384	1.177	1.537	1.611	2.036	1.55		
2452	0.369	0.533	0.449	0.544	1.347	1.21	1.231	0.772	0.783	0.573	1.348	1.56	0.887	0.392	0.384	1.177	1.537	1.611	2.036	1.55		
2453	0.369	0.533	0.449	0.544	1.347	1.21	1.23	0.774	0.781	0.572	1.348	1.56	0.883	0.391	0.384	1.177	1.537	1.611	2.036	1.551		
2454	0.369	0.532	0.449	0.544	1.346	1.21	1.23	0.771	0.783	0.572	1.348	1.56	0.879	0.391	0.384	1.177	1.537	1.611	2.036	1.55		
2455	0.369	0.532	0.448	0.543	1.346	1.21	1.23	0.768	0.783	0.572	1.347	1.559	0.875	0.391	0.383	1.177	1.537	1.611	2.036	1.55		
2456	0.369	0.532	0.448	0.543	1.346	1.21	1.23	0.767	0.782	0.571	1.347	1.559	0.871	0.391	0.383	1.177	1.537	1.611	2.036	1.55		
2457	0.369	0.532	0.448	0.543	1.346	1.21	1.23	0.768	0.78	0.571	1.347	1.559	0.867	0.39	0.383	1.177	1.536	1.611	2.036	1.55		
2458	0.369	0.531	0.448	0.543	1.345	1.209	1.23	0.769	0.777	0.571	1.347	1.558	0.863	0.39	0.383	1.176	1.536	1.611	2.036	1.55		
2459	0.368	0.531	0.447	0.543	1.345	1.209	1.23	0.77	0.776	0.57	1.346	1.558	0.859	0.39	0.383	1.176	1.536	1.611	2.036	1.55		
2460	0.369	0.531	0.447	0.542	1.345	1.209	1.229	0.768	0.778	0.57	1.346	1.558	0.855	0.39	0.382	1.176	1.536	1.611	2.036	1.55		
2461	0.368	0.53	0.447	0.542	1.344	1.209	1.229	0.764	0.779	0.57	1.346	1.558	0.852	0.389	0.383	1.176	1.536	1.611	2.036	1.55		
2462	0.368	0.53	0.447	0.542	1.344	1.209	1.229	0.764	0.778	0.569	1.345	1.557	0.848	0.389	0.383	1.176	1.536	1.611	2.036	1.55		
2463	0.368	0.53	0.446	0.542	1.344	1.209	1.229	0.764	0.776	0.569	1.345	1.557	0.844	0.389	0.382	1.176	1.536	1.611	2.036	1.55		
2464	0.368	0.529	0.446	0.542	1.344	1.208	1.229	0.765	0.773	0.569	1.345	1.557	0.841	0.389	0.381	1.176	1.536	1.611	2.036	1.55		
2465	0.368	0.529	0.446	0.542	1.343	1.208	1.229	0.767	0.771	0.569	1.345	1.556	0.837	0.389	0.38	1.176	1.536	1.611	2.037	1.55		
2466	0.368	0.529	0.445	0.541	1.343	1.208	1.229	0.765	0.773	0.568	1.344	1.556	0.834	0.388	0.382	1.176	1.536	1.611	2.036	1.55		
2467	0.367	0.528	0.445	0.541	1.343	1.208	1.228	0.761	0.774	0.568	1.344	1.556	0.83	0.388	0.382	1.176	1.536	1.611	2.037	1.55		
2468	0.367	0.528	0.445	0.541	1.343	1.208	1.228	0.761	0.773	0.568	1.344	1.555	0.827	0.388	0.382	1.176	1.536	1.611	2.037	1.55		
2469	0.367	0.528	0.445	0.541	1.342	1.208	1.228	0.761	0.772	0.567	1.343	1.555	0.824	0.388	0.381	1.175	1.536	1.611	2.036	1.55		
2470	0.367	0.527	0.444	0.541	1.341	1.208	1.228	0.762	0.769	0.567	1.344	1.555	0.821	0.388	0.38	1.175	1.536	1.611	2.037	1.55		
2471	0.367	0.527	0.444	0.54	1.341	1.207	1.228	0.764	0.767	0.567	1.343	1.555	0.817	0.388	0.379	1.175	1.536	1.611	2.037	1.55		
2472	0.367	0.527	0.444	0.54	1.341	1.207	1.228	0.762	0.77	0.566	1.343	1.554	0.814	0.387	0.38	1.175	1.536	1.611	2.037	1.55		
2473	0.367	0.526	0.444	0.54	1.341	1.207	1.228	0.759	0.771	0.566	1.343	1.554	0.811	0.387	0.381	1.175	1.536	1.611	2.037	1.55		
2474	0.366	0.526	0.444	0.54	1.341	1.207	1.227	0.758	0.77	0.566	1.343	1.554	0.808	0.387	0.381	1.175	1.536	1.611	2.037	1.55		
2475	0.366	0.526	0.443	0.54	1.34	1.207	1.227	0.758	0.769	0.565	1.342	1.554	0.805	0.387	0.38	1.175	1.536	1.611	2.037	1.549		
2476	0.366	0.525	0.443	0.539	1.34	1.207	1.227	0.758	0.766	0.565	1.341	1.553	0.801	0.387	0.378	1.175	1.536	1.611	2.037	1.549		
2477	0.366	0.525	0.443	0.539	1.34	1.206	1.227	0.758	0.764	0.565	1.341	1.553	0.798	0.387	0.378	1.175	1.536	1.611	2.037	1.549		
2478	0.366	0.525	0.442	0.539	1.339	1.206	1.227	0.757	0.766	0.565	1.341	1.553	0.795	0.386	0.38	1.175	1.536	1.611	2.037	1.549		
2479	0.366	0.524	0.442	0.539	1.339	1.206	1.227	0.757	0.768	0.564	1.341	1.553	0.792	0.386	0.38	1.174	1.536	1.611	2.037	1.549		
2480	0.366	0.524	0.442	0.539	1.339	1.206	1.227	0.756	0.766	0.564	1.34	1.552	0.788	0.386	0.38	1.174	1.536	1.611	2.037	1.549		
2481	0.366	0.524	0.441	0.539	1.339	1.206	1.226	0.755	0.765	0.563	1.34	1.552	0.785	0.386	0.379	1.174	1.535	1.611	2.037	1.549		
2482	0.366	0.523	0.441	0.538	1.339	1.206	1.226	0.755	0.763	0.563	1.34	1.551	0.782	0.385	0.378	1.174	1.535	1.61	2.037	1.549		
2483	0.365	0.523	0.441	0.538	1.338	1.206	1.226	0.754	0.761	0.563	1.34	1.551	0.779	0.385	0.377	1.174	1.535	1.611	2.037	1.549		
2484	0.365	0.523	0.441	0.538	1.338	1.206	1.226	0.753	0.763	0.562	1.339	1.551	0.776	0.385	0.379	1.174	1.535	1.611	2.037	1.549		
2485	0.365	0.522	0.44	0.538	1.338	1.206	1.226	0.753	0.763	0.562	1.338	1.551	0.773	0.385	0.379	1.174	1.535	1.61	2.037	1.549		
2486	0.365	0.522	0.44	0.537	1.338	1.205	1.226	0.752	0.762	0.561	1.338	1.551	0.77	0.385	0.379	1.174	1.535	1.61	2.037	1.549		
2487	0.365	0.522	0.44	0.537	1.338	1.205	1.226	0.752	0.762	0.561	1.338	1.55	0.768	0.385	0.378	1.174	1.535	1.61	2.037	1.549		
2488	0.365	0.521	0.44	0.537	1.337	1.205	1.226	0.752	0.761	0.56	1.338	1.55	0.765	0.384	0.377	1.174	1.535	1.61	2.037	1.549		
2489	0.365	0.521	0.44	0.537	1.337	1.205	1.225	0.751	0.76	0.56	1.337	1.55	0.762	0.384	0.376	1.174	1.535	1.61	2.037	1.549		
2490	0.365	0.521	0.439	0.536	1.337	1.205	1.226	0.751	0.76	0.56	1.337	1.549	0.759	0.384	0.377	1.174	1.535	1.61	2.037	1.549		
2491	0.364	0.52	0.439	0.536	1.337	1.205	1.225	0.75	0.759	0.559	1.337	1.549	0.756	0.384	0.378	1.173	1.535	1.61	2.037	1.549		
2492	0.364	0.52	0.439	0.536	1.337	1.205	1.225	0.75	0.758	0.559	1.337	1.549	0.753	0.384	0.378	1.173	1.535	1.61	2.037	1.549		
2493	0.364	0.52	0.439	0.536	1.336	1.204	1.225	0.75	0.758	0.559	1.336	1.549	0.75	0.384	0.377	1.174	1.535	1.61	2.037	1.549		
2494	0.364	0.52	0.439	0.536	1.336	1.204	1.225	0.749	0.757	0.558	1.336	1.548	0.748	0.384	0.376	1.173	1.535	1.61	2.037	1.549		
2495	0.364	0.519	0.438	0.536	1.336	1.204	1.225	0.749	0.756	0.558	1.336	1.548	0.745	0.384	0.375	1.173	1.535	1.61	2.037	1.549		
2496	0.364	0.519	0.438	0.535	1.335	1.204	1.224	0.749	0.756	0.558	1.335	1.548	0.743	0.383	0.376	1.173	1.535	1.61	2.037	1.549		
2497	0.364	0.519	0.438	0.535	1.335	1.204	1.224	0.748	0.755	0.557	1.335	1.548	0.74	0.383	0.377	1.173	1.535	1.61	2.037	1.549		
2498	0.364	0.518	0.437	0.535	1.335	1.204	1.224	0.748	0.755	0.557	1.335	1.547	0.738	0.383	0.377	1.173	1.535	1.61	2.037	1.549		
2499	0.363	0.518	0.437	0.535	1.334	1.204	1.224	0.747	0.754	0.557	1.335	1.547	0.736	0.383	0.376	1.173	1.535	1.61	2.038	1.549		
2500	0.363	0.518	0.437	0.535	1.334	1.203	1.224	0.747	0.753	0.556	1.335	1.547	0.733	0.383	0.375	1.173	1.535	1.61	2.038	1.549		
2501	0.363	0.517	0.437	0.535	1.334	1.203	1.224	0.747	0.752	0.556	1.334	1.547	0.731	0.383	0.374	1.173	1.535	1.61	2.037	1.548		
2502	0.363	0.517	0.437	0.534	1.334	1.203	1.224	0.746	0.752	0.556	1.334	1.546	0.729	0.382	0.375	1.173	1.535	1.61	2.038	1.549		
2503	0.363	0.517	0.436	0.534	1.333	1.203	1.224	0.746	0.751	0.556	1.334	1.546	0.726	0.382	0.376	1.173	1.535	1.61	2.037	1.549		
2504	0.363	0.516	0.436	0.534	1.333	1.203	1.223	0.745	0.75	0.555	1.334	1.546	0.724	0.382	0.376	1.173	1.535	1.61	2.038	1.549		
2505	0.363	0.516	0.436	0.534	1.333	1.203	1.223	0.745	0.75	0.555	1.333	1.545	0.721	0.382	0.375	1.173	1.535	1.61	2.038	1.549		
2506	0.362	0.516	0.436	0.533	1.333	1.203	1.223	0.744	0.75	0.555	1.331	1.545	0.719	0.382	0.374	1.172	1.535	1.61	2.038	1.549		
2507	0.362	0.515	0.435	0.533	1.333	1.202	1.223	0.744	0.749	0.555	1.332	1.545	0.717	0.381	0.373	1.172	1.535	1.61	2.038	1.549		
2508	0.362	0.515	0.435	0.533	1.332	1.202	1.223	0.743	0.749	0.554	1.332	1.545	0.714	0.381	0.374	1.172	1.535	1.61	2.038	1.548		
2509	0.362	0.515	0.435	0.533	1.332	1.202	1.223	0.743	0.749	0.554	1.331	1.544	0.712	0.381	0.375	1.172	1.534	1.61	2.038	1.548		
2510	0.362	0.515	0.435	0.532	1.331	1.201	1.223	0.742	0.748	0.554	1.331	1.544	0.71	0.381	0.375	1.172	1.534	1.61	2.038	1.549		
2511	0.362	0.514	0.435	0.532	1.331	1.201	1.223	0.742	0.747	0.554	1.331	1.543	0.708	0.38	0.374	1.172	1.534	1.61	2.038	1.548		
2512	0.362	0.514	0.434	0.532	1.331	1.201	1.222	0.742	0.747	0.553	1.331	1.543	0.706	0.38	0.373	1.172	1.535	1.61	2.038	1.548		
2513	0.362	0.514	0.434	0.531	1.331	1.201	1.222	0.741	0.747	0.553	1.33	1.543	0.704	0.38	0.372	1.172	1.534	1.61	2.038	1.548		
2514	0.362	0.513	0.434	0.531	1.331	1.2	1.222	0.741	0.746	0.553	1.33	1.543	0.702	0.38	0.373	1.172	1.534	1.61	2.038	1.548		
2515	0.362	0.513	0.434	0.531	1.33	1.2	1.222	0.741	0.745	0.552	1.33	1.542	0.7	0.379	0.374	1.172	1.534	1.61	2.038	1.548		
2516	0.361	0.513	0.433	0.531	1.33	1.2	1.222	0.74	0.745	0.552	1.329	1.542	0.698	0.379	0.374	1.172	1.534	1.61	2.038	1.548		
2517	0.361	0.512	0.433	0.53	1.33	1.2	1.222	0.74	0.744	0.552	1.329	1.542	0.696	0.379	0.373	1.172	1.534	1.61	2.038	1.548		
2518	0.361	0.512	0.433	0.53	1.329	1.2	1.222	0.74	0.743	0.551	1.329	1.542	0.693	0.379	0.372	1.172	1.534	1.61	2.038	1.548		
2519	0.361	0.512	0.433	0.53	1.329	1.199	1.222	0.739	0.743	0.551	1.328	1.542	0.691	0.379	0.371	1.171	1.534	1.61	2.038	1.548		
2520	0.361	0.512	0.433	0.529	1.329	1.199	1.222	0.739	0.743	0.55	1.328	1.541	0.689	0.378	0.372	1.171	1.534	1.61	2.038	1.548		
2521	0.361	0.511	0.432	0.529	1.329	1.197	1.221	0.739	0.742	0.55	1.328	1.541	0.687	0.378	0.372	1.171	1.534	1.61	2.038	1.548		
2522	0.361	0.511	0.432	0.529	1.328	1.196	1.221	0.738	0.742	0.55	1.327	1.541	0.685	0.378	0.372	1.171	1.534	1.61	2.038	1.548		
2523	0.361	0.511	0.432	0.528	1.328	1.194	1.221	0.738	0.741	0.549	1.327	1.541	0.683	0.378	0.372	1.171	1.534	1.609	2.038	1.548		
2524	0.361	0.51	0.432	0.528	1.328	1.192	1.221	0.738	0.741	0.549	1.327	1.54	0.682	0.378	0.371	1.171	1.534	1.61	2.038	1.548		
2525	0.361	0.51	0.431	0.528	1.328	1.19	1.221	0.737	0.741	0.549	1.327	1.54	0.68	0.378	0.371	1.171	1.534	1.61	2.038	1.548		
2526	0.36	0.51	0.431	0.527	1.328	1.188	1.221	0.737	0.741	0.549	1.327	1.54	0.678	0.378	0.371	1.171	1.534	1.609	2.038	1.548		
2527	0.36	0.509	0.431	0.527	1.328	1.186	1.221	0.736	0.74	0.549	1.326	1.539	0.676	0.378	0.371	1.171	1.534	1.61	2.038	1.548		
2528	0.36	0.509	0.43	0.527	1.327	1.183	1.221	0.736	0.74	0.548	1.326	1.539	0.674	0.377	0.371	1.171	1.534	1.609	2.038	1.548		
2529	0.36	0.509	0.43	0.527	1.327	1.181	1.22	0.735	0.739	0.548	1.325	1.539	0.673	0.377	0.371	1.171	1.534	1.609	2.038	1.548		
2530	0.36	0.509	0.43	0.526	1.327	1.178	1.22	0.735	0.739	0.548	1.325	1.539	0.671	0.377	0.371	1.171	1.534	1.61	2.038	1.548		
2531	0.36	0.508	0.43	0.526	1.327	1.176	1.22	0.734	0.739	0.548	1.325	1.539	0.669	0.377	0.37	1.171	1.534	1.609	2.038	1.548		
2532	0.36	0.508	0.429	0.526	1.326	1.173	1.22	0.734	0.738	0.547	1.325	1.538	0.668	0.377	0.37	1.171	1.534	1.609	2.038	1.548		
2533	0.36	0.508	0.429	0.526	1.325	1.17	1.22	0.734	0.738	0.547	1.324	1.538	0.666	0.377	0.37	1.171	1.534	1.609	2.038	1.547		
2534	0.359	0.508	0.429	0.525	1.325	1.167	1.22	0.733	0.737	0.547	1.325	1.538	0.664	0.376	0.37	1.171	1.534	1.609	2.038	1.548		
2535	0.359	0.507	0.429	0.525	1.325	1.165	1.22	0.733	0.737	0.547	1.324	1.537	0.663	0.376	0.37	1.171	1.534	1.609	2.039	1.547		
2536	0.359	0.507	0.429	0.525	1.325	1.161	1.219	0.732	0.736	0.546	1.324	1.537	0.661	0.376	0.37	1.171	1.534	1.609	2.038	1.547		
2537	0.359	0.507	0.428	0.524	1.324	1.159	1.219	0.732	0.736	0.546	1.324	1.537	0.659	0.376	0.37	1.17	1.534	1.609	2.039	1.547		
2538	0.359	0.507	0.428	0.524	1.324	1.156	1.219	0.731	0.735	0.546	1.323	1.537	0.658	0.376	0.37	1.171	1.534	1.609	2.039	1.547		
2539	0.359	0.507	0.428	0.524	1.324	1.153	1.219	0.729	0.735	0.546	1.323	1.536	0.656	0.376	0.369	1.17	1.534	1.609	2.039	1.547		
2540	0.359	0.506	0.428	0.524	1.324	1.15	1.219	0.728	0.735	0.545	1.323	1.536	0.654	0.376	0.369	1.17	1.534	1.609	2.039	1.547		
2541	0.359	0.506	0.428	0.523	1.324	1.147	1.219	0.729	0.734	0.545	1.323	1.536	0.652	0.375	0.369	1.17	1.534	1.609	2.039	1.547		
2542	0.359	0.506	0.427	0.523	1.324	1.144	1.219	0.73	0.734	0.545	1.322	1.536	0.651	0.375	0.369	1.17	1.534	1.609	2.039	1.547		
2543	0.358	0.505	0.427	0.523	1.323	1.14	1.219	0.732	0.733	0.545	1.323	1.535	0.649	0.375	0.369	1.17	1.533	1.609	2.039	1.547		
2544	0.358	0.505	0.427	0.523	1.323	1.137	1.219	0.731	0.733	0.545	1.322	1.535	0.648	0.375	0.369	1.17	1.533	1.609	2.039	1.547		
2545	0.358	0.504	0.427	0.522	1.323	1.133	1.218	0.728	0.732	0.544	1.322	1.535	0.647	0.375	0.369	1.17	1.533	1.609	2.039	1.547		
2546	0.358	0.504	0.427	0.522	1.322	1.13	1.218	0.726	0.732	0.544	1.321	1.534	0.645	0.375	0.368	1.17	1.533	1.609	2.039	1.547		
2547	0.358	0.504	0.426	0.522	1.322	1.127	1.218	0.726	0.731	0.544	1.321	1.534	0.644	0.375	0.368	1.17	1.533	1.609	2.039	1.547		
2548	0.357	0.503	0.426	0.522	1.322	1.124	1.218	0.727	0.731	0.543	1.321	1.534	0.642	0.375	0.368	1.17	1.533	1.609	2.039	1.547		
2549	0.357	0.503	0.425	0.521	1.322	1.12	1.218	0.729	0.731	0.543	1.32	1.534	0.641	0.374	0.368	1.17	1.533	1.609	2.039	1.547		
2550	0.357	0.502	0.427	0.521	1.321	1.117	1.218	0.728	0.73	0.543	1.32	1.533	0.639	0.374	0.367	1.17	1.533	1.609	2.039	1.547		
2551	0.357	0.502	0.427	0.521	1.321	1.114	1.218	0.725	0.73	0.543	1.32	1.533	0.638	0.374	0.367	1.17	1.533	1.609	2.039	1.547		
2552	0.357	0.502	0.426	0.521	1.321	1.11	1.218	0.724	0.729	0.543	1.319	1.533	0.637	0.374	0.367	1.17	1.533	1.609	2.039	1.547		
2553	0.357	0.502	0.425	0.52	1.321	1.107	1.218	0.724	0.729	0.542	1.32	1.532	0.635	0.374	0.367	1.17	1.533	1.609	2.039	1.547		
2554	0.357	0.501	0.423	0.52	1.32	1.103	1.217	0.725	0.729	0.542	1.319	1.532	0.634	0.374	0.367	1.17	1.533	1.609	2.039	1.547		
2555	0.357	0.501	0.424	0.52	1.319	1.1	1.217	0.727	0.728	0.541	1.319	1.532	0.632	0.374	0.367	1.17	1.533	1.609	2.039	1.547		
2556	0.357	0.501	0.426	0.519	1.319	1.097	1.217	0.727	0.728	0.541	1.319	1.531	0.631	0.373	0.367	1.17	1.533	1.609	2.039	1.547		
2557	0.357	0.501	0.426	0.519	1.319	1.093	1.217	0.723	0.727	0.541	1.319	1.532	0.63	0.373	0.366	1.169	1.533	1.609	2.039	1.547		
2558	0.356	0.501	0.425	0.519	1.319	1.09	1.217	0.722	0.727	0.541	1.319	1.531	0.628	0.373	0.366	1.169	1.533	1.609	2.039	1.547		
2559	0.356	0.5	0.424	0.519	1.319	1.086	1.217	0.722	0.726	0.541	1.319	1.531	0.627	0.373	0.366	1.17	1.533	1.609	2.039	1.547		
2560	0.356	0.5	0.422	0.518	1.319	1.083	1.217	0.723	0.726	0.54	1.318	1.531	0.626	0.373	0.366	1.169	1.533	1.609	2.036	1.547		
2561	0.356	0.5	0.422	0.518	1.319	1.08	1.217	0.725	0.726	0.54	1.318	1.53	0.624	0.373	0.366	1.169	1.533	1.609	2.032	1.547		
2562	0.356	0.5	0.424	0.518	1.318	1.076	1.216	0.724	0.725	0.54	1.318	1.53	0.623	0.373	0.366	1.17	1.533	1.609	2.027	1.547		
2563	0.356	0.5	0.424	0.518	1.318	1.073	1.216	0.721	0.725	0.539	1.318	1.53	0.622	0.372	0.366	1.169	1.533	1.609	2.021	1.547		
2564	0.356	0.499	0.424	0.518	1.317	1.07	1.216	0.719	0.725	0.539	1.318	1.529	0.621	0.372	0.366	1.169	1.533	1.609	2.014	1.547		
2565	0.356	0.499	0.423	0.517	1.317	1.066	1.216	0.72	0.725	0.539	1.317	1.529	0.619	0.372	0.366	1.169	1.533	1.609	2.008	1.546		
2566	0.356	0.499	0.421	0.517	1.317	1.063	1.216	0.72	0.724	0.539	1.317	1.529	0.618	0.372	0.365	1.169	1.533	1.609	2.001	1.547		
2567	0.355	0.499	0.421	0.517	1.317	1.06	1.216	0.722	0.724	0.539	1.317	1.529	0.617	0.372	0.365	1.169	1.533	1.609	1.995	1.546		
2568	0.355	0.498	0.423	0.516	1.317	1.057	1.216	0.722	0.724	0.538	1.317	1.528	0.616	0.371	0.365	1.169	1.533	1.609	1.989	1.546		
2569	0.355	0.498	0.423	0.516	1.316	1.054	1.216	0.719	0.723	0.538	1.316	1.528	0.614	0.371	0.365	1.169	1.533	1.609	1.983	1.547		
2570	0.355	0.498	0.422	0.516	1.316	1.051	1.216	0.717	0.723	0.538	1.316	1.528	0.613	0.371	0.364	1.169	1.532	1.609	1.976	1.546		
2571	0.355	0.498	0.421	0.516	1.316	1.048	1.216	0.718	0.722	0.537	1.316	1.528	0.612	0.371	0.364	1.169	1.532	1.609	1.97	1.547		
2572	0.355	0.498	0.42	0.515	1.316	1.045	1.216	0.718	0.722	0.537	1.316	1.527	0.611	0.371	0.364	1.169	1.532	1.609	1.964	1.546		
2573	0.355	0.497	0.42	0.515	1.315	1.042	1.215	0.72	0.721	0.537	1.316	1.527	0.609	0.371	0.364	1.169	1.532	1.609	1.957	1.547		
2574	0.354	0.497	0.422	0.515	1.315	1.039	1.215	0.72	0.721	0.536	1.316	1.527	0.608	0.37	0.364	1.169	1.532	1.609	1.951	1.546		
2575	0.355	0.496	0.422	0.515	1.315	1.036	1.215	0.717	0.721	0.536	1.315	1.525	0.607	0.37	0.364	1.169	1.532	1.609	1.945	1.546		
2576	0.354	0.496	0.421	0.515	1.314	1.033	1.215	0.715	0.72	0.536	1.315	1.524	0.606	0.37	0.363	1.169	1.532	1.609	1.94	1.546		
2577	0.354	0.496	0.42	0.514	1.314	1.03	1.215	0.715	0.72	0.535	1.315	1.492	0.605	0.37	0.363	1.169	1.532	1.609	1.934	1.546		
2578	0.354	0.496	0.418	0.514	1.314	1.028	1.215	0.716	0.719	0.535	1.314	1.446	0.604	0.37	0.363	1.169	1.532	1.609	1.928	1.546		
2579	0.354	0.496	0.419	0.514	1.314	1.025	1.215	0.718	0.718	0.535	1.313	1.402	0.602	0.369	0.363	1.169	1.532	1.609	1.921	1.546		
2580	0.354	0.495	0.42	0.513	1.313	1.022	1.215	0.718	0.718	0.534	1.314	1.364	0.601	0.369	0.363	1.169	1.532	1.609	1.915	1.546		
2581	0.354	0.495	0.421	0.513	1.313	1.02	1.214	0.715	0.717	0.534	1.314	1.335	0.6	0.369	0.362	1.169	1.532	1.609	1.909	1.546		
2582	0.354	0.495	0.42	0.513	1.312	1.017	1.214	0.713	0.716	0.534	1.314	1.313	0.599	0.369	0.362	1.169	1.532	1.609	1.902	1.546		
2583	0.354	0.495	0.419	0.513	1.312	1.014	1.214	0.713	0.715	0.533	1.313	1.295	0.598	0.369	0.362	1.169	1.532	1.609	1.897	1.546		
2584	0.354	0.495	0.417	0.513	1.312	1.012	1.214	0.714	0.714	0.533	1.313	1.281	0.597	0.369	0.362	1.169	1.532	1.609	1.891	1.546		
2585	0.354	0.495	0.417	0.512	1.312	1.009	1.214	0.716	0.714	0.533	1.313	1.27	0.596	0.369	0.362	1.169	1.532	1.609	1.885	1.546		
2586	0.354	0.494	0.419	0.512	1.311	1.006	1.214	0.716	0.714	0.533	1.313	1.259	0.595	0.368	0.362	1.169	1.532	1.608	1.878	1.546		
2587	0.353	0.494	0.419	0.512	1.311	1.003	1.214	0.713	0.713	0.532	1.313	1.25	0.594	0.368	0.362	1.169	1.532	1.609	1.872	1.546		
2588	0.353	0.493	0.419	0.511	1.311	1.001	1.214	0.711	0.713	0.532	1.313	1.242	0.593	0.368	0.361	1.168	1.532	1.609	1.866	1.546		
2589	0.353	0.493	0.418	0.511	1.311	0.998	1.213	0.711	0.712	0.532	1.312	1.234	0.592	0.368	0.361	1.169	1.532	1.608	1.86	1.546		
2590	0.353	0.493	0.416	0.511	1.311	0.995	1.213	0.712	0.712	0.531	1.312	1.227	0.591	0.368	0.361	1.168	1.532	1.608	1.853	1.546		
2591	0.353	0.493	0.416	0.511	1.311	0.992	1.213	0.714	0.712	0.531	1.312	1.22	0.59	0.368	0.361	1.168	1.532	1.608	1.846	1.546		
2592	0.353	0.492	0.418	0.51	1.31	0.99	1.213	0.715	0.711	0.531	1.312	1.213	0.589	0.367	0.361	1.169	1.532	1.608	1.839	1.546		
2593	0.353	0.492	0.419	0.51	1.31	0.987	1.213	0.712	0.711	0.531	1.312	1.207	0.588	0.367	0.361	1.168	1.531	1.608	1.831	1.546		
2594	0.353	0.492	0.418	0.51	1.31	0.984	1.213	0.71	0.71	0.53	1.311	1.201	0.587	0.367	0.361	1.168	1.531	1.608	1.824	1.546		
2595	0.352	0.492	0.417	0.51	1.31	0.981	1.213	0.71	0.71	0.53	1.31	1.194	0.586	0.367	0.36	1.168	1.531	1.608	1.817	1.546		
2596	0.352	0.491	0.415	0.509	1.31	0.979	1.213	0.711	0.71	0.53	1.31	1.188	0.585	0.367	0.36	1.168	1.531	1.608	1.811	1.546		
2597	0.352	0.491	0.415	0.509	1.309	0.976	1.213	0.712	0.709	0.529	1.31	1.181	0.583	0.366	0.36	1.168	1.531	1.608	1.805	1.546		
2598	0.352	0.491	0.417	0.509	1.309	0.974	1.212	0.713	0.708	0.529	1.309	1.174	0.583	0.366	0.36	1.168	1.531	1.608	1.798	1.546		
2599	0.352	0.491	0.418	0.508	1.309	0.971	1.213	0.71	0.708	0.529	1.309	1.167	0.581	0.366	0.36	1.168	1.531	1.608	1.792	1.546		
2600	0.352	0.49	0.417	0.508	1.308	0.969	1.212	0.709	0.708	0.529	1.309	1.16	0.58	0.366	0.36	1.168	1.531	1.608	1.785	1.546		
2601	0.352	0.49	0.416	0.508	1.308	0.967	1.212	0.709	0.707	0.528	1.309	1.153	0.579	0.365	0.36	1.168	1.531	1.608	1.778	1.546		
2602	0.352	0.49	0.414	0.507	1.308	0.964	1.212	0.709	0.707	0.528	1.309	1.146	0.578	0.365	0.36	1.168	1.531	1.608	1.771	1.546		
2603	0.352	0.489	0.414	0.507	1.307	0.962	1.212	0.709	0.706	0.528	1.309	1.14	0.577	0.365	0.36	1.168	1.531	1.608	1.764	1.546		
2604	0.352	0.489	0.416	0.507	1.307	0.96	1.212	0.709	0.706	0.528	1.308	1.134	0.576	0.365	0.359	1.168	1.531	1.608	1.758	1.546		
2605	0.352	0.489	0.416	0.507	1.306	0.958	1.212	0.708	0.705	0.528	1.308	1.128	0.575	0.365	0.359	1.168	1.531	1.608	1.751	1.546		
2606	0.352	0.489	0.416	0.506	1.305	0.955	1.211	0.708	0.705	0.528	1.308	1.122	0.574	0.365	0.359	1.168	1.531	1.608	1.744	1.546		
2607	0.352	0.489	0.415	0.506	1.305	0.953	1.211	0.707	0.705	0.527	1.308	1.116	0.573	0.365	0.359	1.168	1.531	1.608	1.737	1.546		
2608	0.351	0.488	0.413	0.506	1.305	0.951	1.211	0.707	0.704	0.527	1.308	1.11	0.572	0.365	0.359	1.168	1.531	1.608	1.731	1.546		
2609	0.351	0.488	0.415	0.506	1.305	0.948	1.211	0.707	0.704	0.527	1.308	1.105	0.571	0.364	0.359	1.168	1.531	1.608	1.724	1.546		
2610	0.351	0.488	0.415	0.505	1.305	0.946	1.211	0.707	0.703	0.527	1.307	1.1	0.57	0.364	0.359	1.168	1.531	1.608	1.718	1.546		
2611	0.351	0.488	0.414	0.505	1.304	0.943	1.211	0.706	0.703	0.527	1.307	1.095	0.569	0.364	0.359	1.168	1.531	1.608	1.711	1.546		
2612	0.351	0.488	0.414	0.505	1.304	0.941	1.211	0.706	0.703	0.526	1.307	1.09	0.568	0.364	0.359	1.168	1.531	1.608	1.705	1.546		
2613	0.351	0.488	0.414	0.505	1.304	0.938	1.211	0.706	0.702	0.526	1.307	1.085	0.567	0.364	0.359	1.168	1.53	1.608	1.699	1.546		
2614	0.351	0.487	0.414	0.505	1.303	0.936	1.211	0.706	0.702	0.526	1.307	1.08	0.566	0.364	0.359	1.168	1.53	1.608	1.692	1.546		
2615	0.35	0.487	0.414	0.504	1.303	0.933	1.211	0.706	0.702	0.526	1.307	1.075	0.565	0.364	0.359	1.168	1.531	1.608	1.686	1.545		
2616	0.35	0.487	0.414	0.504	1.302	0.931	1.21	0.705	0.702	0.525	1.306	1.07	0.564	0.364	0.358	1.168	1.531	1.608	1.68	1.545		
2617	0.35	0.487	0.413	0.504	1.301	0.929	1.21	0.705	0.701	0.525	1.306	1.065	0.564	0.364	0.358	1.168	1.53	1.608	1.674	1.546		
2618	0.35	0.487	0.413	0.504	1.3	0.926	1.21	0.705	0.701	0.525	1.306	1.061	0.563	0.363	0.358	1.168	1.53	1.608	1.668	1.546		
2619	0.35	0.487	0.413	0.504	1.298	0.924	1.21	0.705	0.7	0.524	1.306	1.056	0.562	0.363	0.358	1.168	1.53	1.608	1.662	1.546		
2620	0.35	0.486	0.413	0.503	1.295	0.922	1.21	0.704	0.7	0.524	1.306	1.051	0.561	0.363	0.358	1.168	1.53	1.608	1.656	1.546		
2621	0.35	0.486	0.413	0.503	1.293	0.92	1.21	0.704	0.699	0.524	1.307	1.046	0.56	0.363	0.358	1.168	1.53	1.608	1.65	1.546		
2622	0.349	0.486	0.413	0.503	1.291	0.918	1.21	0.704	0.699	0.524	1.306	1.042	0.559	0.363	0.358	1.168	1.53	1.608	1.645	1.546		
2623	0.349	0.486	0.412	0.503	1.288	0.916	1.21	0.704	0.698	0.523	1.305	1.037	0.558	0.362	0.358	1.168	1.53	1.608	1.639	1.546		
2624	0.349	0.485	0.412	0.502	1.286	0.914	1.21	0.703	0.698	0.523	1.305	1.033	0.558	0.362	0.358	1.168	1.53	1.608	1.634	1.545		
2625	0.349	0.485	0.412	0.502	1.283	0.912	1.21	0.703	0.697	0.523	1.305	1.028	0.557	0.362	0.357	1.168	1.53	1.608	1.628	1.546		
2626	0.349	0.485	0.412	0.502	1.281	0.91	1.209	0.703	0.697	0.523	1.305	1.024	0.556	0.362	0.357	1.168	1.53	1.608	1.622	1.545		
2627	0.349	0.484	0.412	0.502	1.278	0.908	1.209	0.703	0.697	0.522	1.305	1.02	0.555	0.362	0.357	1.167	1.53	1.608	1.616	1.546		
2628	0.349	0.484	0.412	0.501	1.276	0.906	1.209	0.702	0.696	0.522	1.305	1.016	0.554	0.362	0.357	1.168	1.53	1.608	1.61	1.546		
2629	0.349	0.484	0.411	0.501	1.273	0.904	1.209	0.702	0.696	0.522	1.305	1.011	0.554	0.362	0.357	1.167	1.53	1.608	1.605	1.545		
2630	0.349	0.484	0.411	0.501	1.27	0.902	1.209	0.702	0.696	0.522	1.305	1.008	0.553	0.361	0.357	1.168	1.53	1.608	1.599	1.545		
2631	0.349	0.484	0.411	0.501	1.268	0.9	1.209	0.702	0.696	0.522	1.304	1.003	0.552	0.361	0.356	1.167	1.53	1.608	1.594	1.545		
2632	0.349	0.483	0.411	0.501	1.265	0.898	1.209	0.701	0.695	0.522	1.304	0.999	0.551	0.361	0.356	1.167	1.53	1.608	1.588	1.545		
2633	0.349	0.483	0.411	0.5	1.262	0.896	1.209	0.701	0.695	0.522	1.304	0.996	0.551	0.361	0.356	1.167	1.53	1.608	1.582	1.545		
2634	0.348	0.483	0.411	0.5	1.259	0.894	1.209	0.7	0.695	0.521	1.304	0.992	0.55	0.361	0.356	1.167	1.53	1.608	1.577	1.545		
2635	0.348	0.483	0.411	0.5	1.255	0.892	1.208	0.7	0.694	0.521	1.304	0.988	0.549	0.361	0.356	1.167	1.53	1.608	1.571	1.545		
2636	0.348	0.483	0.411	0.5	1.252	0.89	1.208	0.7	0.694	0.521	1.303	0.984	0.548	0.36	0.356	1.167	1.53	1.608	1.567	1.545		
2637	0.348	0.482	0.41	0.5	1.248	0.889	1.208	0.7	0.694	0.521	1.303	0.98	0.548	0.36	0.356	1.167	1.529	1.608	1.562	1.545		
2638	0.348	0.482	0.41	0.5	1.245	0.887	1.208	0.699	0.693	0.521	1.303	0.977	0.547	0.36	0.356	1.167	1.529	1.608	1.558	1.545		
2639	0.348	0.482	0.41	0.499	1.241	0.885	1.208	0.699	0.692	0.52	1.302	0.973	0.546	0.36	0.356	1.167	1.529	1.608	1.553	1.545		
2640	0.347	0.482	0.41	0.499	1.237	0.884	1.208	0.699	0.692	0.52	1.302	0.969	0.546	0.36	0.356	1.167	1.529	1.608	1.548	1.545		
2641	0.347	0.481	0.41	0.499	1.233	0.882	1.208	0.698	0.691	0.52	1.302	0.965	0.545	0.36	0.356	1.167	1.529	1.608	1.544	1.545		
2642	0.347	0.481	0.409	0.499	1.23	0.88	1.208	0.698	0.691	0.519	1.302	0.962	0.544	0.36	0.355	1.167	1.529	1.608	1.539	1.544		
2643	0.347	0.481	0.409	0.499	1.225	0.879	1.208	0.698	0.691	0.519	1.302	0.958	0.543	0.359	0.356	1.167	1.529	1.608	1.535	1.542		
2644	0.347	0.481	0.409	0.499	1.222	0.877	1.208	0.697	0.691	0.519	1.302	0.954	0.543	0.359	0.355	1.167	1.529	1.607	1.531	1.538		
2645	0.347	0.48	0.409	0.498	1.218	0.875	1.207	0.697	0.69	0.518	1.302	0.951	0.542	0.359	0.355	1.167	1.529	1.607	1.527	1.535		
2646	0.347	0.48	0.409	0.498	1.213	0.874	1.207	0.697	0.69	0.518	1.301	0.947	0.541	0.359	0.355	1.167	1.529	1.607	1.522	1.531		
2647	0.347	0.479	0.408	0.498	1.209	0.872	1.207	0.697	0.69	0.518	1.301	0.944	0.541	0.359	0.355	1.167	1.529	1.608	1.517	1.528		
2648	0.347	0.479	0.408	0.498	1.205	0.871	1.207	0.696	0.69	0.518	1.302	0.941	0.54	0.359	0.355	1.167	1.529	1.607	1.512	1.524		
2649	0.347	0.479	0.408	0.497	1.201	0.869	1.207	0.696	0.69	0.517	1.301	0.937	0.54	0.358	0.355	1.167	1.529	1.607	1.508	1.52		
2650	0.347	0.479	0.408	0.497	1.197	0.868	1.207	0.696	0.69	0.517	1.301	0.934	0.539	0.358	0.355	1.167	1.529	1.607	1.503	1.515		
2651	0.347	0.478	0.408	0.497	1.193	0.866	1.207	0.696	0.69	0.517	1.301	0.931	0.539	0.358	0.355	1.167	1.529	1.607	1.498	1.51		
2652	0.346	0.478	0.407	0.497	1.189	0.865	1.207	0.695	0.689	0.517	1.301	0.928	0.538	0.358	0.355	1.166	1.529	1.607	1.494	1.504		
2653	0.346	0.478	0.407	0.497	1.186	0.863	1.207	0.695	0.689	0.517	1.3	0.925	0.537	0.358	0.355	1.167	1.529	1.607	1.489	1.499		
2654	0.346	0.478	0.407	0.497	1.181	0.861	1.207	0.695	0.688	0.516	1.3	0.922	0.536	0.358	0.354	1.166	1.529	1.604	1.484	1.495		
2655	0.346	0.477	0.407	0.497	1.177	0.859	1.206	0.694	0.688	0.516	1.3	0.919	0.536	0.358	0.354	1.166	1.528	1.601	1.48	1.491		
2656	0.347	0.477	0.407	0.497	1.174	0.858	1.206	0.694	0.687	0.516	1.3	0.916	0.535	0.358	0.354	1.166	1.529	1.598	1.476	1.487		
2657	0.346	0.477	0.407	0.496	1.17	0.856	1.206	0.694	0.687	0.515	1.3	0.913	0.534	0.358	0.354	1.166	1.528	1.594	1.471	1.482		
2658	0.345	0.476	0.406	0.496	1.166	0.855	1.206	0.693	0.686	0.515	1.299	0.91	0.533	0.357	0.354	1.166	1.528	1.59	1.467	1.477		
2659	0.345	0.476	0.406	0.496	1.163	0.853	1.206	0.693	0.686	0.515	1.299	0.908	0.532	0.357	0.353	1.166	1.528	1.586	1.464	1.471		
2660	0.345	0.475	0.406	0.495	1.158	0.851	1.206	0.693	0.686	0.514	1.299	0.905	0.532	0.357	0.353	1.166	1.528	1.581	1.46	1.466		
2661	0.346	0.475	0.406	0.495	1.154	0.85	1.206	0.692	0.685	0.514	1.299	0.902	0.531	0.357	0.353	1.166	1.528	1.577	1.456	1.46		
2662	0.346	0.474	0.406	0.495	1.15	0.848	1.206	0.692	0.685	0.514	1.298	0.899	0.53	0.357	0.353	1.166	1.528	1.574	1.452	1.455		
2663	0.346	0.474	0.406	0.495	1.146	0.847	1.206	0.692	0.685	0.514	1.298	0.896	0.53	0.357	0.353	1.166	1.528	1.571	1.448	1.449		
2664	0.345	0.474	0.405	0.494	1.142	0.845	1.205	0.691	0.684	0.514	1.298	0.893	0.529	0.357	0.353	1.166	1.528	1.567	1.444	1.443		
2665	0.345	0.473	0.405	0.494	1.138	0.844	1.205	0.691	0.684	0.513	1.298	0.89	0.528	0.357	0.353	1.166	1.528	1.563	1.44	1.438		
2666	0.345	0.473	0.405	0.494	1.135	0.842	1.205	0.691	0.683	0.513	1.298	0.888	0.527	0.357	0.353	1.166	1.528	1.559	1.436	1.433		
2667	0.345	0.472	0.405	0.494	1.131	0.841	1.205	0.69	0.683	0.513	1.298	0.885	0.527	0.357	0.353	1.166	1.528	1.555	1.432	1.428		
2668	0.346	0.472	0.405	0.494	1.127	0.84	1.205	0.69	0.682	0.513	1.297	0.882	0.526	0.356	0.352	1.166	1.528	1.55	1.428	1.423		
2669	0.345	0.471	0.405	0.493	1.124	0.838	1.205	0.69	0.682	0.512	1.297	0.879	0.525	0.356	0.352	1.166	1.528	1.545	1.424	1.418		
2670	0.345	0.471	0.405	0.493	1.12	0.837	1.205	0.69	0.682	0.512	1.297	0.877	0.525	0.356	0.352	1.166	1.528	1.54	1.42	1.412		
2671	0.344	0.471	0.405	0.493	1.117	0.836	1.205	0.689	0.682	0.512	1.297	0.874	0.524	0.356	0.352	1.166	1.528	1.536	1.416	1.407		
2672	0.344	0.47	0.405	0.493	1.113	0.835	1.205	0.689	0.681	0.512	1.297	0.871	0.524	0.356	0.352	1.166	1.528	1.531	1.412	1.401		
2673	0.345	0.47	0.404	0.493	1.11	0.834	1.205	0.689	0.681	0.511	1.296	0.869	0.523	0.356	0.352	1.166	1.528	1.526	1.408	1.396		
2674	0.345	0.469	0.404	0.492	1.106	0.832	1.205	0.688	0.681	0.511	1.296	0.867	0.523	0.356	0.352	1.166	1.528	1.52	1.405	1.391		
2675	0.345	0.468	0.404	0.492	1.102	0.831	1.204	0.688	0.681	0.511	1.296	0.864	0.522	0.356	0.352	1.166	1.528	1.516	1.402	1.386		
2676	0.344	0.468	0.404	0.492	1.099	0.83	1.204	0.688	0.681	0.511	1.296	0.862	0.521	0.356	0.351	1.166	1.528	1.511	1.398	1.381		
2677	0.344	0.468	0.404	0.492	1.096	0.829	1.204	0.688	0.68	0.51	1.295	0.859	0.521	0.356	0.351	1.166	1.528	1.506	1.395	1.376		
2678	0.344	0.467	0.404	0.492	1.092	0.828	1.204	0.688	0.68	0.51	1.296	0.857	0.52	0.356	0.351	1.166	1.527	1.502	1.392	1.37		
2679	0.344	0.466	0.404	0.492	1.088	0.826	1.204	0.687	0.679	0.51	1.295	0.855	0.519	0.356	0.351	1.166	1.527	1.497	1.388	1.364		
2680	0.345	0.466	0.403	0.491	1.085	0.825	1.204	0.687	0.679	0.51	1.295	0.853	0.518	0.356	0.351	1.166	1.527	1.492	1.386	1.359		
2681	0.344	0.466	0.403	0.491	1.081	0.824	1.204	0.687	0.678	0.51	1.295	0.851	0.518	0.356	0.351	1.165	1.527	1.488	1.383	1.354		
2682	0.343	0.465	0.403	0.491	1.078	0.822	1.204	0.687	0.678	0.509	1.295	0.848	0.517	0.356	0.351	1.166	1.527	1.483	1.38	1.349		
2683	0.343	0.465	0.403	0.491	1.075	0.821	1.204	0.686	0.678	0.509	1.295	0.846	0.516	0.355	0.35	1.165	1.527	1.478	1.377	1.345		
2684	0.343	0.464	0.403	0.491	1.071	0.82	1.204	0.686	0.677	0.509	1.295	0.844	0.516	0.355	0.35	1.165	1.527	1.473	1.373	1.34		
2685	0.343	0.464	0.403	0.491	1.068	0.819	1.203	0.685	0.677	0.509	1.294	0.842	0.515	0.355	0.35	1.165	1.527	1.468	1.37	1.335		
2686	0.344	0.463	0.403	0.49	1.065	0.818	1.203	0.685	0.676	0.508	1.294	0.84	0.515	0.355	0.35	1.165	1.527	1.463	1.367	1.331		
2687	0.344	0.463	0.402	0.49	1.061	0.816	1.203	0.685	0.675	0.508	1.294	0.838	0.514	0.355	0.35	1.165	1.527	1.459	1.364	1.326		
2688	0.343	0.462	0.402	0.49	1.058	0.815	1.203	0.684	0.675	0.508	1.294	0.836	0.513	0.354	0.35	1.165	1.527	1.454	1.361	1.321		
2689	0.342	0.462	0.402	0.49	1.056	0.814	1.203	0.684	0.674	0.508	1.294	0.834	0.513	0.355	0.35	1.165	1.527	1.45	1.358	1.317		
2690	0.343	0.462	0.402	0.489	1.053	0.812	1.203	0.684	0.674	0.508	1.293	0.832	0.512	0.354	0.349	1.165	1.527	1.445	1.356	1.312		
2691	0.343	0.461	0.402	0.489	1.051	0.812	1.203	0.683	0.673	0.507	1.293	0.83	0.511	0.354	0.349	1.165	1.527	1.441	1.353	1.308		
2692	0.343	0.461	0.401	0.489	1.048	0.81	1.203	0.683	0.673	0.507	1.293	0.828	0.511	0.354	0.349	1.165	1.527	1.436	1.35	1.304		
2693	0.343	0.46	0.401	0.489	1.045	0.809	1.203	0.683	0.673	0.507	1.293	0.826	0.51	0.354	0.349	1.165	1.527	1.431	1.347	1.299		
2694	0.342	0.46	0.401	0.489	1.043	0.808	1.202	0.682	0.672	0.507	1.293	0.825	0.51	0.354	0.349	1.165	1.527	1.426	1.344	1.294		
2695	0.342	0.46	0.401	0.489	1.04	0.807	1.202	0.682	0.672	0.507	1.292	0.823	0.509	0.354	0.349	1.165	1.527	1.421	1.341	1.289		
2696	0.342	0.459	0.401	0.488	1.037	0.806	1.202	0.682	0.672	0.506	1.293	0.821	0.508	0.353	0.349	1.165	1.527	1.416	1.338	1.285		
2697	0.342	0.459	0.401	0.488	1.035	0.805	1.202	0.681	0.672	0.506	1.292	0.819	0.508	0.353	0.349	1.165	1.527	1.41	1.335	1.28		
2698	0.343	0.458	0.4	0.488	1.032	0.803	1.202	0.681	0.672	0.506	1.292	0.817	0.507	0.353	0.348	1.165	1.526	1.406	1.332	1.276		
2699	0.342	0.458	0.4	0.488	1.03	0.802	1.202	0.681	0.672	0.506	1.292	0.816	0.508	0.353	0.348	1.165	1.526	1.4	1.329	1.271		
2700	0.341	0.457	0.4	0.488	1.027	0.801	1.202	0.681	0.671	0.506	1.292	0.814	0.507	0.353	0.348	1.165	1.526	1.396	1.326	1.267		
2701	0.341	0.457	0.4	0.488	1.024	0.8	1.202	0.68	0.671	0.505	1.292	0.812	0.506	0.352	0.348	1.165	1.526	1.391	1.323	1.262		
2702	0.341	0.456	0.4	0.487	1.022	0.799	1.202	0.68	0.671	0.505	1.292	0.81	0.505	0.352	0.348	1.165	1.526	1.387	1.32	1.258		
2703	0.341	0.456	0.4	0.487	1.02	0.798	1.202	0.68	0.671	0.505	1.291	0.808	0.502	0.352	0.347	1.165	1.526	1.383	1.317	1.253		
2704	0.342	0.456	0.4	0.487	1.017	0.797	1.201	0.679	0.671	0.505	1.291	0.806	0.503	0.352	0.347	1.165	1.526	1.379	1.315	1.249		
2705	0.342	0.455	0.4	0.487	1.015	0.796	1.201	0.679	0.67	0.504	1.291	0.804	0.504	0.352	0.347	1.165	1.526	1.375	1.312	1.245		
2706	0.341	0.455	0.4	0.486	1.012	0.795	1.201	0.679	0.67	0.504	1.291	0.802	0.504	0.352	0.347	1.165	1.526	1.371	1.309	1.241		
2707	0.34	0.454	0.399	0.486	1.01	0.794	1.201	0.679	0.67	0.504	1.291	0.801	0.503	0.351	0.347	1.164	1.526	1.366	1.306	1.236		
2708	0.341	0.454	0.399	0.486	1.007	0.793	1.201	0.679	0.67	0.504	1.29	0.799	0.501	0.351	0.347	1.164	1.526	1.361	1.303	1.232		
2709	0.341	0.453	0.399	0.486	1.004	0.792	1.201	0.678	0.67	0.503	1.29	0.797	0.499	0.351	0.347	1.164	1.526	1.356	1.3	1.228		
2710	0.341	0.453	0.399	0.486	1.002	0.79	1.201	0.678	0.67	0.503	1.29	0.795	0.499	0.351	0.347	1.164	1.526	1.351	1.297	1.224		
2711	0.341	0.452	0.399	0.486	0.999	0.789	1.201	0.678	0.669	0.503	1.29	0.794	0.501	0.351	0.346	1.164	1.526	1.347	1.294	1.22		
2712	0.34	0.452	0.399	0.485	0.997	0.788	1.201	0.678	0.669	0.503	1.289	0.792	0.5	0.35	0.346	1.164	1.526	1.342	1.291	1.217		
2713	0.34	0.452	0.398	0.485	0.994	0.787	1.201	0.677	0.669	0.503	1.289	0.79	0.499	0.35	0.346	1.164	1.526	1.338	1.288	1.213		
2714	0.34	0.451	0.398	0.485	0.993	0.786	1.201	0.677	0.668	0.503	1.289	0.788	0.498	0.35	0.346	1.164	1.526	1.334	1.285	1.209		
2715	0.34	0.451	0.398	0.485	0.991	0.785	1.201	0.677	0.668	0.502	1.289	0.786	0.495	0.35	0.346	1.164	1.526	1.33	1.282	1.206		
2716	0.34	0.451	0.398	0.485	0.988	0.784	1.2	0.677	0.668	0.502	1.288	0.784	0.496	0.35	0.346	1.164	1.526	1.326	1.28	1.202		
2717	0.34	0.45	0.398	0.485	0.986	0.783	1.2	0.676	0.668	0.502	1.288	0.783	0.497	0.35	0.346	1.164	1.526	1.322	1.277	1.198		
2718	0.34	0.45	0.398	0.485	0.983	0.782	1.2	0.676	0.668	0.502	1.288	0.781	0.497	0.35	0.346	1.164	1.526	1.317	1.274	1.195		
2719	0.34	0.449	0.397	0.485	0.981	0.781	1.2	0.676	0.668	0.501	1.288	0.779	0.496	0.349	0.346	1.164	1.525	1.313	1.271	1.191		
2720	0.34	0.449	0.397	0.484	0.979	0.779	1.2	0.676	0.667	0.501	1.288	0.778	0.494	0.349	0.345	1.164	1.525	1.309	1.268	1.187		
2721	0.34	0.449	0.397	0.484	0.977	0.778	1.2	0.676	0.667	0.501	1.288	0.776	0.493	0.349	0.346	1.164	1.525	1.305	1.266	1.184		
2722	0.34	0.449	0.397	0.484	0.975	0.777	1.2	0.675	0.667	0.501	1.288	0.774	0.492	0.349	0.345	1.164	1.525	1.301	1.263	1.18		
2723	0.34	0.448	0.397	0.484	0.972	0.776	1.2	0.675	0.666	0.501	1.288	0.773	0.494	0.349	0.345	1.164	1.525	1.297	1.26	1.176		
2724	0.34	0.448	0.397	0.484	0.97	0.775	1.2	0.675	0.666	0.501	1.288	0.772	0.494	0.349	0.345	1.164	1.525	1.294	1.257	1.172		
2725	0.339	0.447	0.397	0.484	0.969	0.774	1.199	0.675	0.666	0.5	1.288	0.77	0.493	0.349	0.345	1.164	1.525	1.29	1.255	1.169		
2726	0.339	0.447	0.396	0.484	0.966	0.773	1.199	0.675	0.666	0.5	1.287	0.769	0.491	0.349	0.345	1.164	1.525	1.286	1.252	1.166		
2727	0.339	0.447	0.396	0.483	0.964	0.773	1.199	0.674	0.666	0.5	1.287	0.768	0.489	0.349	0.345	1.164	1.525	1.283	1.249	1.162		
2728	0.339	0.446	0.396	0.483	0.962	0.772	1.199	0.674	0.666	0.5	1.287	0.766	0.489	0.349	0.345	1.163	1.525	1.279	1.246	1.159		
2729	0.339	0.446	0.396	0.483	0.96	0.771	1.199	0.674	0.665	0.499	1.287	0.765	0.491	0.348	0.345	1.164	1.525	1.275	1.244	1.156		
2730	0.339	0.446	0.396	0.483	0.958	0.77	1.199	0.674	0.665	0.499	1.287	0.763	0.49	0.348	0.345	1.164	1.525	1.271	1.242	1.152		
2731	0.339	0.445	0.396	0.483	0.956	0.769	1.199	0.674	0.665	0.499	1.287	0.762	0.489	0.348	0.345	1.163	1.525	1.268	1.24	1.149		
2732	0.339	0.445	0.395	0.482	0.954	0.768	1.199	0.674	0.665	0.499	1.287	0.76	0.488	0.348	0.344	1.163	1.525	1.264	1.237	1.145		
2733	0.339	0.445	0.395	0.482	0.952	0.767	1.199	0.673	0.664	0.499	1.286	0.759	0.486	0.348	0.344	1.164	1.525	1.261	1.235	1.142		
2734	0.339	0.444	0.395	0.482	0.95	0.766	1.199	0.673	0.664	0.498	1.286	0.757	0.486	0.348	0.344	1.163	1.525	1.257	1.232	1.139		
2735	0.338	0.444	0.395	0.482	0.948	0.764	1.198	0.673	0.664	0.498	1.286	0.756	0.488	0.348	0.344	1.163	1.525	1.254	1.23	1.135		
2736	0.338	0.444	0.395	0.482	0.946	0.764	1.198	0.673	0.663	0.498	1.286	0.755	0.487	0.348	0.344	1.163	1.524	1.251	1.228	1.132		
2737	0.338	0.444	0.395	0.481	0.945	0.763	1.198	0.673	0.663	0.498	1.286	0.753	0.487	0.348	0.344	1.163	1.524	1.248	1.225	1.129		
2738	0.338	0.443	0.395	0.481	0.943	0.762	1.198	0.672	0.663	0.498	1.285	0.752	0.485	0.348	0.344	1.163	1.524	1.244	1.223	1.126		
2739	0.338	0.443	0.395	0.481	0.941	0.761	1.198	0.672	0.663	0.497	1.285	0.75	0.483	0.348	0.344	1.163	1.525	1.241	1.22	1.123		
2740	0.338	0.443	0.394	0.481	0.94	0.76	1.198	0.672	0.663	0.497	1.285	0.749	0.483	0.347	0.343	1.163	1.524	1.238	1.218	1.12		
2741	0.338	0.442	0.394	0.48	0.938	0.759	1.198	0.672	0.662	0.497	1.285	0.748	0.484	0.347	0.343	1.163	1.524	1.235	1.216	1.117		
2742	0.338	0.442	0.394	0.48	0.936	0.758	1.198	0.672	0.662	0.497	1.285	0.746	0.484	0.347	0.343	1.163	1.524	1.231	1.213	1.114		
2743	0.337	0.442	0.394	0.48	0.934	0.757	1.198	0.672	0.662	0.497	1.285	0.745	0.484	0.347	0.343	1.163	1.524	1.228	1.211	1.111		
2744	0.337	0.441	0.394	0.48	0.933	0.756	1.198	0.671	0.661	0.497	1.284	0.744	0.482	0.347	0.343	1.163	1.524	1.225	1.209	1.108		
2745	0.337	0.441	0.394	0.48	0.931	0.755	1.197	0.671	0.661	0.496	1.284	0.743	0.48	0.347	0.343	1.163	1.524	1.221	1.207	1.105		
2746	0.337	0.441	0.394	0.479	0.929	0.754	1.197	0.671	0.66	0.496	1.284	0.742	0.48	0.347	0.343	1.163	1.524	1.218	1.204	1.102		
2747	0.337	0.44	0.394	0.479	0.927	0.753	1.197	0.671	0.66	0.496	1.284	0.74	0.481	0.347	0.343	1.163	1.524	1.215	1.202	1.099		
2748	0.337	0.44	0.394	0.479	0.926	0.753	1.197	0.671	0.66	0.496	1.284	0.739	0.481	0.347	0.343	1.163	1.524	1.211	1.2	1.097		
2749	0.337	0.439	0.394	0.479	0.924	0.752	1.197	0.67	0.659	0.496	1.284	0.738	0.48	0.346	0.342	1.163	1.524	1.208	1.198	1.094		
2750	0.337	0.439	0.393	0.479	0.923	0.751	1.197	0.67	0.659	0.495	1.284	0.737	0.479	0.346	0.342	1.163	1.524	1.204	1.196	1.091		
2751	0.337	0.439	0.393	0.478	0.921	0.75	1.197	0.67	0.658	0.495	1.283	0.735	0.477	0.346	0.342	1.163	1.524	1.201	1.194	1.088		
2752	0.336	0.438	0.393	0.478	0.919	0.749	1.197	0.67	0.658	0.495	1.283	0.734	0.477	0.346	0.342	1.163	1.524	1.198	1.192	1.086		
2753	0.336	0.438	0.393	0.478	0.918	0.749	1.197	0.669	0.658	0.495	1.282	0.733	0.478	0.346	0.342	1.163	1.524	1.194	1.189	1.083		
2754	0.336	0.438	0.393	0.478	0.916	0.748	1.197	0.669	0.658	0.495	1.282	0.732	0.478	0.346	0.342	1.163	1.523	1.191	1.187	1.081		
2755	0.336	0.438	0.393	0.478	0.915	0.747	1.196	0.669	0.657	0.495	1.282	0.73	0.477	0.346	0.342	1.163	1.523	1.189	1.184	1.078		
2756	0.336	0.438	0.393	0.478	0.914	0.746	1.196	0.669	0.657	0.495	1.282	0.729	0.476	0.345	0.342	1.163	1.523	1.186	1.182	1.075		
2757	0.336	0.437	0.393	0.477	0.912	0.746	1.196	0.668	0.657	0.494	1.282	0.728	0.474	0.345	0.341	1.163	1.523	1.183	1.18	1.073		
2758	0.336	0.437	0.392	0.477	0.911	0.744	1.196	0.668	0.656	0.494	1.282	0.726	0.474	0.345	0.341	1.163	1.523	1.18	1.178	1.071		
2759	0.336	0.437	0.392	0.477	0.909	0.744	1.196	0.668	0.656	0.494	1.282	0.725	0.475	0.345	0.341	1.163	1.523	1.177	1.176	1.069		
2760	0.336	0.436	0.392	0.477	0.908	0.743	1.196	0.668	0.656	0.494	1.281	0.724	0.474	0.345	0.341	1.163	1.523	1.174	1.174	1.067		
2761	0.336	0.436	0.392	0.477	0.907	0.742	1.196	0.668	0.655	0.493	1.281	0.723	0.474	0.345	0.341	1.163	1.523	1.171	1.172	1.064		
2762	0.336	0.436	0.392	0.476	0.905	0.741	1.196	0.667	0.655	0.493	1.281	0.721	0.473	0.345	0.341	1.163	1.523	1.168	1.17	1.062		
2763	0.336	0.435	0.392	0.476	0.903	0.741	1.196	0.667	0.655	0.493	1.281	0.72	0.473	0.345	0.341	1.163	1.523	1.165	1.168	1.06		
2764	0.336	0.435	0.392	0.476	0.902	0.74	1.195	0.667	0.655	0.493	1.28	0.719	0.472	0.344	0.341	1.163	1.523	1.161	1.166	1.058		
2765	0.335	0.435	0.392	0.476	0.9	0.739	1.196	0.666	0.654	0.493	1.281	0.718	0.472	0.344	0.34	1.163	1.523	1.158	1.164	1.056		
2766	0.335	0.435	0.392	0.476	0.899	0.738	1.195	0.666	0.654	0.493	1.281	0.716	0.472	0.344	0.341	1.162	1.523	1.155	1.163	1.054		
2767	0.335	0.434	0.392	0.475	0.898	0.738	1.195	0.666	0.654	0.492	1.28	0.715	0.472	0.344	0.34	1.162	1.523	1.152	1.161	1.052		
2768	0.335	0.434	0.392	0.475	0.896	0.737	1.195	0.666	0.654	0.492	1.28	0.714	0.471	0.344	0.34	1.162	1.523	1.15	1.159	1.05		
2769	0.335	0.434	0.391	0.475	0.894	0.736	1.195	0.665	0.653	0.492	1.28	0.713	0.471	0.344	0.34	1.162	1.523	1.147	1.157	1.048		
2770	0.335	0.433	0.391	0.475	0.893	0.736	1.195	0.665	0.653	0.491	1.28	0.712	0.47	0.344	0.34	1.162	1.523	1.144	1.154	1.046		
2771	0.335	0.433	0.391	0.475	0.891	0.735	1.195	0.665	0.653	0.491	1.28	0.711	0.47	0.344	0.34	1.162	1.523	1.142	1.152	1.044		
2772	0.335	0.433	0.391	0.474	0.89	0.734	1.195	0.665	0.653	0.491	1.28	0.71	0.469	0.344	0.34	1.162	1.522	1.139	1.15	1.042		
2773	0.335	0.432	0.391	0.474	0.888	0.733	1.195	0.665	0.653	0.491	1.28	0.709	0.469	0.344	0.34	1.162	1.522	1.137	1.148	1.039		
2774	0.335	0.432	0.391	0.474	0.887	0.733	1.195	0.664	0.652	0.491	1.28	0.708	0.469	0.344	0.339	1.162	1.522	1.135	1.146	1.037		
2775	0.334	0.432	0.391	0.474	0.886	0.732	1.195	0.664	0.652	0.49	1.279	0.707	0.468	0.343	0.339	1.162	1.522	1.132	1.145	1.034		
2776	0.335	0.432	0.391	0.474	0.884	0.731	1.195	0.664	0.652	0.49	1.279	0.705	0.468	0.343	0.339	1.162	1.522	1.13	1.143	1.032		
2777	0.334	0.431	0.39	0.473	0.883	0.731	1.194	0.663	0.652	0.49	1.279	0.704	0.467	0.343	0.339	1.162	1.522	1.127	1.141	1.03		
2778	0.334	0.431	0.39	0.474	0.882	0.73	1.194	0.663	0.652	0.49	1.279	0.703	0.467	0.343	0.339	1.162	1.522	1.125	1.139	1.028		
2779	0.334	0.431	0.39	0.473	0.881	0.729	1.194	0.663	0.652	0.49	1.279	0.702	0.466	0.343	0.339	1.162	1.522	1.122	1.138	1.027		
2780	0.334	0.431	0.39	0.473	0.879	0.728	1.194	0.663	0.651	0.49	1.279	0.701	0.466	0.343	0.339	1.162	1.522	1.12	1.136	1.024		
2781	0.334	0.43	0.39	0.473	0.878	0.728	1.194	0.663	0.651	0.49	1.278	0.7	0.466	0.343	0.339	1.161	1.522	1.117	1.134	1.022		
2782	0.334	0.43	0.39	0.473	0.876	0.727	1.194	0.662	0.651	0.49	1.278	0.699	0.465	0.342	0.339	1.137	1.522	1.115	1.133	1.02		
2783	0.334	0.43	0.39	0.473	0.875	0.726	1.194	0.662	0.65	0.49	1.279	0.698	0.465	0.342	0.339	1.106	1.522	1.112	1.131	1.018		
2784	0.334	0.43	0.389	0.473	0.874	0.725	1.194	0.662	0.65	0.489	1.278	0.697	0.464	0.342	0.339	1.08	1.522	1.11	1.13	1.016		
2785	0.334	0.429	0.389	0.472	0.872	0.724	1.194	0.661	0.65	0.489	1.278	0.696	0.464	0.342	0.338	1.057	1.522	1.108	1.128	1.014		
2786	0.334	0.429	0.389	0.472	0.871	0.724	1.194	0.661	0.65	0.489	1.278	0.695	0.463	0.342	0.338	1.037	1.522	1.106	1.126	1.012		
2787	0.334	0.429	0.389	0.472	0.87	0.723	1.194	0.66	0.65	0.489	1.278	0.694	0.463	0.342	0.338	1.021	1.522	1.104	1.124	1.01		
2788	0.334	0.428	0.389	0.472	0.869	0.722	1.194	0.66	0.65	0.489	1.278	0.693	0.463	0.341	0.338	1.007	1.522	1.101	1.122	1.008		
2789	0.334	0.428	0.389	0.472	0.867	0.721	1.193	0.66	0.649	0.489	1.277	0.692	0.462	0.341	0.338	0.996	1.521	1.099	1.12	1.006		
2790	0.333	0.428	0.389	0.471	0.866	0.72	1.193	0.661	0.649	0.488	1.277	0.691	0.462	0.341	0.338	0.986	1.521	1.096	1.118	1.005		
2791	0.333	0.427	0.388	0.471	0.865	0.719	1.193	0.661	0.649	0.488	1.277	0.69	0.462	0.341	0.338	0.978	1.521	1.094	1.117	1.003		
2792	0.333	0.427	0.388	0.471	0.864	0.719	1.193	0.659	0.648	0.488	1.277	0.689	0.461	0.341	0.338	0.971	1.521	1.091	1.115	1.001		
2793	0.333	0.427	0.388	0.471	0.863	0.718	1.193	0.659	0.648	0.488	1.277	0.689	0.461	0.341	0.338	0.964	1.521	1.089	1.114	0.999		
2794	0.333	0.426	0.388	0.47	0.862	0.717	1.193	0.659	0.648	0.488	1.277	0.688	0.461	0.341	0.338	0.957	1.521	1.087	1.112	0.998		
2795	0.333	0.426	0.388	0.47	0.861	0.716	1.193	0.659	0.647	0.488	1.276	0.687	0.46	0.34	0.337	0.951	1.521	1.084	1.111	0.996		
2796	0.333	0.426	0.388	0.47	0.86	0.715	1.193	0.66	0.647	0.487	1.276	0.686	0.46	0.34	0.337	0.945	1.521	1.082	1.109	0.994		
2797	0.333	0.426	0.388	0.47	0.859	0.715	1.193	0.66	0.647	0.487	1.276	0.685	0.46	0.34	0.337	0.939	1.521	1.08	1.107	0.992		
2798	0.333	0.425	0.387	0.469	0.858	0.714	1.192	0.659	0.646	0.487	1.276	0.684	0.459	0.34	0.337	0.934	1.521	1.077	1.108	0.99		
2799	0.332	0.425	0.387	0.469	0.857	0.713	1.193	0.658	0.646	0.487	1.275	0.683	0.459	0.34	0.337	0.929	1.521	1.075	1.105	0.988		
2800	0.332	0.425	0.387	0.469	0.855	0.713	1.192	0.658	0.645	0.486	1.275	0.682	0.459	0.34	0.337	0.924	1.521	1.073	1.1	0.986		
2801	0.332	0.425	0.387	0.469	0.854	0.712	1.192	0.658	0.645	0.486	1.275	0.681	0.458	0.34	0.337	0.918	1.521	1.071	1.096	0.984		
2802	0.332	0.424	0.387	0.469	0.853	0.711	1.192	0.659	0.644	0.486	1.275	0.68	0.458	0.339	0.337	0.913	1.521	1.069	1.096	0.983		
2803	0.332	0.424	0.387	0.469	0.852	0.711	1.192	0.659	0.644	0.486	1.275	0.679	0.458	0.339	0.337	0.909	1.521	1.067	1.098	0.981		
2804	0.332	0.424	0.386	0.469	0.851	0.71	1.192	0.658	0.644	0.486	1.275	0.678	0.457	0.339	0.337	0.904	1.521	1.065	1.097	0.98		
2805	0.332	0.424	0.386	0.468	0.85	0.71	1.192	0.656	0.643	0.485	1.275	0.677	0.457	0.339	0.337	0.9	1.52	1.062	1.095	0.978		
2806	0.332	0.423	0.386	0.468	0.849	0.709	1.192	0.657	0.643	0.485	1.274	0.676	0.457	0.339	0.337	0.895	1.52	1.06	1.09	0.976		
2807	0.332	0.423	0.386	0.468	0.848	0.708	1.192	0.657	0.643	0.485	1.274	0.675	0.456	0.339	0.337	0.89	1.52	1.058	1.087	0.975		
2808	0.332	0.423	0.386	0.468	0.847	0.708	1.192	0.658	0.643	0.485	1.274	0.674	0.456	0.339	0.337	0.886	1.52	1.056	1.087	0.973		
2809	0.332	0.423	0.386	0.468	0.846	0.707	1.191	0.658	0.643	0.485	1.274	0.673	0.456	0.339	0.336	0.882	1.52	1.054	1.088	0.972		
2810	0.332	0.422	0.386	0.468	0.845	0.707	1.191	0.656	0.643	0.484	1.274	0.672	0.455	0.339	0.336	0.878	1.52	1.052	1.088	0.97		
2811	0.332	0.422	0.386	0.468	0.844	0.706	1.191	0.655	0.642	0.484	1.273	0.671	0.455	0.338	0.336	0.873	1.52	1.05	1.085	0.969		
2812	0.331	0.422	0.386	0.468	0.843	0.706	1.191	0.655	0.642	0.484	1.273	0.67	0.455	0.338	0.336	0.869	1.52	1.048	1.08	0.967		
2813	0.331	0.422	0.386	0.467	0.842	0.705	1.191	0.655	0.642	0.484	1.273	0.669	0.454	0.338	0.336	0.865	1.52	1.046	1.077	0.965		
2814	0.331	0.421	0.386	0.467	0.842	0.704	1.191	0.656	0.642	0.484	1.273	0.668	0.454	0.338	0.336	0.861	1.52	1.044	1.077	0.964		
2815	0.331	0.422	0.386	0.467	0.84	0.704	1.191	0.657	0.641	0.484	1.273	0.668	0.454	0.338	0.336	0.856	1.52	1.042	1.079	0.962		
2816	0.331	0.421	0.386	0.467	0.84	0.703	1.191	0.655	0.641	0.484	1.273	0.667	0.453	0.338	0.336	0.852	1.52	1.04	1.078	0.96		
2817	0.331	0.421	0.386	0.467	0.839	0.703	1.191	0.654	0.641	0.483	1.272	0.666	0.453	0.338	0.336	0.848	1.52	1.039	1.075	0.958		
2818	0.331	0.421	0.386	0.467	0.838	0.702	1.191	0.654	0.64	0.483	1.272	0.665	0.453	0.338	0.336	0.844	1.52	1.037	1.07	0.957		
2819	0.331	0.421	0.385	0.467	0.837	0.702	1.191	0.654	0.64	0.483	1.272	0.664	0.452	0.337	0.336	0.84	1.52	1.035	1.066	0.955		
2820	0.331	0.42	0.385	0.467	0.836	0.701	1.191	0.655	0.64	0.483	1.271	0.663	0.452	0.337	0.335	0.836	1.52	1.033	1.066	0.954		
2821	0.331	0.42	0.385	0.467	0.835	0.701	1.19	0.655	0.639	0.483	1.271	0.663	0.452	0.337	0.335	0.832	1.52	1.031	1.067	0.952		
2822	0.331	0.42	0.385	0.466	0.834	0.7	1.19	0.654	0.639	0.483	1.271	0.662	0.451	0.337	0.335	0.829	1.519	1.03	1.067	0.951		
2823	0.331	0.42	0.385	0.466	0.833	0.699	1.19	0.652	0.639	0.483	1.271	0.661	0.451	0.337	0.335	0.825	1.52	1.028	1.064	0.949		
2824	0.331	0.42	0.385	0.466	0.832	0.699	1.19	0.653	0.639	0.483	1.271	0.66	0.451	0.337	0.335	0.821	1.519	1.026	1.06	0.948		
2825	0.331	0.419	0.385	0.466	0.831	0.698	1.19	0.653	0.639	0.482	1.271	0.659	0.45	0.337	0.335	0.818	1.519	1.024	1.057	0.946		
2826	0.33	0.419	0.385	0.466	0.83	0.698	1.19	0.654	0.638	0.482	1.271	0.658	0.45	0.337	0.335	0.814	1.519	1.022	1.057	0.945		
2827	0.33	0.419	0.384	0.466	0.829	0.697	1.19	0.654	0.638	0.482	1.27	0.658	0.45	0.337	0.335	0.811	1.519	1.02	1.059	0.944		
2828	0.33	0.419	0.384	0.466	0.828	0.697	1.19	0.653	0.639	0.482	1.27	0.657	0.449	0.337	0.334	0.807	1.519	1.019	1.059	0.942		
2829	0.33	0.418	0.384	0.466	0.827	0.696	1.19	0.652	0.638	0.482	1.27	0.656	0.449	0.337	0.334	0.804	1.519	1.017	1.057	0.941		
2830	0.33	0.418	0.384	0.466	0.826	0.696	1.19	0.652	0.638	0.481	1.27	0.655	0.449	0.336	0.334	0.8	1.519	1.016	1.053	0.939		
2831	0.33	0.418	0.384	0.466	0.825	0.695	1.19	0.652	0.638	0.481	1.27	0.654	0.448	0.336	0.334	0.797	1.519	1.014	1.049	0.938		
2832	0.33	0.418	0.384	0.465	0.824	0.694	1.19	0.653	0.638	0.481	1.27	0.654	0.448	0.336	0.334	0.794	1.519	1.012	1.049	0.937		
2833	0.33	0.417	0.384	0.465	0.823	0.694	1.19	0.654	0.638	0.481	1.269	0.653	0.447	0.336	0.334	0.791	1.519	1.011	1.05	0.936		
2834	0.329	0.417	0.384	0.465	0.823	0.693	1.189	0.652	0.637	0.481	1.269	0.652	0.447	0.336	0.334	0.787	1.519	1.009	1.051	0.935		
2835	0.329	0.417	0.383	0.465	0.822	0.693	1.189	0.651	0.637	0.48	1.269	0.651	0.447	0.336	0.334	0.784	1.519	1.007	1.048	0.934		
2836	0.329	0.417	0.383	0.465	0.821	0.692	1.189	0.651	0.637	0.48	1.269	0.651	0.446	0.336	0.334	0.781	1.519	1.005	1.044	0.933		
2837	0.329	0.417	0.383	0.465	0.82	0.692	1.189	0.651	0.637	0.48	1.269	0.65	0.446	0.336	0.333	0.778	1.518	1.003	1.041	0.932		
2838	0.329	0.417	0.383	0.464	0.819	0.691	1.189	0.652	0.636	0.48	1.269	0.649	0.445	0.336	0.334	0.775	1.518	1.001	1.04	0.931		
2839	0.329	0.416	0.383	0.464	0.818	0.691	1.189	0.652	0.636	0.48	1.268	0.648	0.445	0.336	0.333	0.772	1.518	0.999	1.042	0.929		
2840	0.329	0.416	0.383	0.464	0.817	0.69	1.189	0.651	0.636	0.48	1.268	0.647	0.444	0.335	0.333	0.769	1.518	0.998	1.042	0.928		
2841	0.329	0.416	0.383	0.464	0.817	0.689	1.189	0.65	0.635	0.479	1.268	0.646	0.444	0.335	0.333	0.766	1.518	0.996	1.04	0.927		
2842	0.329	0.416	0.382	0.464	0.816	0.689	1.188	0.65	0.635	0.479	1.268	0.645	0.444	0.335	0.333	0.763	1.518	0.995	1.036	0.926		
2843	0.329	0.415	0.382	0.463	0.815	0.688	1.188	0.65	0.634	0.479	1.268	0.645	0.443	0.335	0.333	0.76	1.518	0.993	1.033	0.924		
2844	0.329	0.415	0.382	0.463	0.814	0.688	1.188	0.65	0.634	0.479	1.268	0.644	0.443	0.335	0.333	0.757	1.518	0.992	1.032	0.923		
2845	0.328	0.415	0.382	0.463	0.813	0.687	1.188	0.651	0.634	0.479	1.268	0.643	0.443	0.335	0.333	0.754	1.518	0.99	1.034	0.922		
2846	0.328	0.415	0.382	0.463	0.812	0.686	1.188	0.65	0.633	0.479	1.268	0.642	0.442	0.334	0.332	0.752	1.518	0.989	1.034	0.921		
2847	0.328	0.415	0.382	0.463	0.811	0.686	1.188	0.649	0.633	0.478	1.267	0.642	0.442	0.334	0.332	0.749	1.518	0.987	1.032	0.92		
2848	0.328	0.414	0.382	0.463	0.811	0.685	1.188	0.649	0.632	0.478	1.267	0.641	0.441	0.334	0.332	0.747	1.518	0.985	1.028	0.919		
2849	0.328	0.414	0.382	0.463	0.81	0.685	1.188	0.649	0.632	0.478	1.267	0.64	0.441	0.334	0.332	0.744	1.518	0.984	1.024	0.918		
2850	0.328	0.414	0.382	0.463	0.809	0.684	1.188	0.648	0.632	0.478	1.267	0.639	0.441	0.334	0.332	0.742	1.518	0.982	1.024	0.917		
2851	0.328	0.414	0.381	0.463	0.808	0.684	1.188	0.648	0.632	0.478	1.267	0.639	0.44	0.334	0.332	0.739	1.518	0.98	1.026	0.916		
2852	0.328	0.414	0.381	0.462	0.807	0.683	1.188	0.648	0.631	0.478	1.267	0.638	0.44	0.334	0.332	0.737	1.518	0.978	1.027	0.915		
2853	0.328	0.414	0.381	0.462	0.806	0.682	1.188	0.648	0.631	0.478	1.267	0.637	0.44	0.333	0.331	0.734	1.517	0.977	1.025	0.914		
2854	0.328	0.413	0.381	0.462	0.805	0.682	1.187	0.647	0.631	0.478	1.267	0.637	0.439	0.333	0.332	0.732	1.517	0.975	1.022	0.912		
2855	0.328	0.413	0.381	0.462	0.804	0.681	1.188	0.647	0.63	0.478	1.266	0.636	0.439	0.333	0.331	0.729	1.518	0.974	1.018	0.911		
2856	0.327	0.413	0.381	0.462	0.803	0.68	1.187	0.647	0.63	0.477	1.266	0.635	0.439	0.333	0.331	0.727	1.517	0.972	1.018	0.91		
2857	0.327	0.413	0.381	0.462	0.802	0.679	1.187	0.647	0.63	0.477	1.266	0.634	0.439	0.333	0.331	0.725	1.517	0.971	1.02	0.908		
2858	0.327	0.413	0.381	0.462	0.802	0.679	1.187	0.647	0.629	0.477	1.265	0.634	0.438	0.333	0.331	0.722	1.517	0.97	1.018	0.907		
2859	0.327	0.412	0.381	0.461	0.8	0.678	1.187	0.647	0.629	0.476	1.265	0.633	0.438	0.333	0.331	0.72	1.517	0.968	1.017	0.906		
2860	0.327	0.412	0.38	0.461	0.8	0.678	1.187	0.646	0.629	0.476	1.266	0.632	0.438	0.333	0.331	0.717	1.517	0.966	1.015	0.905		
2861	0.327	0.412	0.38	0.461	0.799	0.677	1.187	0.646	0.629	0.476	1.265	0.631	0.437	0.332	0.331	0.715	1.517	0.963	1.013	0.904		
2862	0.327	0.412	0.38	0.461	0.798	0.676	1.187	0.646	0.629	0.476	1.265	0.631	0.437	0.332	0.331	0.713	1.517	0.963	1.012	0.903		
2863	0.327	0.412	0.38	0.461	0.797	0.675	1.187	0.646	0.629	0.476	1.265	0.63	0.437	0.332	0.331	0.71	1.517	0.963	1.011	0.902		
2864	0.327	0.411	0.38	0.461	0.796	0.675	1.187	0.645	0.629	0.475	1.265	0.629	0.436	0.332	0.331	0.708	1.517	0.962	1.01	0.901		
2865	0.327	0.411	0.38	0.461	0.796	0.674	1.187	0.645	0.629	0.475	1.264	0.628	0.436	0.332	0.331	0.705	1.517	0.96	1.008	0.9		
2866	0.327	0.411	0.38	0.46	0.795	0.674	1.186	0.645	0.629	0.475	1.264	0.627	0.436	0.332	0.331	0.703	1.517	0.958	1.007	0.899		
2867	0.326	0.411	0.379	0.46	0.794	0.673	1.187	0.645	0.629	0.475	1.264	0.627	0.435	0.332	0.33	0.701	1.517	0.956	1.006	0.898		
2868	0.326	0.411	0.38	0.46	0.793	0.673	1.186	0.645	0.628	0.475	1.263	0.626	0.435	0.332	0.33	0.699	1.517	0.955	1.005	0.897		
2869	0.326	0.41	0.379	0.46	0.792	0.672	1.186	0.645	0.628	0.475	1.263	0.625	0.435	0.332	0.33	0.697	1.517	0.955	1.003	0.896		
2870	0.326	0.41	0.379	0.46	0.792	0.672	1.186	0.645	0.628	0.474	1.263	0.625	0.435	0.331	0.33	0.695	1.517	0.954	1.002	0.895		
2871	0.326	0.41	0.379	0.46	0.791	0.671	1.186	0.645	0.627	0.474	1.263	0.624	0.434	0.331	0.33	0.693	1.517	0.952	1.001	0.894		
2872	0.326	0.41	0.379	0.459	0.79	0.671	1.186	0.644	0.627	0.474	1.263	0.623	0.434	0.331	0.33	0.691	1.517	0.95	1	0.892		
2873	0.326	0.409	0.379	0.459	0.789	0.67	1.186	0.644	0.627	0.474	1.263	0.623	0.434	0.331	0.33	0.689	1.516	0.948	0.999	0.891		
2874	0.326	0.409	0.379	0.459	0.789	0.67	1.186	0.644	0.626	0.474	1.262	0.622	0.433	0.331	0.33	0.687	1.516	0.947	0.997	0.89		
2875	0.326	0.409	0.379	0.459	0.788	0.67	1.186	0.644	0.626	0.474	1.262	0.621	0.433	0.331	0.33	0.685	1.516	0.947	0.996	0.889		
2876	0.326	0.409	0.379	0.459	0.787	0.669	1.186	0.643	0.626	0.474	1.262	0.621	0.433	0.331	0.33	0.683	1.516	0.946	0.994	0.888		
2877	0.326	0.409	0.378	0.459	0.786	0.668	1.186	0.643	0.625	0.473	1.262	0.62	0.432	0.331	0.33	0.681	1.516	0.944	0.993	0.888		
2878	0.325	0.408	0.378	0.459	0.785	0.668	1.185	0.643	0.625	0.473	1.261	0.619	0.432	0.331	0.33	0.679	1.516	0.942	0.992	0.886		
2879	0.326	0.408	0.378	0.459	0.784	0.667	1.185	0.643	0.625	0.473	1.261	0.619	0.432	0.331	0.329	0.677	1.516	0.94	0.991	0.885		
2880	0.325	0.408	0.378	0.459	0.783	0.666	1.185	0.643	0.625	0.473	1.261	0.618	0.431	0.331	0.329	0.676	1.516	0.939	0.989	0.884		
2881	0.325	0.408	0.378	0.458	0.782	0.666	1.185	0.643	0.625	0.473	1.261	0.617	0.431	0.331	0.329	0.674	1.516	0.939	0.989	0.883		
2882	0.325	0.408	0.378	0.458	0.782	0.665	1.185	0.643	0.625	0.473	1.261	0.617	0.431	0.331	0.329	0.672	1.516	0.938	0.988	0.881		
2883	0.325	0.408	0.378	0.458	0.781	0.665	1.185	0.643	0.624	0.472	1.261	0.616	0.43	0.33	0.329	0.67	1.516	0.937	0.987	0.88		
2884	0.325	0.407	0.378	0.458	0.78	0.664	1.185	0.643	0.625	0.472	1.26	0.615	0.43	0.33	0.329	0.668	1.516	0.935	0.986	0.88		
2885	0.325	0.407	0.377	0.458	0.779	0.663	1.185	0.642	0.625	0.472	1.26	0.615	0.429	0.33	0.329	0.667	1.516	0.933	0.985	0.878		
2886	0.325	0.407	0.377	0.458	0.778	0.663	1.185	0.642	0.625	0.472	1.26	0.614	0.429	0.33	0.329	0.665	1.516	0.932	0.984	0.878		
2887	0.325	0.407	0.377	0.458	0.778	0.662	1.185	0.642	0.624	0.472	1.26	0.613	0.429	0.33	0.329	0.663	1.516	0.932	0.983	0.876		
2888	0.325	0.407	0.377	0.458	0.777	0.661	1.184	0.642	0.624	0.471	1.26	0.613	0.429	0.33	0.329	0.661	1.516	0.931	0.982	0.875		
2889	0.325	0.407	0.377	0.457	0.776	0.661	1.184	0.642	0.624	0.471	1.26	0.612	0.428	0.33	0.328	0.66	1.516	0.929	0.981	0.874		
2890	0.325	0.406	0.377	0.457	0.776	0.661	1.185	0.642	0.624	0.471	1.259	0.612	0.428	0.33	0.328	0.658	1.516	0.927	0.979	0.873		
2891	0.325	0.406	0.377	0.457	0.775	0.66	1.184	0.641	0.624	0.471	1.259	0.611	0.427	0.33	0.328	0.656	1.516	0.925	0.978	0.872		
2892	0.325	0.406	0.376	0.457	0.775	0.66	1.184	0.641	0.624	0.471	1.259	0.61	0.427	0.329	0.328	0.655	1.516	0.924	0.977	0.871		
2893	0.325	0.406	0.376	0.457	0.774	0.659	1.184	0.641	0.623	0.471	1.259	0.61	0.427	0.329	0.328	0.653	1.516	0.924	0.976	0.87		
2894	0.324	0.405	0.376	0.457	0.773	0.659	1.184	0.641	0.623	0.47	1.259	0.609	0.426	0.329	0.328	0.652	1.515	0.923	0.975	0.869		
2895	0.324	0.405	0.376	0.457	0.772	0.658	1.184	0.64	0.623	0.47	1.259	0.609	0.426	0.329	0.327	0.65	1.515	0.922	0.974	0.868		
2896	0.325	0.405	0.376	0.456	0.772	0.658	1.184	0.64	0.623	0.47	1.258	0.608	0.426	0.329	0.327	0.649	1.515	0.92	0.973	0.867		
2897	0.326	0.405	0.376	0.456	0.771	0.657	1.184	0.64	0.623	0.47	1.258	0.607	0.425	0.329	0.327	0.647	1.515	0.918	0.972	0.866		
2898	0.325	0.405	0.376	0.456	0.77	0.657	1.184	0.64	0.623	0.47	1.258	0.606	0.425	0.329	0.327	0.645	1.515	0.917	0.971	0.865		
2899	0.323	0.405	0.376	0.456	0.77	0.656	1.184	0.64	0.622	0.47	1.258	0.606	0.425	0.329	0.327	0.644	1.515	0.917	0.97	0.864		
2900	0.323	0.405	0.376	0.456	0.769	0.655	1.183	0.64	0.622	0.469	1.258	0.605	0.424	0.329	0.327	0.642	1.515	0.916	0.969	0.863		
2901	0.324	0.404	0.375	0.456	0.768	0.655	1.183	0.639	0.622	0.469	1.258	0.605	0.424	0.329	0.327	0.64	1.515	0.914	0.968	0.862		
2902	0.325	0.404	0.375	0.456	0.768	0.654	1.183	0.639	0.622	0.469	1.257	0.604	0.424	0.328	0.327	0.639	1.515	0.912	0.967	0.861		
2903	0.325	0.404	0.375	0.456	0.767	0.654	1.183	0.639	0.622	0.469	1.257	0.603	0.423	0.328	0.327	0.637	1.515	0.91	0.966	0.86		
2904	0.325	0.404	0.375	0.455	0.766	0.653	1.183	0.639	0.622	0.469	1.257	0.603	0.423	0.328	0.327	0.636	1.515	0.909	0.965	0.859		
2905	0.323	0.403	0.375	0.455	0.765	0.653	1.183	0.639	0.622	0.469	1.257	0.602	0.423	0.328	0.326	0.634	1.515	0.91	0.964	0.858		
2906	0.323	0.403	0.375	0.455	0.765	0.652	1.183	0.638	0.621	0.468	1.257	0.602	0.423	0.328	0.326	0.633	1.515	0.909	0.964	0.856		
2907	0.323	0.403	0.375	0.455	0.764	0.652	1.183	0.638	0.621	0.468	1.256	0.601	0.423	0.328	0.326	0.632	1.515	0.907	0.963	0.856		
2908	0.324	0.403	0.375	0.455	0.763	0.652	1.183	0.638	0.621	0.468	1.256	0.601	0.423	0.328	0.326	0.63	1.514	0.906	0.962	0.855		
2909	0.325	0.403	0.375	0.454	0.763	0.651	1.183	0.638	0.621	0.468	1.256	0.6	0.422	0.328	0.326	0.629	1.512	0.904	0.961	0.852		
2910	0.324	0.402	0.374	0.454	0.762	0.651	1.183	0.638	0.62	0.468	1.256	0.6	0.422	0.328	0.326	0.627	1.509	0.903	0.96	0.85		
2911	0.323	0.402	0.374	0.454	0.761	0.65	1.182	0.639	0.62	0.467	1.256	0.599	0.422	0.328	0.326	0.626	1.505	0.903	0.959	0.85		
2912	0.323	0.402	0.374	0.454	0.76	0.65	1.182	0.638	0.62	0.467	1.256	0.599	0.421	0.328	0.325	0.624	1.501	0.902	0.959	0.849		
2913	0.323	0.402	0.374	0.454	0.759	0.649	1.182	0.636	0.62	0.467	1.255	0.598	0.421	0.328	0.325	0.622	1.497	0.901	0.958	0.85		
2914	0.324	0.402	0.374	0.454	0.758	0.649	1.182	0.636	0.619	0.467	1.255	0.598	0.421	0.327	0.325	0.621	1.494	0.9	0.956	0.85		
2915	0.325	0.402	0.374	0.454	0.758	0.649	1.182	0.636	0.619	0.467	1.255	0.597	0.42	0.327	0.325	0.62	1.492	0.897	0.955	0.847		
2916	0.324	0.401	0.374	0.454	0.757	0.649	1.182	0.637	0.619	0.467	1.255	0.597	0.42	0.327	0.325	0.618	1.489	0.896	0.954	0.845		
2917	0.322	0.401	0.374	0.453	0.756	0.648	1.182	0.638	0.619	0.467	1.255	0.596	0.42	0.327	0.325	0.617	1.486	0.897	0.953	0.844		
2918	0.322	0.401	0.374	0.453	0.755	0.648	1.182	0.637	0.618	0.466	1.255	0.595	0.42	0.327	0.325	0.616	1.482	0.895	0.952	0.844		
2919	0.323	0.401	0.374	0.453	0.755	0.648	1.182	0.635	0.618	0.466	1.254	0.595	0.42	0.327	0.324	0.614	1.478	0.894	0.951	0.844		
2920	0.323	0.401	0.374	0.453	0.754	0.647	1.182	0.635	0.618	0.466	1.254	0.594	0.419	0.327	0.324	0.613	1.475	0.894	0.95	0.844		
2921	0.324	0.4	0.374	0.453	0.753	0.647	1.182	0.635	0.618	0.466	1.254	0.594	0.419	0.327	0.324	0.611	1.471	0.893	0.947	0.841		
2922	0.324	0.4	0.374	0.453	0.752	0.647	1.182	0.636	0.617	0.466	1.254	0.593	0.419	0.327	0.324	0.61	1.468	0.892	0.945	0.839		
2923	0.322	0.4	0.373	0.452	0.751	0.646	1.182	0.637	0.617	0.466	1.254	0.593	0.418	0.327	0.324	0.609	1.464	0.892	0.947	0.838		
2924	0.322	0.4	0.373	0.452	0.75	0.646	1.181	0.636	0.617	0.466	1.253	0.592	0.418	0.327	0.324	0.608	1.46	0.891	0.949	0.838		
2925	0.322	0.4	0.373	0.452	0.75	0.646	1.181	0.634	0.616	0.466	1.253	0.592	0.418	0.327	0.324	0.606	1.456	0.89	0.948	0.839		
2926	0.323	0.4	0.373	0.452	0.749	0.645	1.181	0.634	0.616	0.465	1.253	0.591	0.417	0.326	0.324	0.605	1.452	0.889	0.946	0.838		
2927	0.324	0.4	0.373	0.452	0.748	0.645	1.181	0.634	0.616	0.465	1.253	0.591	0.417	0.326	0.324	0.604	1.446	0.888	0.942	0.836		
2928	0.323	0.399	0.373	0.452	0.748	0.644	1.181	0.635	0.615	0.465	1.253	0.59	0.417	0.326	0.323	0.602	1.441	0.887	0.941	0.833		
2929	0.321	0.399	0.372	0.451	0.747	0.644	1.181	0.635	0.615	0.465	1.253	0.59	0.417	0.326	0.323	0.601	1.436	0.886	0.942	0.833		
2930	0.322	0.399	0.372	0.451	0.747	0.644	1.181	0.635	0.615	0.465	1.253	0.589	0.417	0.326	0.323	0.6	1.431	0.885	0.943	0.832		
2931	0.322	0.399	0.372	0.451	0.746	0.643	1.181	0.633	0.615	0.465	1.253	0.589	0.416	0.326	0.323	0.599	1.426	0.884	0.943	0.833		
2932	0.322	0.399	0.372	0.451	0.745	0.643	1.181	0.633	0.615	0.465	1.253	0.588	0.416	0.325	0.323	0.598	1.421	0.883	0.94	0.833		
2933	0.323	0.399	0.372	0.451	0.745	0.642	1.181	0.633	0.615	0.465	1.253	0.588	0.416	0.325	0.323	0.596	1.416	0.882	0.937	0.83		
2934	0.323	0.399	0.372	0.451	0.744	0.642	1.181	0.633	0.615	0.464	1.253	0.588	0.415	0.325	0.323	0.595	1.411	0.88	0.935	0.828		
2935	0.321	0.398	0.372	0.451	0.743	0.641	1.18	0.634	0.615	0.464	1.253	0.587	0.415	0.325	0.323	0.594	1.407	0.879	0.936	0.827		
2936	0.321	0.398	0.372	0.451	0.743	0.641	1.18	0.634	0.615	0.464	1.253	0.587	0.415	0.325	0.323	0.593	1.403	0.878	0.938	0.827		
2937	0.321	0.398	0.372	0.45	0.742	0.64	1.18	0.632	0.614	0.464	1.252	0.586	0.415	0.325	0.323	0.592	1.398	0.877	0.937	0.827		
2938	0.322	0.398	0.371	0.45	0.741	0.64	1.18	0.631	0.614	0.464	1.252	0.586	0.414	0.325	0.323	0.591	1.394	0.876	0.935	0.828		
2939	0.323	0.398	0.371	0.45	0.741	0.639	1.18	0.632	0.614	0.464	1.252	0.585	0.414	0.325	0.322	0.59	1.39	0.875	0.931	0.825		
2940	0.322	0.397	0.371	0.45	0.74	0.639	1.18	0.632	0.614	0.463	1.252	0.585	0.414	0.325	0.323	0.589	1.386	0.874	0.929	0.823		
2941	0.321	0.397	0.371	0.45	0.739	0.638	1.18	0.633	0.614	0.463	1.251	0.585	0.414	0.324	0.322	0.588	1.381	0.873	0.93	0.823		
2942	0.32	0.397	0.371	0.449	0.739	0.638	1.18	0.632	0.613	0.463	1.251	0.584	0.413	0.324	0.322	0.587	1.377	0.872	0.932	0.822		
2943	0.321	0.397	0.371	0.449	0.738	0.638	1.18	0.631	0.613	0.463	1.251	0.583	0.413	0.324	0.322	0.586	1.372	0.871	0.932	0.823		
2944	0.321	0.397	0.371	0.449	0.738	0.637	1.18	0.63	0.613	0.463	1.251	0.583	0.413	0.324	0.322	0.585	1.367	0.87	0.929	0.823		
2945	0.322	0.397	0.371	0.449	0.737	0.637	1.18	0.63	0.613	0.462	1.25	0.582	0.413	0.324	0.322	0.584	1.363	0.869	0.926	0.82		
2946	0.322	0.396	0.371	0.449	0.737	0.636	1.18	0.63	0.613	0.462	1.25	0.582	0.413	0.324	0.322	0.582	1.358	0.868	0.923	0.818		
2947	0.32	0.396	0.37	0.449	0.736	0.636	1.179	0.631	0.613	0.462	1.25	0.581	0.413	0.324	0.322	0.581	1.353	0.867	0.924	0.818		
2948	0.32	0.396	0.37	0.448	0.735	0.636	1.18	0.631	0.613	0.462	1.25	0.581	0.412	0.324	0.322	0.58	1.348	0.866	0.926	0.817		
2949	0.32	0.396	0.37	0.448	0.735	0.635	1.179	0.629	0.613	0.462	1.249	0.58	0.412	0.324	0.321	0.579	1.344	0.866	0.926	0.818		
2950	0.321	0.396	0.37	0.448	0.734	0.635	1.18	0.629	0.612	0.462	1.249	0.58	0.411	0.323	0.321	0.578	1.339	0.864	0.923	0.818		
2951	0.322	0.396	0.37	0.448	0.734	0.634	1.179	0.629	0.612	0.462	1.249	0.579	0.411	0.324	0.321	0.577	1.335	0.864	0.919	0.816		
2952	0.321	0.396	0.37	0.448	0.733	0.634	1.179	0.629	0.612	0.461	1.249	0.579	0.411	0.323	0.321	0.576	1.33	0.862	0.917	0.814		
2953	0.319	0.396	0.37	0.448	0.733	0.634	1.179	0.63	0.611	0.461	1.249	0.579	0.41	0.323	0.321	0.575	1.326	0.862	0.918	0.813		
2954	0.319	0.396	0.37	0.448	0.732	0.633	1.179	0.63	0.611	0.461	1.249	0.578	0.41	0.323	0.321	0.574	1.322	0.861	0.92	0.813		
2955	0.32	0.395	0.369	0.448	0.732	0.633	1.179	0.628	0.611	0.461	1.248	0.577	0.41	0.323	0.321	0.573	1.318	0.86	0.92	0.813		
2956	0.32	0.395	0.369	0.447	0.731	0.632	1.179	0.628	0.611	0.461	1.244	0.577	0.409	0.323	0.321	0.572	1.314	0.859	0.917	0.814		
2957	0.32	0.395	0.369	0.447	0.731	0.632	1.179	0.628	0.611	0.461	1.209	0.577	0.409	0.323	0.321	0.571	1.309	0.858	0.914	0.812		
2958	0.32	0.395	0.369	0.447	0.73	0.632	1.179	0.628	0.61	0.46	1.172	0.576	0.409	0.323	0.321	0.57	1.305	0.857	0.912	0.809		
2959	0.32	0.395	0.369	0.447	0.729	0.631	1.179	0.629	0.61	0.46	1.139	0.576	0.409	0.323	0.32	0.569	1.302	0.856	0.912	0.809		
2960	0.32	0.395	0.369	0.447	0.729	0.631	1.179	0.629	0.61	0.46	1.114	0.575	0.409	0.323	0.32	0.568	1.298	0.855	0.914	0.808		
2961	0.32	0.395	0.369	0.447	0.728	0.631	1.179	0.627	0.61	0.46	1.094	0.575	0.408	0.322	0.32	0.567	1.294	0.855	0.915	0.808		
2962	0.32	0.394	0.369	0.447	0.728	0.63	1.179	0.627	0.61	0.46	1.078	0.574	0.408	0.322	0.32	0.566	1.29	0.854	0.912	0.809		
2963	0.32	0.394	0.369	0.447	0.727	0.63	1.179	0.627	0.609	0.46	1.065	0.574	0.408	0.322	0.32	0.566	1.286	0.853	0.909	0.807		
2964	0.32	0.394	0.368	0.446	0.727	0.63	1.179	0.627	0.609	0.46	1.055	0.573	0.408	0.322	0.32	0.565	1.282	0.852	0.907	0.804		
2965	0.319	0.394	0.368	0.446	0.726	0.629	1.179	0.628	0.609	0.46	1.048	0.573	0.408	0.322	0.32	0.564	1.277	0.851	0.908	0.803		
2966	0.319	0.394	0.368	0.446	0.725	0.629	1.178	0.628	0.609	0.46	1.041	0.573	0.407	0.322	0.32	0.563	1.273	0.851	0.91	0.803		
2967	0.319	0.393	0.368	0.446	0.725	0.629	1.178	0.626	0.609	0.459	1.036	0.572	0.407	0.322	0.32	0.562	1.269	0.85	0.91	0.804		
2968	0.319	0.393	0.368	0.446	0.725	0.628	1.178	0.626	0.609	0.459	1.03	0.572	0.407	0.322	0.32	0.561	1.264	0.849	0.909	0.804		
2969	0.319	0.393	0.368	0.446	0.724	0.628	1.178	0.626	0.609	0.459	1.024	0.571	0.407	0.321	0.32	0.56	1.26	0.848	0.905	0.803		
2970	0.319	0.393	0.368	0.446	0.723	0.628	1.178	0.626	0.609	0.459	1.019	0.571	0.407	0.321	0.32	0.559	1.256	0.847	0.903	0.802		
2971	0.319	0.393	0.368	0.445	0.723	0.627	1.178	0.626	0.609	0.459	1.014	0.57	0.406	0.321	0.32	0.558	1.252	0.846	0.903	0.802		
2972	0.319	0.392	0.367	0.445	0.722	0.627	1.178	0.626	0.608	0.459	1.009	0.57	0.406	0.321	0.319	0.557	1.248	0.845	0.905	0.801		
2973	0.319	0.392	0.367	0.445	0.721	0.626	1.178	0.626	0.608	0.459	1.004	0.57	0.406	0.321	0.319	0.556	1.244	0.845	0.906	0.801		
2974	0.319	0.392	0.367	0.445	0.721	0.626	1.178	0.626	0.608	0.458	1	0.57	0.406	0.321	0.319	0.556	1.24	0.844	0.904	0.8		
2975	0.319	0.392	0.367	0.445	0.72	0.625	1.178	0.626	0.608	0.458	0.995	0.569	0.405	0.321	0.319	0.555	1.236	0.843	0.901	0.8		
2976	0.319	0.392	0.367	0.444	0.72	0.625	1.178	0.626	0.607	0.458	0.99	0.569	0.405	0.321	0.319	0.554	1.232	0.842	0.899	0.799		
2977	0.319	0.392	0.367	0.444	0.719	0.625	1.178	0.625	0.607	0.458	0.986	0.568	0.405	0.32	0.319	0.553	1.228	0.842	0.899	0.799		
2978	0.319	0.392	0.367	0.444	0.718	0.624	1.178	0.625	0.607	0.458	0.982	0.568	0.405	0.321	0.319	0.552	1.224	0.841	0.901	0.798		
2979	0.319	0.391	0.367	0.444	0.718	0.624	1.178	0.625	0.606	0.458	0.977	0.567	0.404	0.32	0.319	0.551	1.221	0.84	0.901	0.797		
2980	0.319	0.391	0.367	0.444	0.717	0.623	1.178	0.625	0.606	0.457	0.973	0.567	0.404	0.32	0.319	0.55	1.217	0.839	0.899	0.797		
2981	0.319	0.391	0.367	0.444	0.717	0.623	1.178	0.625	0.606	0.457	0.969	0.566	0.404	0.32	0.319	0.549	1.214	0.836	0.896	0.796		
2982	0.318	0.391	0.367	0.443	0.716	0.622	1.178	0.625	0.606	0.457	0.965	0.566	0.403	0.32	0.319	0.548	1.21	0.835	0.897	0.795		
2983	0.318	0.391	0.367	0.443	0.716	0.622	1.177	0.625	0.606	0.457	0.961	0.565	0.403	0.32	0.319	0.547	1.207	0.835	0.896	0.794		
2984	0.318	0.391	0.367	0.443	0.715	0.622	1.177	0.625	0.605	0.457	0.957	0.565	0.403	0.32	0.319	0.547	1.204	0.836	0.895	0.794		
2985	0.318	0.391	0.366	0.443	0.715	0.621	1.177	0.625	0.605	0.457	0.953	0.565	0.403	0.32	0.319	0.546	1.201	0.835	0.895	0.793		
2986	0.318	0.39	0.366	0.443	0.714	0.621	1.177	0.625	0.605	0.457	0.95	0.564	0.403	0.32	0.319	0.545	1.198	0.834	0.893	0.792		
2987	0.318	0.39	0.366	0.443	0.714	0.62	1.177	0.624	0.605	0.457	0.946	0.564	0.403	0.32	0.319	0.545	1.195	0.831	0.892	0.791		
2988	0.318	0.39	0.366	0.443	0.714	0.62	1.177	0.624	0.605	0.456	0.942	0.563	0.403	0.32	0.318	0.544	1.192	0.83	0.892	0.791		
2989	0.318	0.39	0.366	0.443	0.713	0.62	1.177	0.624	0.605	0.456	0.939	0.563	0.402	0.32	0.319	0.543	1.189	0.83	0.891	0.79		
2990	0.318	0.39	0.366	0.443	0.713	0.62	1.177	0.624	0.605	0.456	0.935	0.563	0.402	0.32	0.318	0.541	1.186	0.831	0.89	0.789		
2991	0.318	0.39	0.366	0.443	0.712	0.619	1.177	0.624	0.605	0.456	0.932	0.562	0.402	0.32	0.318	0.539	1.182	0.83	0.889	0.789		
2992	0.318	0.39	0.366	0.442	0.712	0.619	1.177	0.624	0.605	0.456	0.928	0.561	0.402	0.319	0.318	0.539	1.179	0.829	0.888	0.788		
2993	0.318	0.389	0.366	0.442	0.712	0.619	1.177	0.624	0.605	0.455	0.925	0.561	0.401	0.319	0.318	0.54	1.176	0.827	0.888	0.787		
2994	0.318	0.389	0.366	0.442	0.711	0.618	1.177	0.623	0.605	0.455	0.922	0.56	0.401	0.319	0.318	0.54	1.173	0.825	0.887	0.787		
2995	0.317	0.389	0.366	0.442	0.711	0.618	1.177	0.623	0.605	0.455	0.918	0.56	0.401	0.319	0.318	0.539	1.169	0.826	0.886	0.786		
2996	0.317	0.389	0.366	0.442	0.71	0.618	1.177	0.623	0.605	0.455	0.915	0.559	0.401	0.319	0.318	0.537	1.166	0.827	0.886	0.786		
2997	0.317	0.389	0.366	0.441	0.709	0.617	1.177	0.623	0.605	0.455	0.912	0.559	0.4	0.319	0.318	0.534	1.163	0.826	0.885	0.786		
2998	0.317	0.389	0.366	0.441	0.709	0.617	1.176	0.623	0.604	0.454	0.909	0.558	0.4	0.319	0.318	0.534	1.16	0.824	0.884	0.785		
2999	0.317	0.389	0.366	0.441	0.708	0.616	1.176	0.622	0.604	0.454	0.905	0.558	0.4	0.319	0.318	0.535	1.157	0.822	0.883	0.785		
3000	0.317	0.389	0.365	0.441	0.708	0.616	1.177	0.622	0.604	0.454	0.902	0.557	0.399	0.319	0.318	0.535	1.154	0.82	0.882	0.784		
3001	0.317	0.389	0.365	0.441	0.707	0.616	1.176	0.622	0.604	0.454	0.899	0.557	0.399	0.319	0.318	0.534	1.151	0.82	0.881	0.784		
3002	0.317	0.389	0.365	0.441	0.707	0.615	1.176	0.621	0.603	0.454	0.896	0.557	0.399	0.319	0.318	0.532	1.147	0.821	0.881	0.783		
3003	0.317	0.389	0.365	0.441	0.706	0.615	1.176	0.621	0.603	0.454	0.893	0.556	0.399	0.319	0.318	0.53	1.144	0.82	0.88	0.782		
3004	0.317	0.388	0.365	0.441	0.706	0.615	1.176	0.621	0.603	0.453	0.89	0.556	0.398	0.319	0.318	0.53	1.14	0.819	0.879	0.781		
3005	0.317	0.388	0.365	0.441	0.705	0.614	1.176	0.621	0.603	0.453	0.887	0.555	0.398	0.319	0.318	0.531	1.137	0.817	0.878	0.781		
3006	0.317	0.388	0.365	0.441	0.705	0.614	1.176	0.621	0.602	0.453	0.885	0.555	0.398	0.318	0.318	0.531	1.134	0.815	0.877	0.78		
3007	0.316	0.388	0.365	0.441	0.704	0.614	1.176	0.62	0.602	0.453	0.882	0.554	0.398	0.318	0.317	0.529	1.131	0.816	0.877	0.779		
3008	0.316	0.388	0.365	0.44	0.704	0.613	1.176	0.62	0.602	0.453	0.879	0.554	0.398	0.319	0.317	0.528	1.128	0.817	0.876	0.778		
3009	0.316	0.388	0.364	0.44	0.703	0.613	1.176	0.62	0.602	0.453	0.876	0.554	0.397	0.318	0.317	0.526	1.125	0.817	0.876	0.778		
3010	0.316	0.388	0.364	0.44	0.703	0.613	1.176	0.62	0.602	0.453	0.873	0.553	0.397	0.318	0.317	0.525	1.122	0.816	0.876	0.777		
3011	0.316	0.388	0.364	0.44	0.702	0.612	1.176	0.62	0.601	0.453	0.87	0.553	0.397	0.318	0.317	0.527	1.12	0.814	0.875	0.776		
3012	0.316	0.388	0.364	0.44	0.702	0.612	1.176	0.62	0.601	0.453	0.867	0.553	0.397	0.318	0.317	0.526	1.117	0.812	0.874	0.776		
3013	0.316	0.387	0.364	0.44	0.701	0.611	1.176	0.619	0.601	0.453	0.864	0.552	0.396	0.318	0.317	0.525	1.114	0.813	0.874	0.775		
3014	0.316	0.387	0.364	0.44	0.701	0.611	1.176	0.619	0.601	0.453	0.862	0.552	0.396	0.318	0.317	0.524	1.111	0.814	0.873	0.774		
3015	0.316	0.387	0.364	0.439	0.701	0.611	1.175	0.619	0.601	0.453	0.859	0.551	0.396	0.318	0.317	0.522	1.109	0.814	0.873	0.774		
3016	0.316	0.387	0.364	0.439	0.7	0.611	1.176	0.619	0.6	0.453	0.856	0.551	0.396	0.318	0.317	0.522	1.106	0.813	0.872	0.773		
3017	0.316	0.387	0.364	0.439	0.699	0.61	1.175	0.619	0.6	0.452	0.853	0.55	0.395	0.318	0.317	0.523	1.103	0.811	0.872	0.773		
3018	0.316	0.387	0.364	0.439	0.699	0.61	1.175	0.619	0.6	0.452	0.851	0.55	0.395	0.318	0.317	0.523	1.1	0.809	0.872	0.772		
3019	0.316	0.387	0.364	0.439	0.698	0.609	1.175	0.619	0.6	0.452	0.848	0.55	0.395	0.318	0.317	0.522	1.097	0.809	0.871	0.772		
3020	0.316	0.387	0.364	0.439	0.698	0.609	1.175	0.618	0.6	0.452	0.846	0.549	0.395	0.318	0.317	0.52	1.095	0.81	0.87	0.772		
3021	0.316	0.386	0.364	0.439	0.697	0.609	1.175	0.618	0.6	0.452	0.843	0.549	0.394	0.317	0.317	0.518	1.092	0.809	0.87	0.772		
3022	0.316	0.386	0.364	0.439	0.697	0.609	1.175	0.618	0.6	0.452	0.841	0.548	0.394	0.317	0.317	0.518	1.089	0.808	0.869	0.771		
3023	0.315	0.386	0.364	0.439	0.696	0.609	1.175	0.618	0.599	0.452	0.839	0.548	0.394	0.317	0.317	0.519	1.087	0.806	0.868	0.771		
3024	0.315	0.386	0.364	0.439	0.696	0.608	1.175	0.617	0.599	0.451	0.836	0.548	0.393	0.317	0.317	0.519	1.084	0.804	0.868	0.771		
3025	0.315	0.386	0.364	0.439	0.695	0.608	1.175	0.617	0.599	0.451	0.834	0.547	0.393	0.317	0.316	0.518	1.082	0.804	0.867	0.77		
3026	0.315	0.386	0.364	0.439	0.695	0.608	1.175	0.617	0.599	0.451	0.831	0.547	0.393	0.317	0.316	0.516	1.079	0.805	0.866	0.77		
3027	0.315	0.386	0.363	0.439	0.694	0.607	1.175	0.617	0.599	0.451	0.829	0.546	0.393	0.317	0.317	0.514	1.077	0.804	0.866	0.77		
3028	0.315	0.386	0.363	0.439	0.694	0.607	1.175	0.617	0.599	0.451	0.827	0.546	0.393	0.317	0.316	0.514	1.074	0.803	0.865	0.769		
3029	0.315	0.385	0.363	0.439	0.693	0.607	1.175	0.616	0.598	0.451	0.825	0.546	0.392	0.317	0.316	0.515	1.071	0.801	0.864	0.769		
3030	0.315	0.385	0.363	0.439	0.693	0.606	1.175	0.616	0.598	0.451	0.822	0.545	0.392	0.317	0.316	0.515	1.068	0.799	0.864	0.767		
3031	0.315	0.385	0.363	0.439	0.693	0.606	1.175	0.616	0.598	0.451	0.821	0.545	0.392	0.317	0.316	0.514	1.066	0.799	0.863	0.766		
3032	0.315	0.385	0.363	0.439	0.693	0.606	1.175	0.616	0.598	0.451	0.818	0.544	0.392	0.316	0.316	0.512	1.064	0.8	0.862	0.766		
3033	0.315	0.385	0.363	0.438	0.692	0.605	1.175	0.616	0.598	0.45	0.816	0.544	0.391	0.316	0.316	0.511	1.061	0.8	0.861	0.766		
3034	0.315	0.384	0.363	0.438	0.692	0.605	1.175	0.618	0.598	0.45	0.814	0.544	0.391	0.316	0.316	0.51	1.059	0.799	0.861	0.767		
3035	0.315	0.384	0.363	0.438	0.692	0.605	1.174	0.617	0.598	0.45	0.811	0.543	0.391	0.316	0.315	0.512	1.057	0.797	0.86	0.766		
3036	0.315	0.384	0.363	0.438	0.691	0.604	1.174	0.616	0.598	0.45	0.809	0.543	0.391	0.316	0.315	0.512	1.055	0.795	0.859	0.764		
3037	0.314	0.384	0.363	0.438	0.691	0.604	1.174	0.616	0.598	0.45	0.807	0.542	0.39	0.316	0.315	0.51	1.053	0.795	0.858	0.763		
3038	0.314	0.384	0.363	0.438	0.69	0.604	1.174	0.616	0.598	0.449	0.805	0.542	0.39	0.316	0.315	0.509	1.051	0.796	0.858	0.763		
3039	0.314	0.384	0.362	0.438	0.69	0.603	1.174	0.616	0.598	0.449	0.802	0.542	0.39	0.316	0.315	0.507	1.048	0.796	0.857	0.763		
3040	0.314	0.384	0.362	0.438	0.69	0.603	1.174	0.616	0.597	0.449	0.8	0.542	0.39	0.316	0.315	0.507	1.046	0.795	0.856	0.764		
3041	0.314	0.383	0.362	0.438	0.689	0.603	1.174	0.615	0.597	0.449	0.798	0.541	0.39	0.316	0.315	0.508	1.043	0.793	0.855	0.763		
3042	0.314	0.383	0.362	0.438	0.689	0.603	1.174	0.615	0.597	0.449	0.795	0.541	0.389	0.316	0.315	0.508	1.041	0.793	0.854	0.761		
3043	0.314	0.383	0.362	0.438	0.689	0.602	1.174	0.615	0.597	0.449	0.793	0.54	0.389	0.316	0.315	0.507	1.038	0.792	0.853	0.759		
3044	0.314	0.383	0.363	0.437	0.689	0.602	1.174	0.615	0.597	0.449	0.791	0.54	0.389	0.316	0.315	0.506	1.036	0.792	0.853	0.759		
3045	0.314	0.383	0.363	0.437	0.688	0.602	1.174	0.614	0.596	0.449	0.79	0.54	0.388	0.315	0.314	0.504	1.034	0.791	0.854	0.759		
3046	0.314	0.383	0.362	0.437	0.688	0.602	1.174	0.614	0.596	0.449	0.788	0.539	0.388	0.315	0.315	0.503	1.032	0.791	0.852	0.76		
3047	0.314	0.383	0.361	0.438	0.688	0.601	1.174	0.614	0.596	0.449	0.786	0.539	0.388	0.315	0.315	0.505	1.03	0.79	0.85	0.759		
3048	0.314	0.383	0.36	0.438	0.687	0.601	1.174	0.614	0.596	0.449	0.784	0.538	0.388	0.315	0.314	0.504	1.028	0.79	0.848	0.757		
3049	0.314	0.382	0.361	0.437	0.687	0.601	1.174	0.614	0.596	0.449	0.783	0.538	0.388	0.315	0.314	0.503	1.026	0.789	0.847	0.756		
3050	0.314	0.382	0.362	0.438	0.686	0.6	1.174	0.614	0.595	0.449	0.781	0.538	0.388	0.315	0.314	0.503	1.023	0.789	0.849	0.756		
3051	0.314	0.382	0.362	0.438	0.686	0.6	1.173	0.614	0.595	0.449	0.779	0.538	0.387	0.315	0.314	0.502	1.021	0.789	0.85	0.756		
3052	0.313	0.382	0.362	0.438	0.686	0.6	1.174	0.613	0.595	0.448	0.777	0.537	0.387	0.315	0.314	0.502	1.02	0.788	0.849	0.757		
3053	0.314	0.382	0.36	0.438	0.685	0.6	1.173	0.613	0.595	0.448	0.775	0.537	0.387	0.315	0.314	0.501	1.017	0.788	0.846	0.757		
3054	0.313	0.382	0.359	0.438	0.685	0.6	1.173	0.613	0.594	0.448	0.773	0.537	0.387	0.314	0.314	0.501	1.016	0.788	0.844	0.755		
3055	0.313	0.382	0.36	0.438	0.684	0.599	1.173	0.613	0.594	0.448	0.771	0.536	0.387	0.314	0.314	0.5	1.013	0.787	0.842	0.753		
3056	0.313	0.382	0.362	0.438	0.683	0.599	1.173	0.613	0.594	0.448	0.769	0.536	0.387	0.314	0.314	0.499	1.011	0.787	0.844	0.753		
3057	0.313	0.381	0.362	0.437	0.683	0.599	1.173	0.613	0.594	0.448	0.768	0.535	0.386	0.314	0.314	0.499	1.009	0.786	0.845	0.753		
3058	0.313	0.381	0.361	0.438	0.682	0.599	1.173	0.613	0.593	0.447	0.766	0.535	0.386	0.314	0.314	0.498	1.007	0.786	0.844	0.754		
3059	0.313	0.381	0.36	0.438	0.682	0.598	1.173	0.613	0.593	0.447	0.765	0.535	0.386	0.314	0.314	0.497	1.005	0.785	0.843	0.754		
3060	0.313	0.381	0.359	0.438	0.682	0.598	1.173	0.613	0.593	0.447	0.763	0.534	0.386	0.314	0.314	0.497	1.004	0.784	0.84	0.752		
3061	0.313	0.381	0.36	0.438	0.681	0.598	1.173	0.612	0.592	0.447	0.761	0.534	0.386	0.314	0.313	0.496	1.001	0.783	0.839	0.75		
3062	0.313	0.381	0.361	0.438	0.681	0.598	1.173	0.612	0.592	0.447	0.759	0.534	0.385	0.314	0.313	0.496	1	0.783	0.84	0.75		
3063	0.313	0.381	0.361	0.438	0.68	0.597	1.173	0.612	0.592	0.447	0.758	0.533	0.385	0.314	0.313	0.495	0.998	0.782	0.842	0.751		
3064	0.313	0.381	0.361	0.438	0.68	0.597	1.173	0.612	0.592	0.446	0.756	0.533	0.385	0.314	0.313	0.495	0.996	0.781	0.841	0.751		
3065	0.313	0.38	0.359	0.438	0.68	0.597	1.173	0.612	0.591	0.446	0.754	0.532	0.385	0.313	0.313	0.494	0.994	0.78	0.839	0.752		
3066	0.313	0.38	0.358	0.438	0.679	0.597	1.173	0.612	0.591	0.446	0.753	0.532	0.385	0.314	0.313	0.494	0.992	0.779	0.836	0.749		
3067	0.313	0.38	0.359	0.438	0.679	0.596	1.173	0.612	0.591	0.446	0.752	0.531	0.384	0.313	0.313	0.493	0.99	0.778	0.835	0.748		
3068	0.312	0.38	0.36	0.438	0.679	0.596	1.173	0.611	0.591	0.446	0.75	0.531	0.384	0.313	0.313	0.492	0.988	0.777	0.837	0.748		
3069	0.313	0.38	0.36	0.438	0.679	0.596	1.172	0.611	0.591	0.445	0.748	0.531	0.384	0.313	0.313	0.492	0.986	0.777	0.838	0.748		
3070	0.313	0.38	0.36	0.438	0.678	0.596	1.172	0.611	0.591	0.445	0.747	0.53	0.384	0.313	0.312	0.491	0.984	0.776	0.837	0.749		
3071	0.313	0.38	0.359	0.438	0.678	0.595	1.172	0.611	0.591	0.445	0.745	0.53	0.384	0.313	0.312	0.491	0.983	0.775	0.835	0.749		
3072	0.312	0.38	0.358	0.438	0.678	0.595	1.172	0.611	0.591	0.445	0.744	0.529	0.383	0.313	0.312	0.49	0.981	0.775	0.832	0.747		
3073	0.312	0.38	0.358	0.438	0.677	0.595	1.172	0.611	0.59	0.445	0.742	0.529	0.383	0.313	0.312	0.49	0.979	0.774	0.831	0.745		
3074	0.312	0.38	0.36	0.437	0.677	0.594	1.172	0.61	0.59	0.445	0.741	0.528	0.383	0.313	0.312	0.489	0.978	0.774	0.832	0.745		
3075	0.312	0.379	0.36	0.438	0.676	0.594	1.172	0.61	0.59	0.444	0.739	0.528	0.382	0.313	0.312	0.488	0.976	0.773	0.833	0.745		
3076	0.312	0.379	0.359	0.437	0.676	0.594	1.172	0.61	0.59	0.444	0.738	0.528	0.382	0.312	0.312	0.488	0.975	0.773	0.833	0.746		
3077	0.312	0.379	0.358	0.437	0.676	0.593	1.172	0.61	0.59	0.444	0.736	0.527	0.382	0.313	0.312	0.487	0.973	0.772	0.831	0.746		
3078	0.312	0.379	0.357	0.437	0.675	0.593	1.172	0.61	0.59	0.444	0.735	0.527	0.382	0.312	0.312	0.487	0.971	0.772	0.828	0.744		
3079	0.312	0.379	0.358	0.437	0.675	0.593	1.172	0.61	0.589	0.444	0.733	0.526	0.381	0.312	0.312	0.486	0.969	0.771	0.827	0.742		
3080	0.312	0.379	0.359	0.437	0.675	0.593	1.172	0.609	0.589	0.444	0.732	0.526	0.381	0.312	0.312	0.486	0.967	0.771	0.828	0.742		
3081	0.312	0.379	0.359	0.437	0.674	0.592	1.172	0.609	0.589	0.444	0.731	0.526	0.381	0.312	0.312	0.485	0.966	0.77	0.829	0.742		
3082	0.312	0.378	0.359	0.437	0.673	0.592	1.172	0.609	0.589	0.444	0.729	0.525	0.381	0.312	0.312	0.485	0.964	0.77	0.828	0.743		
3083	0.312	0.378	0.358	0.437	0.673	0.592	1.171	0.609	0.589	0.444	0.728	0.525	0.381	0.312	0.312	0.484	0.962	0.769	0.826	0.743		
3084	0.312	0.378	0.357	0.437	0.673	0.591	1.171	0.609	0.589	0.443	0.727	0.525	0.381	0.312	0.311	0.484	0.961	0.768	0.824	0.741		
3085	0.312	0.378	0.358	0.437	0.672	0.591	1.171	0.609	0.589	0.444	0.726	0.525	0.38	0.312	0.311	0.483	0.959	0.768	0.822	0.739		
3086	0.312	0.378	0.359	0.437	0.672	0.591	1.171	0.609	0.589	0.444	0.724	0.524	0.38	0.312	0.311	0.483	0.958	0.767	0.824	0.739		
3087	0.311	0.378	0.359	0.437	0.672	0.591	1.171	0.609	0.589	0.443	0.723	0.524	0.38	0.312	0.311	0.482	0.957	0.766	0.825	0.739		
3088	0.311	0.378	0.358	0.437	0.671	0.59	1.171	0.609	0.589	0.443	0.721	0.523	0.379	0.312	0.311	0.482	0.955	0.766	0.824	0.74		
3089	0.311	0.378	0.357	0.436	0.671	0.59	1.171	0.609	0.588	0.443	0.72	0.523	0.379	0.312	0.311	0.481	0.954	0.765	0.823	0.74		
3090	0.311	0.377	0.356	0.436	0.671	0.59	1.171	0.608	0.588	0.443	0.719	0.523	0.379	0.312	0.311	0.481	0.952	0.765	0.82	0.738		
3091	0.311	0.377	0.357	0.436	0.67	0.589	1.171	0.608	0.588	0.443	0.717	0.522	0.379	0.312	0.311	0.48	0.951	0.764	0.818	0.738		
3092	0.311	0.377	0.358	0.436	0.67	0.589	1.171	0.608	0.588	0.443	0.716	0.522	0.379	0.312	0.311	0.479	0.95	0.764	0.819	0.738		
3093	0.311	0.377	0.358	0.436	0.67	0.589	1.171	0.608	0.588	0.443	0.715	0.522	0.379	0.312	0.311	0.479	0.948	0.764	0.821	0.737		
3094	0.311	0.377	0.358	0.436	0.669	0.589	1.171	0.608	0.588	0.443	0.714	0.521	0.378	0.312	0.31	0.479	0.947	0.763	0.821	0.737		
3095	0.311	0.377	0.357	0.436	0.669	0.588	1.171	0.608	0.588	0.443	0.712	0.521	0.378	0.312	0.31	0.478	0.945	0.763	0.819	0.736		
3096	0.311	0.377	0.356	0.436	0.668	0.588	1.171	0.608	0.588	0.442	0.711	0.521	0.378	0.312	0.31	0.478	0.943	0.763	0.817	0.736		
3097	0.311	0.377	0.356	0.436	0.668	0.588	1.171	0.608	0.588	0.442	0.71	0.52	0.378	0.312	0.31	0.477	0.942	0.762	0.815	0.735		
3098	0.311	0.377	0.358	0.436	0.668	0.587	1.171	0.608	0.587	0.442	0.709	0.52	0.378	0.311	0.31	0.476	0.941	0.761	0.816	0.735		
3099	0.311	0.376	0.358	0.435	0.667	0.587	1.17	0.607	0.587	0.442	0.708	0.52	0.377	0.311	0.31	0.476	0.939	0.761	0.817	0.734		
3100	0.31	0.376	0.357	0.435	0.667	0.587	1.17	0.607	0.587	0.442	0.706	0.519	0.377	0.311	0.31	0.476	0.937	0.76	0.817	0.734		
3101	0.311	0.376	0.357	0.435	0.666	0.587	1.17	0.607	0.586	0.442	0.705	0.519	0.377	0.311	0.31	0.475	0.936	0.76	0.815	0.733		
3102	0.311	0.376	0.355	0.435	0.666	0.586	1.17	0.607	0.586	0.442	0.704	0.519	0.377	0.311	0.31	0.475	0.935	0.759	0.813	0.732		
3103	0.31	0.376	0.356	0.435	0.666	0.586	1.17	0.607	0.586	0.442	0.703	0.518	0.377	0.311	0.31	0.474	0.934	0.758	0.811	0.732		
3104	0.31	0.376	0.357	0.435	0.666	0.586	1.17	0.607	0.586	0.442	0.702	0.518	0.377	0.311	0.31	0.474	0.932	0.758	0.812	0.731		
3105	0.31	0.376	0.357	0.435	0.665	0.586	1.17	0.606	0.585	0.442	0.701	0.518	0.376	0.311	0.309	0.473	0.931	0.758	0.812	0.731		
3106	0.31	0.376	0.356	0.435	0.665	0.586	1.17	0.606	0.585	0.441	0.699	0.517	0.376	0.311	0.309	0.473	0.929	0.757	0.812	0.73		
3107	0.31	0.375	0.356	0.435	0.665	0.585	1.17	0.606	0.585	0.441	0.698	0.517	0.376	0.311	0.309	0.473	0.928	0.756	0.811	0.73		
3108	0.31	0.375	0.356	0.435	0.664	0.585	1.17	0.606	0.585	0.441	0.698	0.516	0.376	0.311	0.309	0.472	0.926	0.753	0.81	0.729		
3109	0.31	0.375	0.356	0.435	0.664	0.585	1.17	0.606	0.585	0.441	0.696	0.516	0.375	0.311	0.309	0.472	0.925	0.752	0.81	0.728		
3110	0.31	0.375	0.356	0.434	0.664	0.585	1.17	0.606	0.585	0.441	0.695	0.516	0.375	0.311	0.309	0.471	0.923	0.754	0.81	0.728		
3111	0.31	0.375	0.356	0.434	0.663	0.585	1.17	0.606	0.585	0.441	0.694	0.515	0.375	0.311	0.309	0.471	0.921	0.755	0.809	0.727		
3112	0.31	0.375	0.356	0.434	0.663	0.584	1.17	0.605	0.585	0.441	0.693	0.515	0.375	0.311	0.309	0.47	0.92	0.754	0.809	0.727		
3113	0.31	0.375	0.356	0.434	0.663	0.584	1.17	0.605	0.585	0.441	0.692	0.515	0.375	0.311	0.309	0.47	0.919	0.752	0.808	0.726		
3114	0.31	0.375	0.356	0.434	0.662	0.584	1.17	0.605	0.585	0.441	0.691	0.515	0.374	0.31	0.309	0.47	0.918	0.75	0.808	0.725		
3115	0.31	0.374	0.356	0.434	0.662	0.584	1.169	0.605	0.585	0.441	0.69	0.514	0.374	0.31	0.309	0.469	0.916	0.749	0.807	0.725		
3116	0.31	0.374	0.356	0.434	0.661	0.584	1.169	0.605	0.585	0.44	0.689	0.514	0.374	0.31	0.309	0.469	0.915	0.751	0.806	0.725		
3117	0.31	0.374	0.356	0.434	0.661	0.584	1.169	0.605	0.584	0.44	0.688	0.514	0.374	0.31	0.309	0.468	0.913	0.752	0.805	0.724		
3118	0.31	0.374	0.356	0.434	0.661	0.583	1.169	0.605	0.584	0.44	0.687	0.513	0.374	0.31	0.309	0.468	0.912	0.752	0.805	0.724		
3119	0.31	0.374	0.355	0.433	0.66	0.583	1.169	0.605	0.584	0.44	0.685	0.513	0.374	0.31	0.309	0.467	0.911	0.75	0.804	0.723		
3120	0.309	0.374	0.355	0.433	0.66	0.583	1.169	0.604	0.584	0.44	0.684	0.512	0.374	0.31	0.308	0.467	0.91	0.748	0.804	0.723		
3121	0.309	0.374	0.355	0.433	0.659	0.583	1.169	0.604	0.583	0.44	0.684	0.512	0.374	0.31	0.308	0.467	0.908	0.747	0.803	0.723		
3122	0.309	0.374	0.355	0.433	0.659	0.583	1.169	0.604	0.583	0.44	0.683	0.512	0.373	0.31	0.308	0.466	0.907	0.748	0.803	0.722		
3123	0.309	0.373	0.355	0.433	0.659	0.582	1.169	0.604	0.583	0.44	0.682	0.511	0.373	0.31	0.308	0.466	0.906	0.749	0.802	0.722		
3124	0.309	0.374	0.355	0.433	0.658	0.582	1.169	0.604	0.582	0.44	0.681	0.511	0.373	0.31	0.308	0.466	0.905	0.748	0.802	0.721		
3125	0.309	0.373	0.355	0.433	0.658	0.582	1.169	0.604	0.582	0.44	0.68	0.511	0.373	0.31	0.308	0.465	0.904	0.747	0.801	0.721		
3126	0.309	0.373	0.355	0.433	0.658	0.582	1.169	0.603	0.582	0.439	0.679	0.511	0.373	0.31	0.308	0.465	0.903	0.745	0.801	0.721		
3127	0.309	0.373	0.355	0.433	0.658	0.582	1.169	0.603	0.582	0.439	0.678	0.511	0.372	0.309	0.308	0.464	0.902	0.743	0.8	0.72		
3128	0.309	0.373	0.355	0.433	0.657	0.581	1.169	0.603	0.582	0.439	0.677	0.51	0.372	0.309	0.308	0.464	0.9	0.745	0.8	0.72		
3129	0.309	0.373	0.354	0.433	0.657	0.581	1.169	0.603	0.582	0.439	0.676	0.51	0.372	0.309	0.308	0.463	0.899	0.746	0.799	0.719		
3130	0.309	0.373	0.355	0.433	0.657	0.581	1.168	0.603	0.581	0.439	0.675	0.51	0.372	0.309	0.308	0.463	0.897	0.745	0.799	0.719		
3131	0.309	0.373	0.354	0.433	0.657	0.58	1.169	0.602	0.581	0.439	0.674	0.509	0.372	0.309	0.308	0.462	0.896	0.744	0.798	0.719		
3132	0.309	0.372	0.354	0.432	0.656	0.58	1.169	0.602	0.581	0.439	0.673	0.509	0.371	0.309	0.308	0.462	0.894	0.742	0.797	0.718		
3133	0.309	0.372	0.354	0.432	0.656	0.58	1.168	0.602	0.581	0.439	0.672	0.509	0.371	0.309	0.308	0.461	0.893	0.741	0.797	0.718		
3134	0.309	0.372	0.354	0.433	0.656	0.58	1.168	0.602	0.58	0.438	0.671	0.509	0.371	0.309	0.307	0.461	0.892	0.742	0.796	0.718		
3135	0.309	0.372	0.354	0.432	0.656	0.58	1.168	0.602	0.58	0.438	0.671	0.508	0.371	0.309	0.308	0.461	0.891	0.744	0.796	0.717		
3136	0.309	0.372	0.354	0.432	0.655	0.579	1.168	0.602	0.58	0.438	0.669	0.508	0.371	0.309	0.307	0.46	0.89	0.743	0.796	0.717		
3137	0.309	0.372	0.354	0.432	0.655	0.579	1.168	0.602	0.58	0.438	0.668	0.508	0.371	0.309	0.307	0.46	0.889	0.742	0.795	0.716		
3138	0.308	0.372	0.353	0.432	0.655	0.579	1.168	0.602	0.58	0.438	0.668	0.507	0.371	0.308	0.307	0.459	0.888	0.739	0.795	0.716		
3139	0.308	0.371	0.353	0.432	0.655	0.578	1.168	0.602	0.579	0.438	0.667	0.507	0.37	0.308	0.307	0.459	0.887	0.738	0.794	0.716		
3140	0.308	0.371	0.353	0.432	0.654	0.578	1.168	0.601	0.579	0.438	0.665	0.507	0.37	0.308	0.307	0.459	0.886	0.739	0.793	0.715		
3141	0.308	0.371	0.353	0.432	0.654	0.578	1.168	0.601	0.579	0.438	0.665	0.506	0.37	0.308	0.307	0.458	0.885	0.741	0.793	0.715		
3142	0.308	0.371	0.353	0.432	0.654	0.577	1.168	0.601	0.579	0.437	0.664	0.506	0.37	0.308	0.307	0.458	0.884	0.74	0.792	0.715		
3143	0.309	0.371	0.353	0.432	0.654	0.577	1.168	0.601	0.579	0.437	0.663	0.506	0.37	0.308	0.307	0.458	0.883	0.738	0.791	0.715		
3144	0.31	0.371	0.353	0.432	0.653	0.577	1.168	0.601	0.579	0.437	0.662	0.506	0.37	0.308	0.307	0.457	0.882	0.736	0.791	0.714		
3145	0.308	0.371	0.353	0.432	0.653	0.576	1.168	0.6	0.578	0.437	0.661	0.505	0.369	0.308	0.307	0.457	0.881	0.734	0.79	0.714		
3146	0.307	0.371	0.353	0.432	0.653	0.576	1.168	0.6	0.578	0.437	0.66	0.505	0.369	0.308	0.307	0.457	0.88	0.736	0.79	0.713		
3147	0.307	0.371	0.353	0.432	0.653	0.576	1.168	0.6	0.578	0.437	0.66	0.505	0.369	0.308	0.307	0.456	0.879	0.737	0.789	0.713		
3148	0.308	0.371	0.353	0.432	0.652	0.576	1.168	0.6	0.578	0.437	0.659	0.504	0.369	0.308	0.307	0.456	0.878	0.736	0.789	0.713		
3149	0.309	0.371	0.353	0.431	0.652	0.575	1.168	0.6	0.578	0.437	0.658	0.504	0.369	0.308	0.307	0.456	0.877	0.735	0.788	0.712		
3150	0.309	0.37	0.352	0.431	0.652	0.575	1.167	0.599	0.578	0.436	0.657	0.504	0.369	0.307	0.307	0.455	0.876	0.733	0.788	0.711		
3151	0.308	0.37	0.352	0.431	0.652	0.575	1.167	0.6	0.578	0.436	0.657	0.503	0.369	0.307	0.307	0.455	0.875	0.732	0.787	0.711		
3152	0.307	0.37	0.352	0.431	0.651	0.575	1.167	0.599	0.578	0.436	0.656	0.503	0.368	0.307	0.307	0.455	0.873	0.733	0.787	0.71		
3153	0.307	0.37	0.352	0.431	0.651	0.574	1.167	0.599	0.578	0.436	0.655	0.503	0.368	0.307	0.306	0.454	0.872	0.734	0.786	0.71		
3154	0.307	0.37	0.352	0.431	0.651	0.574	1.167	0.599	0.578	0.436	0.654	0.502	0.368	0.307	0.306	0.454	0.871	0.734	0.785	0.709		
3155	0.308	0.37	0.352	0.431	0.65	0.574	1.167	0.599	0.578	0.436	0.653	0.502	0.368	0.307	0.306	0.454	0.869	0.732	0.784	0.711		
3156	0.309	0.37	0.352	0.431	0.651	0.574	1.167	0.599	0.578	0.436	0.652	0.502	0.367	0.307	0.306	0.454	0.868	0.73	0.784	0.71		
3157	0.307	0.37	0.352	0.431	0.65	0.574	1.167	0.599	0.578	0.436	0.651	0.501	0.367	0.307	0.306	0.453	0.867	0.729	0.783	0.707		
3158	0.306	0.37	0.352	0.43	0.65	0.574	1.167	0.599	0.578	0.435	0.65	0.501	0.367	0.307	0.306	0.453	0.866	0.73	0.783	0.706		
3159	0.306	0.369	0.352	0.43	0.649	0.573	1.167	0.599	0.578	0.435	0.65	0.501	0.367	0.307	0.306	0.453	0.863	0.731	0.782	0.706		
3160	0.307	0.369	0.352	0.43	0.649	0.573	1.167	0.599	0.578	0.435	0.649	0.501	0.367	0.307	0.306	0.452	0.861	0.731	0.781	0.707		
3161	0.308	0.369	0.352	0.43	0.649	0.573	1.167	0.598	0.578	0.435	0.648	0.5	0.367	0.307	0.306	0.452	0.861	0.73	0.78	0.708		
3162	0.308	0.369	0.352	0.43	0.648	0.573	1.167	0.598	0.577	0.435	0.648	0.5	0.366	0.307	0.306	0.451	0.863	0.728	0.78	0.707		
3163	0.307	0.369	0.352	0.43	0.648	0.572	1.167	0.598	0.577	0.435	0.647	0.499	0.366	0.307	0.306	0.451	0.862	0.726	0.779	0.705		
3164	0.306	0.369	0.352	0.43	0.648	0.572	1.167	0.598	0.577	0.435	0.647	0.499	0.366	0.307	0.305	0.45	0.86	0.727	0.779	0.703		
3165	0.306	0.369	0.351	0.43	0.648	0.572	1.167	0.598	0.577	0.435	0.646	0.499	0.366	0.306	0.306	0.45	0.857	0.728	0.778	0.703		
3166	0.306	0.369	0.351	0.43	0.647	0.572	1.166	0.598	0.577	0.434	0.645	0.498	0.366	0.306	0.305	0.449	0.854	0.727	0.777	0.705		
3167	0.307	0.369	0.351	0.429	0.647	0.571	1.166	0.598	0.577	0.434	0.645	0.498	0.365	0.306	0.305	0.449	0.854	0.727	0.777	0.706		
3168	0.308	0.369	0.351	0.429	0.647	0.571	1.166	0.598	0.577	0.434	0.644	0.498	0.365	0.306	0.305	0.449	0.855	0.727	0.776	0.705		
3169	0.307	0.369	0.351	0.429	0.646	0.571	1.166	0.597	0.577	0.434	0.643	0.497	0.365	0.306	0.305	0.448	0.854	0.726	0.774	0.702		
3170	0.305	0.368	0.351	0.429	0.646	0.571	1.166	0.597	0.577	0.434	0.642	0.497	0.365	0.306	0.305	0.448	0.853	0.726	0.774	0.7		
3171	0.305	0.368	0.351	0.429	0.646	0.571	1.166	0.597	0.577	0.434	0.641	0.497	0.365	0.306	0.305	0.448	0.85	0.725	0.775	0.7		
3172	0.306	0.368	0.351	0.429	0.645	0.57	1.166	0.597	0.577	0.434	0.641	0.497	0.365	0.306	0.305	0.447	0.847	0.725	0.775	0.702		
3173	0.307	0.368	0.351	0.429	0.645	0.57	1.166	0.597	0.577	0.434	0.64	0.496	0.364	0.306	0.305	0.447	0.847	0.724	0.774	0.703		
3174	0.307	0.368	0.351	0.429	0.645	0.57	1.166	0.597	0.576	0.434	0.639	0.496	0.364	0.306	0.305	0.447	0.848	0.724	0.773	0.702		
3175	0.306	0.368	0.351	0.429	0.645	0.57	1.166	0.597	0.576	0.434	0.639	0.495	0.364	0.306	0.305	0.446	0.848	0.723	0.771	0.7		
3176	0.305	0.368	0.351	0.429	0.644	0.57	1.166	0.597	0.576	0.433	0.637	0.495	0.364	0.305	0.305	0.446	0.846	0.723	0.77	0.698		
3177	0.305	0.368	0.351	0.429	0.644	0.57	1.166	0.597	0.576	0.433	0.637	0.495	0.364	0.305	0.305	0.446	0.843	0.722	0.772	0.698		
3178	0.305	0.368	0.35	0.429	0.644	0.569	1.166	0.596	0.575	0.433	0.636	0.494	0.364	0.305	0.305	0.445	0.841	0.722	0.772	0.7		
3179	0.306	0.368	0.35	0.429	0.644	0.569	1.166	0.596	0.575	0.433	0.636	0.494	0.364	0.305	0.305	0.445	0.841	0.722	0.771	0.701		
3180	0.307	0.367	0.35	0.429	0.644	0.569	1.165	0.596	0.575	0.433	0.635	0.494	0.363	0.305	0.304	0.445	0.843	0.722	0.77	0.7		
3181	0.306	0.367	0.35	0.429	0.643	0.569	1.165	0.596	0.575	0.433	0.634	0.494	0.363	0.305	0.304	0.444	0.842	0.721	0.768	0.697		
3182	0.305	0.367	0.35	0.429	0.643	0.569	1.166	0.596	0.574	0.433	0.634	0.493	0.363	0.305	0.304	0.444	0.84	0.721	0.767	0.696		
3183	0.305	0.367	0.35	0.428	0.643	0.568	1.165	0.596	0.574	0.432	0.633	0.493	0.363	0.305	0.304	0.444	0.837	0.72	0.769	0.696		
3184	0.305	0.367	0.35	0.428	0.643	0.568	1.165	0.596	0.574	0.432	0.632	0.493	0.363	0.305	0.304	0.443	0.834	0.72	0.769	0.697		
3185	0.306	0.367	0.35	0.428	0.642	0.568	1.165	0.596	0.573	0.432	0.632	0.492	0.363	0.305	0.304	0.443	0.834	0.719	0.768	0.698		
3186	0.307	0.367	0.35	0.428	0.642	0.568	1.165	0.595	0.573	0.432	0.631	0.492	0.362	0.305	0.304	0.443	0.836	0.719	0.767	0.698		
3187	0.306	0.367	0.35	0.428	0.642	0.568	1.165	0.595	0.573	0.432	0.63	0.492	0.362	0.305	0.304	0.442	0.835	0.719	0.765	0.695		
3188	0.304	0.367	0.35	0.428	0.642	0.567	1.165	0.595	0.573	0.432	0.629	0.492	0.362	0.305	0.304	0.442	0.834	0.718	0.764	0.694		
3189	0.304	0.367	0.35	0.428	0.642	0.567	1.165	0.595	0.573	0.431	0.629	0.492	0.362	0.305	0.304	0.442	0.831	0.718	0.766	0.694		
3190	0.305	0.366	0.35	0.428	0.642	0.567	1.165	0.595	0.573	0.431	0.628	0.492	0.362	0.305	0.304	0.441	0.828	0.718	0.766	0.695		
3191	0.305	0.366	0.35	0.428	0.641	0.567	1.165	0.595	0.573	0.431	0.627	0.491	0.361	0.305	0.304	0.441	0.828	0.717	0.765	0.696		
3192	0.306	0.366	0.35	0.428	0.641	0.567	1.165	0.595	0.573	0.431	0.626	0.491	0.361	0.305	0.303	0.441	0.83	0.717	0.764	0.696		
3193	0.305	0.366	0.35	0.428	0.641	0.566	1.165	0.595	0.573	0.431	0.626	0.491	0.361	0.305	0.304	0.44	0.83	0.716	0.763	0.694		
3194	0.304	0.366	0.35	0.428	0.641	0.566	1.165	0.595	0.573	0.431	0.625	0.49	0.361	0.305	0.303	0.44	0.829	0.716	0.762	0.692		
3195	0.304	0.366	0.35	0.428	0.64	0.566	1.165	0.594	0.573	0.431	0.624	0.49	0.361	0.305	0.303	0.44	0.826	0.715	0.764	0.692		
3196	0.304	0.366	0.349	0.427	0.64	0.566	1.165	0.594	0.573	0.431	0.624	0.49	0.36	0.305	0.303	0.439	0.823	0.715	0.765	0.693		
3197	0.305	0.366	0.35	0.427	0.64	0.566	1.165	0.594	0.572	0.431	0.623	0.49	0.359	0.305	0.303	0.439	0.823	0.715	0.764	0.695		
3198	0.306	0.366	0.349	0.427	0.64	0.565	1.164	0.594	0.572	0.431	0.622	0.49	0.36	0.305	0.303	0.439	0.825	0.714	0.763	0.694		
3199	0.305	0.366	0.349	0.427	0.639	0.565	1.164	0.594	0.572	0.431	0.622	0.489	0.361	0.305	0.303	0.439	0.825	0.714	0.762	0.692		
3200	0.304	0.366	0.349	0.427	0.639	0.565	1.164	0.594	0.572	0.431	0.621	0.489	0.36	0.305	0.303	0.438	0.824	0.713	0.761	0.69		
3201	0.304	0.366	0.349	0.427	0.639	0.565	1.164	0.593	0.572	0.431	0.621	0.489	0.36	0.305	0.302	0.438	0.821	0.713	0.763	0.69		
3202	0.304	0.366	0.349	0.427	0.639	0.565	1.164	0.593	0.572	0.43	0.62	0.489	0.359	0.305	0.303	0.438	0.818	0.712	0.763	0.691		
3203	0.304	0.366	0.349	0.427	0.638	0.564	1.164	0.593	0.572	0.43	0.62	0.488	0.358	0.305	0.302	0.437	0.818	0.712	0.762	0.692		
3204	0.304	0.365	0.349	0.427	0.638	0.564	1.164	0.593	0.572	0.43	0.619	0.488	0.359	0.304	0.302	0.437	0.819	0.712	0.761	0.692		
3205	0.304	0.366	0.349	0.427	0.638	0.564	1.164	0.593	0.572	0.43	0.619	0.488	0.36	0.304	0.302	0.437	0.82	0.711	0.76	0.69		
3206	0.304	0.366	0.349	0.427	0.638	0.564	1.164	0.593	0.572	0.43	0.618	0.488	0.359	0.304	0.302	0.436	0.818	0.711	0.759	0.688		
3207	0.304	0.366	0.349	0.427	0.637	0.563	1.163	0.593	0.571	0.43	0.617	0.488	0.359	0.304	0.302	0.436	0.816	0.711	0.761	0.688		
3208	0.304	0.365	0.349	0.427	0.637	0.563	1.163	0.593	0.571	0.43	0.617	0.487	0.358	0.304	0.302	0.435	0.813	0.71	0.761	0.689		
3209	0.304	0.365	0.348	0.427	0.637	0.563	1.163	0.592	0.571	0.43	0.616	0.487	0.357	0.304	0.302	0.435	0.813	0.71	0.76	0.69		
3210	0.304	0.365	0.348	0.427	0.636	0.563	1.162	0.592	0.571	0.43	0.615	0.487	0.358	0.304	0.302	0.435	0.814	0.709	0.759	0.69		
3211	0.304	0.365	0.348	0.427	0.636	0.563	1.161	0.592	0.571	0.43	0.615	0.487	0.359	0.304	0.301	0.434	0.814	0.709	0.757	0.688		
3212	0.304	0.365	0.348	0.427	0.636	0.562	1.16	0.592	0.571	0.43	0.614	0.487	0.358	0.304	0.301	0.434	0.813	0.708	0.757	0.686		
3213	0.304	0.365	0.348	0.427	0.636	0.562	1.158	0.592	0.571	0.43	0.614	0.487	0.358	0.303	0.301	0.433	0.81	0.708	0.758	0.686		
3214	0.304	0.365	0.348	0.427	0.635	0.562	1.157	0.592	0.571	0.43	0.613	0.486	0.357	0.303	0.301	0.433	0.808	0.707	0.759	0.688		
3215	0.304	0.365	0.348	0.427	0.635	0.561	1.155	0.592	0.571	0.429	0.612	0.486	0.356	0.303	0.301	0.433	0.807	0.707	0.758	0.688		
3216	0.304	0.365	0.348	0.427	0.635	0.561	1.153	0.592	0.57	0.429	0.612	0.486	0.356	0.303	0.301	0.432	0.809	0.707	0.757	0.687		
3217	0.304	0.364	0.348	0.427	0.635	0.561	1.151	0.591	0.57	0.429	0.611	0.485	0.357	0.303	0.301	0.432	0.809	0.706	0.755	0.687		
3218	0.304	0.364	0.348	0.427	0.635	0.561	1.149	0.591	0.57	0.429	0.611	0.485	0.357	0.303	0.301	0.432	0.808	0.706	0.754	0.687		
3219	0.303	0.364	0.348	0.426	0.634	0.561	1.147	0.591	0.57	0.429	0.61	0.485	0.356	0.303	0.3	0.431	0.806	0.705	0.756	0.686		
3220	0.304	0.364	0.348	0.426	0.634	0.561	1.144	0.591	0.57	0.429	0.609	0.485	0.355	0.303	0.301	0.431	0.806	0.705	0.756	0.686		
3221	0.304	0.364	0.347	0.426	0.634	0.56	1.142	0.591	0.57	0.428	0.609	0.484	0.355	0.303	0.3	0.431	0.805	0.704	0.755	0.686		
3222	0.303	0.364	0.347	0.426	0.634	0.56	1.139	0.591	0.57	0.428	0.608	0.484	0.355	0.302	0.3	0.43	0.805	0.704	0.754	0.685		
3223	0.303	0.363	0.347	0.426	0.633	0.56	1.137	0.59	0.57	0.428	0.607	0.484	0.356	0.302	0.3	0.43	0.804	0.703	0.752	0.685		
3224	0.303	0.363	0.347	0.426	0.633	0.559	1.134	0.59	0.57	0.428	0.607	0.484	0.356	0.302	0.3	0.43	0.803	0.702	0.751	0.685		
3225	0.303	0.363	0.347	0.426	0.633	0.559	1.132	0.59	0.57	0.428	0.606	0.484	0.355	0.302	0.3	0.429	0.803	0.702	0.752	0.684		
3226	0.303	0.363	0.347	0.426	0.633	0.559	1.129	0.59	0.57	0.428	0.606	0.483	0.354	0.302	0.3	0.429	0.802	0.702	0.753	0.684		
3227	0.303	0.363	0.347	0.426	0.633	0.559	1.127	0.59	0.57	0.428	0.605	0.483	0.353	0.302	0.3	0.429	0.801	0.701	0.752	0.683		
3228	0.303	0.363	0.347	0.426	0.632	0.559	1.124	0.59	0.57	0.428	0.604	0.483	0.354	0.302	0.3	0.428	0.801	0.701	0.751	0.683		
3229	0.303	0.363	0.347	0.426	0.632	0.559	1.121	0.59	0.57	0.427	0.604	0.483	0.355	0.302	0.3	0.428	0.8	0.699	0.751	0.682		
3230	0.303	0.363	0.346	0.426	0.632	0.559	1.118	0.589	0.57	0.427	0.603	0.483	0.355	0.302	0.3	0.428	0.799	0.698	0.75	0.682		
3231	0.303	0.363	0.347	0.426	0.632	0.558	1.115	0.589	0.57	0.427	0.603	0.482	0.354	0.301	0.3	0.427	0.798	0.7	0.75	0.682		
3232	0.303	0.363	0.346	0.426	0.632	0.558	1.112	0.589	0.57	0.427	0.602	0.482	0.353	0.301	0.3	0.427	0.797	0.7	0.75	0.681		
3233	0.303	0.363	0.346	0.426	0.631	0.558	1.109	0.589	0.57	0.427	0.602	0.482	0.353	0.301	0.3	0.427	0.797	0.699	0.749	0.681		
3234	0.303	0.362	0.346	0.426	0.631	0.558	1.106	0.589	0.57	0.427	0.601	0.482	0.353	0.301	0.3	0.427	0.796	0.698	0.749	0.681		
3235	0.303	0.362	0.346	0.426	0.631	0.558	1.103	0.589	0.57	0.427	0.601	0.482	0.354	0.301	0.3	0.426	0.795	0.696	0.749	0.681		
3236	0.303	0.362	0.346	0.425	0.631	0.558	1.1	0.589	0.569	0.427	0.6	0.481	0.354	0.301	0.3	0.426	0.794	0.696	0.749	0.68		
3237	0.303	0.362	0.346	0.425	0.63	0.557	1.097	0.589	0.569	0.427	0.6	0.481	0.354	0.301	0.3	0.426	0.793	0.698	0.748	0.68		
3238	0.302	0.362	0.346	0.425	0.63	0.557	1.094	0.589	0.569	0.427	0.599	0.481	0.353	0.301	0.3	0.425	0.793	0.698	0.748	0.68		
3239	0.302	0.362	0.346	0.425	0.63	0.557	1.091	0.588	0.569	0.427	0.599	0.48	0.352	0.301	0.299	0.425	0.792	0.697	0.748	0.679		
3240	0.302	0.362	0.346	0.425	0.63	0.557	1.087	0.588	0.569	0.427	0.599	0.48	0.352	0.301	0.299	0.425	0.791	0.696	0.747	0.679		
3241	0.302	0.362	0.346	0.425	0.629	0.556	1.084	0.588	0.569	0.426	0.599	0.48	0.353	0.3	0.299	0.425	0.791	0.694	0.747	0.679		
3242	0.302	0.362	0.346	0.425	0.629	0.556	1.081	0.588	0.569	0.426	0.598	0.48	0.353	0.3	0.299	0.424	0.79	0.694	0.746	0.679		
3243	0.302	0.362	0.346	0.425	0.629	0.556	1.078	0.588	0.568	0.426	0.598	0.48	0.353	0.3	0.299	0.424	0.789	0.695	0.746	0.678		
3244	0.302	0.362	0.346	0.425	0.629	0.556	1.075	0.588	0.568	0.426	0.598	0.479	0.352	0.3	0.299	0.424	0.789	0.696	0.745	0.678		
3245	0.302	0.361	0.345	0.425	0.628	0.555	1.072	0.588	0.568	0.426	0.597	0.479	0.351	0.3	0.299	0.424	0.788	0.695	0.745	0.678		
3246	0.302	0.361	0.345	0.425	0.628	0.555	1.069	0.588	0.568	0.425	0.597	0.479	0.351	0.3	0.299	0.424	0.788	0.694	0.744	0.677		
3247	0.302	0.361	0.345	0.424	0.628	0.555	1.066	0.588	0.568	0.425	0.597	0.479	0.352	0.299	0.299	0.423	0.787	0.692	0.744	0.677		
3248	0.302	0.361	0.345	0.424	0.628	0.555	1.063	0.588	0.567	0.425	0.597	0.478	0.353	0.299	0.299	0.423	0.786	0.692	0.743	0.676		
3249	0.302	0.361	0.345	0.424	0.627	0.554	1.06	0.588	0.567	0.425	0.596	0.478	0.352	0.299	0.299	0.423	0.785	0.693	0.742	0.676		
3250	0.301	0.361	0.345	0.424	0.627	0.554	1.057	0.587	0.567	0.425	0.596	0.478	0.351	0.299	0.299	0.423	0.784	0.694	0.742	0.675		
3251	0.301	0.361	0.345	0.424	0.627	0.554	1.054	0.587	0.566	0.425	0.595	0.478	0.35	0.299	0.299	0.422	0.784	0.693	0.741	0.675		
3252	0.301	0.36	0.345	0.424	0.626	0.554	1.051	0.587	0.567	0.425	0.595	0.478	0.351	0.299	0.299	0.422	0.783	0.692	0.741	0.675		
3253	0.301	0.36	0.345	0.424	0.626	0.553	1.048	0.587	0.566	0.425	0.594	0.478	0.352	0.299	0.298	0.422	0.782	0.69	0.74	0.674		
3254	0.301	0.36	0.345	0.424	0.626	0.553	1.045	0.587	0.566	0.425	0.593	0.477	0.352	0.299	0.298	0.422	0.781	0.69	0.74	0.674		
3255	0.301	0.36	0.345	0.424	0.626	0.553	1.042	0.587	0.566	0.425	0.593	0.477	0.351	0.299	0.298	0.422	0.781	0.691	0.739	0.674		
3256	0.301	0.36	0.344	0.424	0.625	0.553	1.039	0.587	0.566	0.425	0.592	0.477	0.351	0.299	0.298	0.421	0.78	0.691	0.739	0.673		
3257	0.301	0.36	0.344	0.424	0.625	0.552	1.036	0.587	0.566	0.425	0.592	0.477	0.351	0.299	0.298	0.421	0.779	0.69	0.738	0.673		
3258	0.301	0.36	0.344	0.424	0.625	0.552	1.033	0.587	0.566	0.425	0.592	0.476	0.351	0.298	0.298	0.421	0.778	0.689	0.738	0.673		
3259	0.301	0.36	0.344	0.424	0.625	0.552	1.03	0.586	0.566	0.425	0.591	0.476	0.35	0.299	0.298	0.42	0.778	0.687	0.737	0.672		
3260	0.301	0.36	0.344	0.424	0.625	0.551	1.027	0.586	0.565	0.424	0.591	0.476	0.351	0.298	0.298	0.42	0.777	0.687	0.737	0.672		
3261	0.301	0.36	0.344	0.424	0.624	0.551	1.024	0.586	0.566	0.424	0.59	0.476	0.35	0.298	0.298	0.42	0.777	0.688	0.737	0.672		
3262	0.301	0.36	0.344	0.424	0.624	0.551	1.021	0.586	0.565	0.424	0.59	0.476	0.35	0.298	0.298	0.42	0.776	0.689	0.736	0.672		
3263	0.301	0.36	0.344	0.423	0.624	0.551	1.018	0.586	0.565	0.424	0.589	0.475	0.35	0.298	0.298	0.42	0.775	0.688	0.736	0.671		
3264	0.301	0.36	0.344	0.423	0.624	0.55	1.015	0.586	0.565	0.424	0.589	0.475	0.35	0.298	0.298	0.419	0.775	0.687	0.735	0.671		
3265	0.3	0.359	0.344	0.424	0.623	0.55	1.012	0.586	0.565	0.424	0.588	0.474	0.35	0.298	0.298	0.419	0.774	0.685	0.735	0.671		
3266	0.3	0.359	0.344	0.423	0.623	0.55	1.01	0.586	0.565	0.424	0.588	0.474	0.35	0.298	0.298	0.419	0.773	0.685	0.734	0.67		
3267	0.3	0.359	0.344	0.423	0.623	0.55	1.007	0.585	0.565	0.423	0.587	0.474	0.349	0.298	0.298	0.418	0.773	0.686	0.734	0.67		
3268	0.3	0.359	0.344	0.423	0.623	0.55	1.004	0.586	0.565	0.423	0.587	0.473	0.349	0.298	0.298	0.418	0.772	0.687	0.734	0.67		
3269	0.3	0.359	0.343	0.423	0.622	0.549	1.002	0.585	0.565	0.423	0.587	0.473	0.349	0.298	0.298	0.418	0.772	0.686	0.733	0.67		
3270	0.3	0.359	0.343	0.423	0.622	0.549	0.999	0.585	0.565	0.423	0.586	0.473	0.349	0.298	0.297	0.418	0.771	0.685	0.733	0.669		
3271	0.3	0.359	0.343	0.423	0.622	0.549	0.996	0.585	0.565	0.423	0.585	0.473	0.349	0.297	0.297	0.417	0.771	0.683	0.732	0.669		
3272	0.3	0.359	0.343	0.423	0.622	0.549	0.993	0.585	0.565	0.423	0.585	0.472	0.349	0.297	0.297	0.417	0.77	0.682	0.732	0.668		
3273	0.3	0.359	0.343	0.423	0.621	0.549	0.991	0.585	0.565	0.423	0.585	0.472	0.349	0.297	0.297	0.417	0.77	0.684	0.732	0.668		
3274	0.3	0.359	0.343	0.423	0.621	0.548	0.988	0.585	0.565	0.423	0.584	0.472	0.349	0.297	0.297	0.416	0.769	0.684	0.732	0.667		
3275	0.3	0.359	0.343	0.423	0.621	0.548	0.985	0.585	0.565	0.423	0.583	0.472	0.349	0.297	0.297	0.416	0.768	0.683	0.731	0.667		
3276	0.3	0.358	0.343	0.423	0.621	0.548	0.982	0.585	0.564	0.423	0.583	0.472	0.349	0.297	0.297	0.416	0.768	0.682	0.731	0.666		
3277	0.3	0.358	0.343	0.422	0.621	0.548	0.98	0.584	0.564	0.423	0.582	0.471	0.348	0.297	0.297	0.416	0.767	0.681	0.731	0.666		
3278	0.3	0.358	0.343	0.423	0.621	0.548	0.977	0.584	0.564	0.423	0.581	0.471	0.348	0.297	0.297	0.415	0.766	0.68	0.73	0.664		
3279	0.3	0.358	0.343	0.422	0.621	0.548	0.974	0.584	0.564	0.422	0.581	0.471	0.348	0.297	0.297	0.415	0.765	0.681	0.73	0.663		
3280	0.299	0.358	0.343	0.422	0.62	0.547	0.972	0.584	0.564	0.422	0.58	0.471	0.348	0.296	0.297	0.415	0.765	0.682	0.729	0.664		
3281	0.299	0.358	0.342	0.422	0.62	0.547	0.969	0.584	0.564	0.422	0.58	0.47	0.348	0.296	0.297	0.415	0.764	0.681	0.729	0.666		
3282	0.299	0.358	0.343	0.422	0.62	0.547	0.967	0.584	0.564	0.422	0.579	0.47	0.348	0.297	0.297	0.414	0.764	0.68	0.728	0.667		
3283	0.299	0.358	0.342	0.422	0.619	0.547	0.965	0.584	0.564	0.422	0.578	0.47	0.348	0.296	0.297	0.414	0.764	0.679	0.728	0.665		
3284	0.299	0.358	0.342	0.422	0.619	0.547	0.963	0.583	0.564	0.422	0.578	0.47	0.347	0.296	0.297	0.414	0.763	0.678	0.727	0.664		
3285	0.299	0.358	0.342	0.422	0.619	0.546	0.961	0.583	0.564	0.422	0.578	0.469	0.347	0.296	0.297	0.414	0.762	0.679	0.727	0.662		
3286	0.299	0.357	0.342	0.422	0.619	0.546	0.958	0.583	0.564	0.422	0.577	0.469	0.347	0.296	0.297	0.413	0.761	0.68	0.726	0.663		
3287	0.299	0.357	0.342	0.422	0.619	0.546	0.956	0.583	0.564	0.421	0.577	0.469	0.347	0.296	0.297	0.413	0.76	0.679	0.726	0.665		
3288	0.299	0.357	0.342	0.422	0.618	0.546	0.954	0.583	0.563	0.421	0.576	0.469	0.347	0.296	0.297	0.413	0.76	0.678	0.726	0.665		
3289	0.299	0.357	0.342	0.422	0.618	0.545	0.952	0.583	0.564	0.421	0.576	0.468	0.347	0.296	0.296	0.412	0.76	0.678	0.726	0.664		
3290	0.299	0.357	0.342	0.422	0.618	0.545	0.95	0.583	0.563	0.421	0.576	0.468	0.346	0.296	0.296	0.412	0.76	0.677	0.725	0.662		
3291	0.299	0.357	0.342	0.422	0.618	0.545	0.948	0.583	0.563	0.421	0.575	0.468	0.346	0.296	0.296	0.412	0.759	0.677	0.725	0.661		
3292	0.298	0.357	0.342	0.421	0.618	0.545	0.945	0.582	0.563	0.421	0.575	0.468	0.346	0.296	0.296	0.412	0.758	0.676	0.724	0.662		
3293	0.298	0.357	0.342	0.421	0.617	0.545	0.943	0.582	0.563	0.421	0.574	0.468	0.346	0.296	0.297	0.411	0.757	0.676	0.724	0.663		
3294	0.298	0.357	0.342	0.421	0.617	0.545	0.941	0.582	0.563	0.421	0.574	0.467	0.346	0.295	0.296	0.411	0.757	0.675	0.724	0.664		
3295	0.298	0.356	0.342	0.421	0.617	0.545	0.939	0.582	0.563	0.421	0.574	0.467	0.346	0.296	0.296	0.411	0.758	0.675	0.723	0.663		
3296	0.298	0.357	0.342	0.421	0.617	0.544	0.937	0.582	0.563	0.421	0.573	0.467	0.346	0.296	0.296	0.411	0.757	0.675	0.722	0.661		
3297	0.298	0.357	0.342	0.421	0.616	0.544	0.935	0.582	0.563	0.421	0.573	0.467	0.346	0.295	0.296	0.41	0.756	0.674	0.722	0.659		
3298	0.298	0.356	0.342	0.421	0.616	0.544	0.933	0.582	0.563	0.42	0.573	0.466	0.345	0.295	0.296	0.41	0.755	0.674	0.722	0.66		
3299	0.298	0.356	0.341	0.421	0.616	0.544	0.93	0.582	0.563	0.42	0.572	0.466	0.345	0.295	0.296	0.41	0.754	0.674	0.722	0.661		
3300	0.298	0.356	0.341	0.421	0.615	0.544	0.928	0.581	0.563	0.42	0.572	0.466	0.345	0.295	0.296	0.409	0.754	0.674	0.721	0.662		
3301	0.298	0.356	0.341	0.42	0.615	0.544	0.926	0.581	0.563	0.42	0.571	0.466	0.345	0.295	0.296	0.409	0.754	0.673	0.72	0.661		
3302	0.298	0.356	0.341	0.421	0.615	0.543	0.924	0.581	0.563	0.42	0.571	0.466	0.345	0.295	0.296	0.409	0.754	0.673	0.719	0.659		
3303	0.298	0.356	0.341	0.42	0.615	0.543	0.922	0.581	0.563	0.42	0.571	0.465	0.345	0.295	0.296	0.409	0.753	0.672	0.719	0.657		
3304	0.298	0.356	0.341	0.42	0.614	0.543	0.92	0.581	0.563	0.42	0.57	0.465	0.345	0.295	0.296	0.408	0.752	0.672	0.72	0.658		
3305	0.298	0.356	0.341	0.42	0.614	0.543	0.918	0.581	0.563	0.42	0.57	0.465	0.344	0.295	0.296	0.408	0.751	0.672	0.719	0.659		
3306	0.298	0.356	0.341	0.421	0.614	0.543	0.916	0.581	0.562	0.42	0.569	0.465	0.344	0.295	0.295	0.408	0.751	0.672	0.719	0.66		
3307	0.298	0.356	0.341	0.42	0.614	0.543	0.915	0.581	0.562	0.42	0.568	0.465	0.344	0.295	0.295	0.408	0.751	0.671	0.718	0.659		
3308	0.298	0.356	0.34	0.42	0.613	0.542	0.913	0.581	0.562	0.419	0.568	0.464	0.344	0.295	0.295	0.407	0.75	0.671	0.717	0.657		
3309	0.297	0.356	0.34	0.42	0.613	0.542	0.911	0.581	0.562	0.42	0.568	0.464	0.344	0.295	0.295	0.407	0.75	0.671	0.716	0.656		
3310	0.298	0.356	0.34	0.42	0.613	0.542	0.909	0.58	0.562	0.419	0.567	0.464	0.344	0.295	0.295	0.407	0.748	0.67	0.717	0.656		
3311	0.297	0.355	0.34	0.42	0.613	0.542	0.908	0.58	0.561	0.419	0.567	0.464	0.343	0.295	0.295	0.407	0.747	0.67	0.717	0.658		
3312	0.297	0.355	0.34	0.42	0.613	0.542	0.906	0.58	0.561	0.419	0.566	0.463	0.343	0.295	0.295	0.407	0.747	0.67	0.716	0.658		
3313	0.297	0.355	0.34	0.42	0.612	0.542	0.904	0.58	0.561	0.419	0.566	0.463	0.343	0.295	0.295	0.407	0.747	0.669	0.715	0.658		
3314	0.297	0.355	0.34	0.42	0.612	0.542	0.903	0.58	0.561	0.419	0.565	0.463	0.343	0.295	0.295	0.406	0.746	0.669	0.714	0.655		
3315	0.297	0.355	0.34	0.42	0.612	0.542	0.901	0.58	0.561	0.419	0.565	0.463	0.343	0.295	0.294	0.406	0.745	0.669	0.714	0.654		
3316	0.297	0.355	0.34	0.42	0.612	0.541	0.899	0.58	0.561	0.419	0.564	0.463	0.343	0.295	0.294	0.406	0.744	0.669	0.714	0.654		
3317	0.297	0.355	0.34	0.42	0.612	0.541	0.898	0.58	0.561	0.418	0.564	0.462	0.343	0.294	0.294	0.406	0.742	0.668	0.714	0.656		
3318	0.297	0.355	0.34	0.42	0.611	0.541	0.896	0.58	0.561	0.418	0.563	0.462	0.343	0.294	0.294	0.405	0.742	0.668	0.713	0.656		
3319	0.297	0.355	0.34	0.42	0.611	0.541	0.894	0.58	0.56	0.418	0.563	0.462	0.342	0.294	0.294	0.405	0.743	0.668	0.712	0.655		
3320	0.297	0.355	0.34	0.42	0.611	0.541	0.892	0.58	0.56	0.418	0.563	0.462	0.343	0.294	0.294	0.405	0.742	0.668	0.711	0.653		
3321	0.297	0.355	0.34	0.42	0.611	0.54	0.89	0.58	0.56	0.418	0.562	0.461	0.342	0.294	0.294	0.404	0.742	0.668	0.711	0.651		
3322	0.297	0.355	0.34	0.42	0.611	0.54	0.889	0.58	0.56	0.418	0.562	0.461	0.342	0.294	0.294	0.404	0.741	0.667	0.712	0.651		
3323	0.297	0.355	0.34	0.42	0.61	0.54	0.887	0.579	0.56	0.418	0.561	0.461	0.342	0.294	0.294	0.404	0.74	0.667	0.712	0.653		
3324	0.297	0.355	0.34	0.42	0.61	0.54	0.885	0.579	0.56	0.418	0.561	0.461	0.342	0.294	0.294	0.404	0.74	0.667	0.711	0.654		
3325	0.296	0.355	0.34	0.419	0.61	0.54	0.884	0.579	0.56	0.418	0.561	0.461	0.342	0.294	0.294	0.403	0.74	0.666	0.71	0.653		
3326	0.296	0.354	0.339	0.419	0.61	0.54	0.882	0.579	0.56	0.418	0.56	0.46	0.342	0.294	0.294	0.403	0.739	0.666	0.709	0.651		
3327	0.297	0.354	0.339	0.419	0.61	0.54	0.88	0.579	0.56	0.418	0.56	0.46	0.341	0.294	0.294	0.403	0.739	0.665	0.709	0.649		
3328	0.297	0.354	0.339	0.419	0.609	0.539	0.879	0.579	0.559	0.418	0.559	0.46	0.341	0.294	0.294	0.402	0.738	0.665	0.709	0.649		
3329	0.297	0.354	0.339	0.419	0.609	0.539	0.877	0.579	0.559	0.418	0.559	0.46	0.341	0.294	0.294	0.402	0.736	0.664	0.709	0.65		
3330	0.296	0.354	0.339	0.419	0.609	0.539	0.875	0.579	0.559	0.418	0.558	0.46	0.341	0.294	0.294	0.402	0.736	0.664	0.708	0.651		
3331	0.296	0.354	0.339	0.419	0.609	0.539	0.873	0.579	0.559	0.417	0.558	0.46	0.341	0.294	0.294	0.402	0.737	0.664	0.708	0.651		
3332	0.296	0.354	0.339	0.419	0.608	0.539	0.872	0.579	0.559	0.417	0.557	0.46	0.34	0.294	0.294	0.401	0.736	0.664	0.707	0.649		
3333	0.296	0.354	0.339	0.419	0.608	0.539	0.87	0.578	0.559	0.417	0.557	0.459	0.34	0.294	0.293	0.401	0.736	0.663	0.707	0.647		
3334	0.296	0.354	0.339	0.419	0.608	0.539	0.868	0.578	0.559	0.417	0.557	0.459	0.34	0.294	0.293	0.401	0.735	0.663	0.707	0.647		
3335	0.296	0.353	0.339	0.419	0.608	0.538	0.867	0.578	0.559	0.418	0.556	0.459	0.34	0.294	0.293	0.4	0.734	0.663	0.707	0.649		
3336	0.296	0.353	0.339	0.419	0.608	0.538	0.865	0.578	0.558	0.417	0.556	0.459	0.34	0.294	0.293	0.4	0.734	0.662	0.707	0.65		
3337	0.296	0.353	0.339	0.419	0.608	0.538	0.864	0.578	0.559	0.417	0.556	0.459	0.34	0.294	0.293	0.4	0.734	0.662	0.706	0.649		
3338	0.296	0.353	0.339	0.419	0.607	0.538	0.862	0.578	0.558	0.417	0.555	0.459	0.34	0.294	0.293	0.4	0.734	0.662	0.705	0.648		
3339	0.296	0.353	0.339	0.418	0.607	0.538	0.861	0.578	0.558	0.417	0.555	0.459	0.34	0.294	0.293	0.4	0.733	0.662	0.705	0.648		
3340	0.296	0.353	0.339	0.418	0.607	0.538	0.859	0.578	0.558	0.417	0.555	0.458	0.34	0.293	0.293	0.4	0.732	0.662	0.706	0.647		
3341	0.296	0.353	0.339	0.418	0.607	0.538	0.858	0.578	0.558	0.417	0.554	0.458	0.339	0.294	0.293	0.399	0.731	0.661	0.706	0.647		
3342	0.296	0.353	0.339	0.418	0.607	0.537	0.857	0.577	0.557	0.416	0.554	0.458	0.339	0.293	0.293	0.399	0.731	0.661	0.705	0.647		
3343	0.296	0.353	0.339	0.418	0.606	0.537	0.855	0.577	0.557	0.416	0.554	0.458	0.339	0.293	0.293	0.399	0.731	0.661	0.705	0.647		
3344	0.296	0.353	0.339	0.418	0.606	0.537	0.854	0.577	0.557	0.416	0.554	0.457	0.339	0.293	0.293	0.399	0.73	0.66	0.703	0.646		
3345	0.296	0.353	0.339	0.418	0.606	0.537	0.852	0.577	0.557	0.416	0.553	0.457	0.339	0.293	0.293	0.398	0.73	0.66	0.703	0.646		
3346	0.296	0.352	0.339	0.418	0.606	0.537	0.851	0.577	0.556	0.416	0.553	0.457	0.339	0.293	0.293	0.398	0.729	0.66	0.704	0.646		
3347	0.295	0.352	0.339	0.418	0.606	0.537	0.849	0.577	0.556	0.416	0.552	0.457	0.339	0.293	0.292	0.398	0.728	0.659	0.704	0.646		
3348	0.295	0.353	0.338	0.418	0.605	0.536	0.848	0.577	0.556	0.416	0.552	0.456	0.339	0.293	0.292	0.398	0.728	0.659	0.703	0.645		
3349	0.295	0.352	0.338	0.417	0.605	0.536	0.846	0.577	0.556	0.416	0.552	0.456	0.338	0.293	0.292	0.397	0.727	0.659	0.703	0.645		
3350	0.295	0.352	0.338	0.417	0.605	0.536	0.844	0.577	0.556	0.416	0.551	0.456	0.339	0.293	0.293	0.397	0.727	0.658	0.702	0.645		
3351	0.295	0.352	0.338	0.417	0.605	0.536	0.843	0.577	0.556	0.416	0.551	0.456	0.338	0.293	0.292	0.397	0.726	0.658	0.701	0.644		
3352	0.295	0.352	0.338	0.417	0.605	0.536	0.841	0.577	0.556	0.416	0.55	0.455	0.338	0.293	0.292	0.397	0.725	0.658	0.702	0.644		
3353	0.295	0.352	0.338	0.417	0.604	0.535	0.84	0.577	0.556	0.415	0.55	0.455	0.338	0.293	0.292	0.396	0.725	0.657	0.701	0.644		
3354	0.295	0.352	0.338	0.417	0.604	0.535	0.838	0.576	0.556	0.415	0.55	0.455	0.338	0.293	0.292	0.396	0.724	0.657	0.701	0.643		
3355	0.295	0.352	0.338	0.417	0.604	0.535	0.837	0.576	0.556	0.415	0.549	0.455	0.338	0.293	0.292	0.396	0.724	0.657	0.701	0.643		
3356	0.295	0.352	0.338	0.417	0.604	0.535	0.835	0.576	0.556	0.415	0.549	0.454	0.338	0.293	0.292	0.396	0.723	0.656	0.7	0.643		
3357	0.295	0.351	0.338	0.417	0.603	0.535	0.834	0.576	0.555	0.415	0.549	0.454	0.337	0.293	0.292	0.395	0.722	0.656	0.699	0.642		
3358	0.295	0.351	0.338	0.417	0.603	0.535	0.833	0.576	0.555	0.415	0.548	0.454	0.337	0.293	0.292	0.395	0.722	0.656	0.699	0.642		
3359	0.295	0.351	0.338	0.417	0.603	0.535	0.831	0.576	0.555	0.415	0.548	0.454	0.337	0.293	0.292	0.395	0.721	0.655	0.698	0.642		
3360	0.295	0.351	0.338	0.417	0.603	0.535	0.83	0.576	0.555	0.415	0.548	0.453	0.337	0.293	0.292	0.395	0.72	0.655	0.698	0.641		
3361	0.295	0.351	0.338	0.417	0.603	0.534	0.829	0.576	0.555	0.415	0.548	0.453	0.337	0.293	0.292	0.394	0.72	0.654	0.697	0.641		
3362	0.295	0.351	0.338	0.416	0.603	0.534	0.828	0.576	0.555	0.415	0.548	0.453	0.337	0.293	0.292	0.394	0.719	0.654	0.697	0.641		
3363	0.295	0.351	0.338	0.416	0.603	0.534	0.826	0.576	0.555	0.415	0.547	0.453	0.336	0.293	0.292	0.394	0.719	0.654	0.697	0.641		
3364	0.295	0.351	0.338	0.416	0.602	0.534	0.825	0.575	0.554	0.414	0.547	0.453	0.336	0.293	0.292	0.394	0.719	0.653	0.697	0.64		
3365	0.295	0.351	0.338	0.416	0.602	0.534	0.824	0.575	0.554	0.414	0.547	0.453	0.336	0.293	0.292	0.394	0.718	0.653	0.696	0.64		
3366	0.295	0.351	0.338	0.416	0.602	0.533	0.823	0.575	0.554	0.414	0.547	0.452	0.336	0.293	0.291	0.393	0.718	0.653	0.696	0.64		
3367	0.294	0.351	0.338	0.416	0.602	0.533	0.822	0.575	0.554	0.414	0.546	0.452	0.336	0.293	0.291	0.393	0.717	0.652	0.696	0.64		
3368	0.294	0.35	0.337	0.416	0.602	0.533	0.82	0.575	0.554	0.414	0.546	0.452	0.336	0.293	0.291	0.393	0.716	0.652	0.695	0.639		
3369	0.294	0.35	0.337	0.416	0.602	0.533	0.819	0.575	0.553	0.414	0.546	0.452	0.336	0.293	0.291	0.393	0.716	0.651	0.695	0.639		
3370	0.294	0.35	0.337	0.416	0.601	0.533	0.817	0.575	0.553	0.414	0.546	0.452	0.336	0.293	0.291	0.392	0.715	0.651	0.695	0.639		
3371	0.294	0.35	0.337	0.416	0.601	0.533	0.816	0.574	0.553	0.414	0.546	0.452	0.335	0.292	0.291	0.392	0.715	0.65	0.695	0.638		
3372	0.294	0.35	0.337	0.416	0.601	0.532	0.815	0.574	0.553	0.414	0.546	0.451	0.335	0.292	0.291	0.392	0.714	0.65	0.695	0.638		
3373	0.294	0.35	0.337	0.416	0.601	0.532	0.814	0.574	0.553	0.414	0.546	0.451	0.335	0.292	0.291	0.391	0.714	0.65	0.694	0.638		
3374	0.294	0.35	0.337	0.416	0.601	0.532	0.813	0.574	0.553	0.413	0.546	0.451	0.335	0.292	0.291	0.391	0.713	0.65	0.694	0.637		
3375	0.294	0.35	0.337	0.416	0.601	0.532	0.812	0.574	0.553	0.413	0.545	0.451	0.335	0.292	0.291	0.391	0.713	0.65	0.694	0.637		
3376	0.294	0.35	0.337	0.415	0.6	0.532	0.81	0.574	0.553	0.413	0.545	0.451	0.335	0.292	0.291	0.391	0.713	0.649	0.693	0.637		
3377	0.294	0.35	0.337	0.415	0.6	0.531	0.81	0.574	0.553	0.413	0.544	0.451	0.335	0.292	0.291	0.391	0.712	0.649	0.693	0.636		
3378	0.294	0.349	0.337	0.415	0.6	0.531	0.808	0.573	0.552	0.413	0.544	0.45	0.335	0.292	0.291	0.39	0.712	0.649	0.693	0.636		
3379	0.294	0.35	0.337	0.415	0.6	0.531	0.807	0.573	0.552	0.413	0.544	0.45	0.335	0.292	0.291	0.39	0.711	0.649	0.692	0.636		
3380	0.294	0.349	0.337	0.415	0.6	0.531	0.806	0.573	0.552	0.413	0.543	0.45	0.335	0.292	0.291	0.39	0.711	0.649	0.691	0.636		
3381	0.294	0.349	0.337	0.415	0.6	0.531	0.805	0.573	0.552	0.413	0.543	0.45	0.334	0.292	0.291	0.39	0.71	0.649	0.691	0.635		
3382	0.294	0.349	0.337	0.415	0.6	0.531	0.804	0.573	0.552	0.413	0.543	0.45	0.334	0.292	0.291	0.39	0.71	0.648	0.691	0.635		
3383	0.294	0.349	0.337	0.415	0.599	0.53	0.803	0.573	0.552	0.413	0.542	0.45	0.334	0.292	0.291	0.389	0.71	0.648	0.69	0.635		
3384	0.294	0.349	0.337	0.415	0.599	0.53	0.802	0.573	0.552	0.413	0.542	0.45	0.334	0.292	0.29	0.389	0.709	0.648	0.69	0.635		
3385	0.294	0.349	0.336	0.415	0.599	0.53	0.801	0.572	0.552	0.413	0.542	0.449	0.334	0.292	0.29	0.389	0.709	0.648	0.689	0.635		
3386	0.294	0.349	0.336	0.415	0.599	0.53	0.8	0.572	0.552	0.413	0.541	0.449	0.334	0.292	0.29	0.389	0.708	0.647	0.689	0.634		
3387	0.294	0.349	0.336	0.415	0.599	0.53	0.799	0.572	0.552	0.413	0.541	0.449	0.334	0.291	0.29	0.389	0.707	0.647	0.688	0.634		
3388	0.294	0.349	0.336	0.415	0.599	0.53	0.798	0.572	0.552	0.412	0.541	0.449	0.334	0.291	0.29	0.389	0.707	0.647	0.688	0.634		
3389	0.294	0.349	0.336	0.414	0.598	0.529	0.797	0.572	0.552	0.412	0.54	0.449	0.333	0.291	0.29	0.388	0.706	0.646	0.687	0.634		
3390	0.294	0.348	0.336	0.414	0.598	0.529	0.796	0.572	0.552	0.412	0.54	0.449	0.333	0.291	0.29	0.388	0.706	0.646	0.687	0.633		
3391	0.294	0.348	0.336	0.414	0.598	0.529	0.795	0.571	0.552	0.412	0.54	0.448	0.333	0.291	0.29	0.388	0.706	0.646	0.687	0.633		
3392	0.293	0.348	0.336	0.414	0.598	0.529	0.794	0.571	0.552	0.412	0.54	0.448	0.333	0.291	0.29	0.388	0.705	0.645	0.686	0.633		
3393	0.293	0.348	0.336	0.414	0.598	0.529	0.793	0.571	0.552	0.412	0.539	0.448	0.333	0.291	0.29	0.388	0.705	0.645	0.686	0.633		
3394	0.293	0.348	0.336	0.414	0.598	0.529	0.792	0.571	0.551	0.412	0.539	0.448	0.333	0.291	0.29	0.387	0.704	0.645	0.686	0.632		
3395	0.293	0.348	0.336	0.414	0.598	0.528	0.791	0.571	0.551	0.412	0.539	0.448	0.332	0.291	0.29	0.387	0.703	0.644	0.686	0.632		
3396	0.294	0.348	0.336	0.414	0.598	0.529	0.79	0.571	0.551	0.411	0.539	0.447	0.332	0.291	0.29	0.387	0.703	0.644	0.685	0.632		
3397	0.294	0.348	0.336	0.414	0.597	0.528	0.789	0.571	0.551	0.411	0.538	0.447	0.332	0.291	0.289	0.387	0.702	0.644	0.685	0.631		
3398	0.293	0.348	0.335	0.414	0.597	0.528	0.788	0.571	0.551	0.411	0.538	0.447	0.332	0.291	0.29	0.387	0.702	0.644	0.685	0.631		
3399	0.293	0.348	0.335	0.414	0.597	0.528	0.787	0.571	0.551	0.411	0.537	0.447	0.332	0.291	0.289	0.387	0.701	0.643	0.685	0.631		
3400	0.293	0.348	0.335	0.413	0.597	0.528	0.786	0.571	0.551	0.411	0.537	0.447	0.332	0.291	0.289	0.387	0.7	0.643	0.684	0.631		
3401	0.293	0.347	0.335	0.414	0.597	0.527	0.785	0.57	0.551	0.411	0.537	0.446	0.332	0.291	0.289	0.386	0.7	0.643	0.684	0.63		
3402	0.294	0.348	0.335	0.414	0.597	0.527	0.784	0.57	0.551	0.411	0.536	0.446	0.332	0.29	0.289	0.386	0.699	0.642	0.684	0.631		
3403	0.293	0.347	0.335	0.413	0.596	0.527	0.783	0.57	0.551	0.411	0.536	0.446	0.331	0.291	0.289	0.386	0.699	0.642	0.683	0.631		
3404	0.293	0.347	0.335	0.413	0.596	0.527	0.782	0.57	0.55	0.411	0.535	0.446	0.331	0.291	0.289	0.386	0.699	0.642	0.683	0.63		
3405	0.292	0.347	0.335	0.413	0.596	0.527	0.781	0.57	0.55	0.41	0.535	0.446	0.331	0.29	0.289	0.385	0.698	0.642	0.683	0.629		
3406	0.292	0.347	0.335	0.413	0.596	0.527	0.78	0.57	0.55	0.41	0.535	0.446	0.331	0.29	0.289	0.385	0.698	0.641	0.683	0.628		
3407	0.293	0.347	0.335	0.413	0.596	0.526	0.779	0.57	0.55	0.41	0.534	0.445	0.331	0.291	0.289	0.385	0.696	0.641	0.683	0.629		
3408	0.293	0.347	0.335	0.413	0.596	0.526	0.778	0.57	0.55	0.41	0.534	0.445	0.331	0.29	0.289	0.385	0.695	0.641	0.682	0.63		
3409	0.293	0.347	0.335	0.413	0.595	0.526	0.777	0.569	0.549	0.41	0.534	0.445	0.33	0.29	0.289	0.385	0.696	0.641	0.682	0.63		
3410	0.292	0.347	0.335	0.413	0.595	0.526	0.776	0.569	0.549	0.41	0.533	0.445	0.33	0.29	0.289	0.384	0.697	0.641	0.682	0.629		
3411	0.292	0.347	0.335	0.413	0.595	0.526	0.775	0.569	0.549	0.41	0.533	0.445	0.33	0.29	0.289	0.384	0.696	0.64	0.681	0.628		
3412	0.292	0.347	0.335	0.413	0.595	0.525	0.774	0.569	0.549	0.41	0.533	0.445	0.33	0.29	0.289	0.384	0.695	0.64	0.681	0.627		
3413	0.292	0.347	0.335	0.412	0.595	0.525	0.773	0.569	0.548	0.409	0.533	0.444	0.33	0.29	0.288	0.384	0.693	0.64	0.68	0.627		
3414	0.293	0.347	0.335	0.412	0.595	0.525	0.772	0.569	0.548	0.409	0.532	0.444	0.33	0.29	0.288	0.383	0.692	0.64	0.68	0.629		
3415	0.293	0.347	0.334	0.412	0.595	0.525	0.771	0.569	0.548	0.409	0.532	0.444	0.33	0.29	0.288	0.383	0.694	0.639	0.68	0.628		
3416	0.292	0.346	0.334	0.412	0.594	0.525	0.77	0.569	0.548	0.409	0.532	0.444	0.33	0.29	0.288	0.383	0.694	0.639	0.679	0.628		
3417	0.292	0.346	0.334	0.412	0.595	0.525	0.769	0.568	0.548	0.409	0.532	0.444	0.329	0.29	0.288	0.383	0.693	0.639	0.677	0.626		
3418	0.292	0.346	0.334	0.412	0.594	0.525	0.768	0.568	0.547	0.409	0.531	0.444	0.329	0.289	0.288	0.383	0.692	0.639	0.678	0.625		
3419	0.292	0.346	0.334	0.412	0.594	0.524	0.767	0.568	0.547	0.408	0.531	0.443	0.329	0.29	0.288	0.383	0.69	0.638	0.68	0.625		
3420	0.292	0.346	0.334	0.412	0.594	0.524	0.766	0.568	0.547	0.408	0.531	0.443	0.329	0.29	0.288	0.382	0.69	0.638	0.679	0.627		
3421	0.293	0.346	0.334	0.412	0.594	0.524	0.765	0.568	0.547	0.408	0.531	0.443	0.329	0.289	0.288	0.382	0.691	0.638	0.678	0.626		
3422	0.292	0.346	0.334	0.412	0.593	0.524	0.764	0.568	0.547	0.408	0.53	0.443	0.329	0.289	0.288	0.382	0.692	0.637	0.677	0.626		
3423	0.291	0.346	0.334	0.411	0.593	0.524	0.763	0.567	0.547	0.408	0.53	0.443	0.329	0.289	0.288	0.382	0.691	0.637	0.675	0.625		
3424	0.292	0.346	0.334	0.411	0.593	0.523	0.762	0.567	0.547	0.408	0.529	0.442	0.328	0.289	0.288	0.382	0.69	0.637	0.676	0.624		
3425	0.292	0.346	0.334	0.411	0.593	0.523	0.761	0.567	0.547	0.408	0.529	0.442	0.328	0.289	0.288	0.381	0.689	0.636	0.677	0.624		
3426	0.292	0.346	0.334	0.411	0.593	0.523	0.76	0.567	0.547	0.408	0.528	0.442	0.328	0.289	0.288	0.381	0.688	0.636	0.677	0.626		
3427	0.292	0.346	0.333	0.411	0.593	0.523	0.759	0.567	0.547	0.408	0.528	0.442	0.328	0.289	0.288	0.381	0.69	0.636	0.676	0.626		
3428	0.292	0.346	0.333	0.411	0.593	0.523	0.759	0.567	0.546	0.408	0.528	0.442	0.328	0.289	0.288	0.38	0.69	0.636	0.675	0.625		
3429	0.291	0.346	0.333	0.411	0.592	0.523	0.758	0.567	0.546	0.408	0.528	0.442	0.328	0.289	0.287	0.38	0.69	0.636	0.673	0.624		
3430	0.291	0.346	0.333	0.411	0.592	0.522	0.757	0.567	0.546	0.408	0.527	0.442	0.328	0.289	0.288	0.38	0.689	0.636	0.674	0.622		
3431	0.291	0.345	0.333	0.411	0.592	0.522	0.756	0.567	0.546	0.407	0.527	0.441	0.328	0.289	0.287	0.38	0.687	0.636	0.675	0.623		
3432	0.292	0.346	0.333	0.411	0.592	0.522	0.755	0.567	0.546	0.407	0.527	0.441	0.328	0.289	0.287	0.38	0.686	0.635	0.675	0.624		
3433	0.292	0.345	0.333	0.41	0.591	0.522	0.754	0.567	0.546	0.407	0.527	0.441	0.328	0.289	0.287	0.38	0.687	0.635	0.674	0.624		
3434	0.292	0.345	0.333	0.41	0.591	0.522	0.754	0.567	0.546	0.407	0.527	0.441	0.328	0.289	0.288	0.379	0.688	0.635	0.673	0.623		
3435	0.291	0.345	0.333	0.41	0.591	0.521	0.753	0.567	0.546	0.407	0.526	0.441	0.328	0.288	0.287	0.379	0.687	0.635	0.672	0.622		
3436	0.291	0.345	0.333	0.41	0.591	0.521	0.752	0.567	0.545	0.407	0.526	0.44	0.328	0.288	0.287	0.379	0.686	0.634	0.672	0.621		
3437	0.291	0.345	0.333	0.41	0.591	0.521	0.751	0.567	0.545	0.407	0.526	0.44	0.328	0.288	0.287	0.379	0.684	0.634	0.674	0.621		
3438	0.292	0.345	0.332	0.41	0.591	0.521	0.75	0.567	0.545	0.407	0.526	0.44	0.327	0.288	0.287	0.379	0.683	0.634	0.673	0.622		
3439	0.292	0.345	0.332	0.41	0.59	0.52	0.749	0.566	0.545	0.407	0.525	0.439	0.327	0.288	0.287	0.378	0.685	0.634	0.673	0.622		
3440	0.291	0.345	0.332	0.41	0.59	0.52	0.748	0.566	0.545	0.407	0.525	0.439	0.327	0.288	0.287	0.378	0.685	0.634	0.671	0.622		
3441	0.291	0.345	0.332	0.409	0.59	0.52	0.747	0.566	0.545	0.407	0.524	0.439	0.327	0.288	0.287	0.378	0.685	0.633	0.67	0.62		
3442	0.291	0.345	0.332	0.409	0.589	0.52	0.746	0.566	0.545	0.407	0.524	0.439	0.327	0.288	0.287	0.378	0.684	0.633	0.67	0.619		
3443	0.291	0.345	0.332	0.409	0.589	0.52	0.746	0.566	0.545	0.407	0.524	0.439	0.327	0.288	0.287	0.378	0.682	0.633	0.672	0.62		
3444	0.292	0.345	0.332	0.409	0.589	0.519	0.745	0.566	0.544	0.407	0.524	0.438	0.327	0.288	0.287	0.377	0.681	0.633	0.671	0.621		
3445	0.292	0.345	0.332	0.409	0.589	0.519	0.744	0.566	0.544	0.407	0.523	0.438	0.327	0.288	0.287	0.377	0.682	0.632	0.67	0.621		
3446	0.291	0.345	0.332	0.409	0.589	0.519	0.743	0.566	0.544	0.407	0.523	0.438	0.326	0.288	0.287	0.377	0.683	0.632	0.669	0.62		
3447	0.291	0.345	0.332	0.408	0.588	0.519	0.743	0.566	0.544	0.407	0.523	0.438	0.326	0.288	0.287	0.377	0.682	0.632	0.668	0.619		
3448	0.291	0.344	0.332	0.408	0.588	0.519	0.742	0.566	0.544	0.406	0.522	0.438	0.326	0.288	0.287	0.377	0.681	0.632	0.668	0.618		
3449	0.291	0.344	0.332	0.408	0.588	0.519	0.741	0.565	0.544	0.406	0.522	0.438	0.326	0.288	0.287	0.376	0.68	0.632	0.669	0.618		
3450	0.291	0.344	0.332	0.408	0.588	0.518	0.74	0.565	0.543	0.406	0.522	0.437	0.326	0.287	0.287	0.376	0.679	0.631	0.669	0.62		
3451	0.291	0.344	0.332	0.408	0.587	0.518	0.74	0.565	0.543	0.406	0.522	0.437	0.326	0.287	0.287	0.376	0.68	0.631	0.668	0.62		
3452	0.291	0.344	0.332	0.408	0.587	0.518	0.739	0.565	0.543	0.406	0.521	0.437	0.326	0.287	0.287	0.376	0.681	0.631	0.667	0.619		
3453	0.291	0.344	0.332	0.408	0.587	0.518	0.738	0.565	0.543	0.406	0.521	0.437	0.326	0.288	0.286	0.376	0.68	0.63	0.665	0.618		
3454	0.291	0.344	0.332	0.407	0.587	0.518	0.737	0.565	0.543	0.406	0.521	0.437	0.326	0.287	0.286	0.376	0.68	0.63	0.666	0.617		
3455	0.291	0.344	0.332	0.407	0.587	0.518	0.736	0.565	0.543	0.406	0.521	0.437	0.325	0.287	0.287	0.375	0.678	0.63	0.667	0.617		
3456	0.291	0.344	0.332	0.407	0.586	0.518	0.736	0.565	0.542	0.406	0.52	0.437	0.325	0.287	0.286	0.375	0.677	0.629	0.667	0.618		
3457	0.291	0.344	0.332	0.407	0.586	0.517	0.735	0.565	0.542	0.406	0.52	0.436	0.325	0.287	0.286	0.375	0.679	0.629	0.666	0.618		
3458	0.291	0.344	0.331	0.407	0.586	0.517	0.734	0.565	0.542	0.406	0.52	0.436	0.325	0.287	0.286	0.375	0.68	0.629	0.665	0.617		
3459	0.291	0.344	0.331	0.407	0.586	0.517	0.733	0.565	0.542	0.405	0.52	0.436	0.325	0.287	0.286	0.375	0.679	0.629	0.663	0.617		
3460	0.291	0.344	0.331	0.407	0.586	0.517	0.733	0.564	0.542	0.405	0.52	0.436	0.325	0.287	0.286	0.374	0.678	0.628	0.664	0.615		
3461	0.291	0.343	0.331	0.407	0.585	0.517	0.732	0.564	0.542	0.405	0.519	0.436	0.325	0.287	0.286	0.374	0.677	0.628	0.665	0.615		
3462	0.291	0.343	0.331	0.406	0.585	0.517	0.731	0.564	0.542	0.405	0.519	0.435	0.325	0.287	0.286	0.374	0.676	0.628	0.665	0.616		
3463	0.291	0.343	0.331	0.406	0.585	0.517	0.731	0.564	0.542	0.405	0.519	0.435	0.325	0.287	0.286	0.374	0.676	0.628	0.664	0.616		
3464	0.29	0.343	0.331	0.406	0.585	0.516	0.73	0.564	0.542	0.405	0.518	0.435	0.324	0.287	0.286	0.374	0.677	0.628	0.663	0.616		
3465	0.29	0.343	0.331	0.406	0.585	0.516	0.73	0.564	0.542	0.405	0.518	0.435	0.325	0.286	0.286	0.374	0.677	0.628	0.662	0.615		
3466	0.291	0.343	0.331	0.406	0.584	0.516	0.729	0.564	0.542	0.405	0.518	0.434	0.324	0.286	0.286	0.374	0.676	0.627	0.662	0.615		
3467	0.29	0.343	0.331	0.406	0.584	0.516	0.728	0.564	0.542	0.405	0.518	0.434	0.324	0.286	0.286	0.374	0.675	0.627	0.663	0.615		
3468	0.29	0.343	0.331	0.406	0.584	0.516	0.728	0.564	0.542	0.405	0.517	0.434	0.324	0.286	0.285	0.373	0.675	0.627	0.663	0.614		
3469	0.29	0.343	0.331	0.406	0.584	0.515	0.727	0.564	0.542	0.405	0.517	0.434	0.324	0.286	0.286	0.373	0.674	0.627	0.662	0.614		
3470	0.29	0.343	0.331	0.406	0.584	0.515	0.726	0.564	0.542	0.404	0.517	0.434	0.324	0.286	0.285	0.373	0.674	0.626	0.661	0.614		
3471	0.29	0.343	0.331	0.406	0.583	0.515	0.726	0.563	0.542	0.404	0.517	0.433	0.324	0.286	0.286	0.373	0.673	0.626	0.66	0.614		
3472	0.29	0.343	0.331	0.406	0.583	0.515	0.725	0.563	0.542	0.404	0.517	0.433	0.324	0.286	0.285	0.372	0.673	0.626	0.66	0.613		
3473	0.29	0.343	0.331	0.405	0.583	0.515	0.724	0.563	0.542	0.404	0.517	0.433	0.324	0.286	0.285	0.372	0.672	0.626	0.661	0.613		
3474	0.29	0.343	0.33	0.405	0.583	0.514	0.723	0.563	0.542	0.404	0.516	0.433	0.324	0.286	0.285	0.372	0.672	0.625	0.661	0.613		
3475	0.29	0.343	0.331	0.405	0.583	0.514	0.722	0.563	0.542	0.404	0.516	0.433	0.324	0.286	0.285	0.372	0.672	0.625	0.66	0.613		
3476	0.29	0.343	0.33	0.405	0.583	0.514	0.722	0.563	0.542	0.404	0.516	0.433	0.324	0.286	0.285	0.372	0.671	0.624	0.659	0.613		
3477	0.29	0.342	0.33	0.405	0.583	0.514	0.721	0.563	0.541	0.404	0.516	0.432	0.323	0.286	0.285	0.371	0.671	0.623	0.659	0.613		
3478	0.29	0.342	0.33	0.405	0.582	0.513	0.72	0.563	0.542	0.404	0.515	0.432	0.323	0.285	0.285	0.371	0.67	0.624	0.659	0.612		
3479	0.29	0.342	0.33	0.405	0.582	0.513	0.72	0.562	0.541	0.404	0.515	0.432	0.323	0.285	0.285	0.371	0.67	0.625	0.658	0.612		
3480	0.29	0.342	0.33	0.405	0.582	0.513	0.719	0.562	0.541	0.404	0.515	0.432	0.323	0.285	0.285	0.371	0.67	0.624	0.658	0.612		
3481	0.29	0.342	0.33	0.405	0.582	0.513	0.719	0.562	0.541	0.404	0.515	0.432	0.323	0.285	0.285	0.371	0.669	0.624	0.658	0.612		
3482	0.29	0.342	0.33	0.405	0.582	0.513	0.718	0.562	0.541	0.404	0.514	0.432	0.323	0.285	0.285	0.37	0.669	0.622	0.658	0.611		
3483	0.29	0.342	0.33	0.405	0.581	0.513	0.717	0.562	0.541	0.403	0.514	0.431	0.323	0.285	0.285	0.37	0.668	0.621	0.657	0.611		
3484	0.29	0.342	0.33	0.405	0.581	0.513	0.718	0.562	0.541	0.403	0.514	0.431	0.323	0.285	0.284	0.37	0.668	0.622	0.657	0.611		
3485	0.289	0.342	0.33	0.405	0.581	0.513	0.717	0.562	0.541	0.403	0.514	0.431	0.323	0.285	0.284	0.37	0.667	0.623	0.657	0.611		
3486	0.289	0.342	0.33	0.404	0.581	0.512	0.716	0.561	0.541	0.403	0.513	0.431	0.322	0.285	0.284	0.37	0.667	0.622	0.657	0.61		
3487	0.289	0.342	0.33	0.404	0.581	0.512	0.713	0.561	0.541	0.403	0.513	0.431	0.322	0.285	0.284	0.369	0.667	0.622	0.656	0.61		
3488	0.289	0.342	0.33	0.404	0.581	0.512	0.711	0.561	0.541	0.403	0.513	0.431	0.322	0.285	0.284	0.369	0.666	0.62	0.656	0.61		
3489	0.289	0.341	0.33	0.404	0.58	0.512	0.713	0.561	0.541	0.403	0.513	0.431	0.322	0.285	0.284	0.369	0.666	0.619	0.656	0.61		
3490	0.289	0.341	0.33	0.404	0.58	0.511	0.714	0.561	0.541	0.403	0.513	0.43	0.322	0.285	0.284	0.369	0.666	0.62	0.656	0.61		
3491	0.289	0.341	0.33	0.404	0.58	0.511	0.713	0.561	0.541	0.402	0.512	0.43	0.322	0.284	0.284	0.369	0.666	0.621	0.655	0.61		
3492	0.289	0.341	0.33	0.404	0.58	0.511	0.711	0.561	0.541	0.402	0.512	0.43	0.322	0.284	0.284	0.369	0.665	0.621	0.655	0.609		
3493	0.289	0.341	0.33	0.404	0.58	0.511	0.709	0.561	0.541	0.402	0.512	0.43	0.322	0.284	0.284	0.368	0.665	0.62	0.655	0.609		
3494	0.289	0.341	0.329	0.404	0.58	0.511	0.707	0.561	0.541	0.402	0.511	0.43	0.322	0.284	0.284	0.368	0.665	0.619	0.655	0.609		
3495	0.289	0.341	0.33	0.403	0.579	0.51	0.709	0.561	0.54	0.402	0.511	0.429	0.322	0.284	0.284	0.368	0.665	0.618	0.655	0.608		
3496	0.289	0.341	0.329	0.403	0.579	0.51	0.71	0.561	0.54	0.402	0.511	0.429	0.322	0.284	0.284	0.368	0.664	0.619	0.654	0.608		
3497	0.289	0.341	0.329	0.403	0.579	0.51	0.709	0.56	0.54	0.402	0.51	0.429	0.322	0.284	0.284	0.368	0.664	0.62	0.654	0.608		
3498	0.289	0.341	0.329	0.403	0.579	0.51	0.708	0.56	0.539	0.401	0.51	0.429	0.322	0.284	0.284	0.368	0.664	0.619	0.654	0.608		
3499	0.289	0.341	0.33	0.403	0.579	0.51	0.705	0.56	0.539	0.401	0.51	0.429	0.321	0.284	0.284	0.367	0.664	0.619	0.654	0.608		
3500	0.289	0.341	0.329	0.403	0.579	0.51	0.703	0.56	0.539	0.401	0.509	0.429	0.322	0.284	0.284	0.367	0.663	0.617	0.654	0.608		
3501	0.289	0.34	0.329	0.403	0.579	0.51	0.705	0.56	0.539	0.401	0.509	0.428	0.321	0.284	0.284	0.367	0.663	0.616	0.653	0.608		
3502	0.289	0.34	0.329	0.403	0.579	0.509	0.706	0.56	0.539	0.401	0.509	0.428	0.321	0.284	0.284	0.367	0.663	0.617	0.653	0.608		
3503	0.289	0.34	0.329	0.403	0.579	0.509	0.705	0.56	0.539	0.401	0.509	0.428	0.321	0.284	0.284	0.367	0.663	0.618	0.652	0.607		
3504	0.289	0.34	0.329	0.402	0.578	0.509	0.704	0.56	0.538	0.401	0.508	0.428	0.321	0.284	0.284	0.367	0.662	0.618	0.652	0.607		
3505	0.289	0.34	0.329	0.402	0.579	0.509	0.701	0.56	0.538	0.401	0.508	0.428	0.321	0.284	0.284	0.366	0.662	0.617	0.652	0.606		
3506	0.289	0.34	0.329	0.402	0.578	0.509	0.699	0.559	0.538	0.401	0.508	0.428	0.321	0.284	0.284	0.366	0.662	0.616	0.651	0.606		
3507	0.289	0.34	0.329	0.402	0.578	0.509	0.701	0.559	0.538	0.401	0.508	0.428	0.321	0.284	0.284	0.366	0.662	0.615	0.651	0.606		
3508	0.289	0.34	0.329	0.402	0.578	0.509	0.703	0.559	0.538	0.401	0.507	0.427	0.321	0.283	0.284	0.366	0.661	0.615	0.65	0.606		
3509	0.289	0.34	0.329	0.402	0.578	0.509	0.701	0.559	0.537	0.401	0.507	0.427	0.32	0.283	0.284	0.366	0.661	0.616	0.65	0.606		
3510	0.289	0.34	0.329	0.402	0.578	0.509	0.7	0.559	0.538	0.401	0.507	0.427	0.32	0.283	0.284	0.366	0.661	0.616	0.65	0.605		
3511	0.289	0.34	0.329	0.402	0.578	0.509	0.697	0.559	0.538	0.401	0.507	0.427	0.32	0.283	0.284	0.365	0.661	0.615	0.649	0.605		
3512	0.289	0.339	0.329	0.402	0.578	0.508	0.696	0.559	0.538	0.401	0.507	0.427	0.32	0.283	0.284	0.365	0.66	0.614	0.649	0.605		
3513	0.289	0.34	0.329	0.402	0.578	0.508	0.698	0.559	0.538	0.401	0.506	0.426	0.32	0.283	0.283	0.365	0.66	0.613	0.649	0.605		
3514	0.288	0.34	0.329	0.402	0.577	0.508	0.699	0.559	0.538	0.401	0.506	0.426	0.32	0.283	0.283	0.365	0.659	0.613	0.649	0.605		
3515	0.288	0.339	0.329	0.402	0.577	0.508	0.698	0.558	0.538	0.401	0.506	0.426	0.32	0.283	0.283	0.365	0.659	0.615	0.649	0.604		
3516	0.288	0.339	0.329	0.402	0.577	0.508	0.696	0.558	0.538	0.401	0.506	0.426	0.32	0.283	0.284	0.365	0.659	0.614	0.649	0.604		
3517	0.288	0.339	0.329	0.402	0.577	0.507	0.693	0.558	0.537	0.401	0.505	0.426	0.32	0.283	0.283	0.364	0.658	0.614	0.648	0.604		
3518	0.288	0.339	0.329	0.402	0.577	0.507	0.691	0.558	0.537	0.4	0.505	0.426	0.319	0.283	0.283	0.364	0.658	0.612	0.648	0.604		
3519	0.288	0.339	0.329	0.402	0.576	0.507	0.693	0.558	0.537	0.4	0.505	0.426	0.319	0.283	0.283	0.364	0.658	0.611	0.648	0.604		
3520	0.288	0.339	0.328	0.402	0.576	0.507	0.695	0.558	0.537	0.4	0.505	0.426	0.319	0.283	0.283	0.364	0.657	0.611	0.647	0.604		
3521	0.288	0.339	0.328	0.402	0.576	0.507	0.694	0.558	0.537	0.4	0.504	0.426	0.319	0.283	0.283	0.364	0.657	0.613	0.647	0.604		
3522	0.288	0.339	0.328	0.402	0.576	0.507	0.692	0.558	0.537	0.4	0.504	0.425	0.319	0.283	0.283	0.364	0.657	0.612	0.646	0.603		
3523	0.288	0.339	0.328	0.402	0.576	0.507	0.69	0.558	0.537	0.4	0.504	0.425	0.319	0.283	0.283	0.364	0.656	0.612	0.646	0.603		
3524	0.288	0.339	0.328	0.402	0.576	0.507	0.688	0.558	0.537	0.4	0.504	0.425	0.319	0.283	0.283	0.364	0.656	0.611	0.646	0.603		
3525	0.288	0.339	0.328	0.402	0.576	0.506	0.69	0.557	0.537	0.4	0.503	0.425	0.319	0.283	0.283	0.363	0.656	0.609	0.646	0.603		
3526	0.288	0.339	0.328	0.402	0.576	0.506	0.691	0.557	0.537	0.4	0.504	0.425	0.318	0.283	0.283	0.363	0.655	0.61	0.645	0.602		
3527	0.288	0.339	0.328	0.402	0.575	0.506	0.69	0.557	0.537	0.4	0.503	0.425	0.318	0.283	0.283	0.363	0.655	0.611	0.645	0.601		
3528	0.288	0.339	0.328	0.402	0.575	0.506	0.689	0.557	0.537	0.4	0.503	0.425	0.318	0.283	0.282	0.363	0.655	0.611	0.645	0.602		
3529	0.288	0.339	0.328	0.402	0.575	0.506	0.687	0.557	0.537	0.4	0.503	0.424	0.318	0.283	0.283	0.363	0.655	0.61	0.644	0.604		
3530	0.288	0.339	0.328	0.402	0.575	0.506	0.685	0.557	0.537	0.399	0.503	0.424	0.318	0.282	0.282	0.363	0.654	0.609	0.644	0.603		
3531	0.288	0.339	0.328	0.402	0.575	0.506	0.686	0.557	0.536	0.399	0.503	0.424	0.318	0.282	0.282	0.363	0.654	0.608	0.644	0.602		
3532	0.288	0.339	0.328	0.402	0.575	0.506	0.688	0.557	0.537	0.399	0.502	0.424	0.318	0.282	0.282	0.363	0.654	0.608	0.644	0.601		
3533	0.287	0.339	0.327	0.402	0.574	0.506	0.687	0.557	0.537	0.399	0.502	0.424	0.318	0.282	0.282	0.362	0.653	0.609	0.643	0.6		
3534	0.287	0.339	0.327	0.402	0.574	0.506	0.686	0.557	0.536	0.399	0.502	0.424	0.318	0.282	0.282	0.362	0.652	0.609	0.643	0.601		
3535	0.287	0.338	0.327	0.402	0.574	0.505	0.683	0.556	0.537	0.399	0.502	0.423	0.317	0.282	0.282	0.362	0.652	0.609	0.643	0.602		
3536	0.287	0.338	0.327	0.402	0.574	0.505	0.681	0.556	0.536	0.399	0.502	0.423	0.317	0.282	0.282	0.362	0.653	0.608	0.643	0.602		
3537	0.287	0.338	0.327	0.401	0.574	0.505	0.683	0.556	0.536	0.399	0.501	0.423	0.317	0.282	0.282	0.362	0.652	0.608	0.643	0.601		
3538	0.287	0.338	0.327	0.401	0.574	0.505	0.685	0.556	0.536	0.399	0.501	0.422	0.317	0.282	0.282	0.362	0.652	0.608	0.642	0.599		
3539	0.287	0.338	0.327	0.401	0.574	0.505	0.684	0.556	0.536	0.399	0.501	0.422	0.317	0.282	0.282	0.362	0.651	0.608	0.642	0.599		
3540	0.287	0.338	0.327	0.401	0.573	0.505	0.683	0.556	0.536	0.399	0.501	0.422	0.317	0.282	0.282	0.361	0.65	0.608	0.642	0.6		
3541	0.287	0.338	0.327	0.401	0.573	0.505	0.68	0.556	0.536	0.399	0.501	0.422	0.317	0.282	0.282	0.361	0.65	0.607	0.642	0.602		
3542	0.287	0.338	0.327	0.401	0.573	0.505	0.678	0.556	0.536	0.399	0.5	0.422	0.317	0.282	0.282	0.361	0.65	0.607	0.641	0.601		
3543	0.287	0.338	0.327	0.401	0.573	0.505	0.681	0.556	0.536	0.399	0.5	0.421	0.317	0.282	0.282	0.361	0.65	0.607	0.64	0.6		
3544	0.287	0.338	0.327	0.401	0.573	0.505	0.68	0.555	0.535	0.399	0.5	0.421	0.317	0.282	0.282	0.361	0.65	0.606	0.639	0.599		
3545	0.287	0.338	0.327	0.401	0.573	0.504	0.68	0.555	0.536	0.399	0.5	0.421	0.317	0.281	0.282	0.361	0.65	0.606	0.639	0.598		
3546	0.287	0.338	0.327	0.401	0.572	0.504	0.68	0.555	0.535	0.398	0.499	0.421	0.317	0.281	0.282	0.361	0.648	0.606	0.64	0.599		
3547	0.287	0.338	0.327	0.401	0.572	0.504	0.679	0.555	0.536	0.398	0.499	0.421	0.317	0.281	0.282	0.361	0.648	0.605	0.639	0.601		
3548	0.287	0.338	0.327	0.401	0.572	0.504	0.679	0.555	0.536	0.398	0.499	0.421	0.317	0.281	0.282	0.36	0.649	0.605	0.639	0.601		
3549	0.287	0.338	0.327	0.401	0.572	0.504	0.678	0.555	0.536	0.398	0.498	0.421	0.317	0.281	0.282	0.36	0.649	0.605	0.638	0.6		
3550	0.287	0.337	0.327	0.401	0.572	0.504	0.678	0.555	0.535	0.398	0.498	0.42	0.317	0.281	0.282	0.36	0.648	0.604	0.637	0.598		
3551	0.287	0.338	0.327	0.401	0.572	0.504	0.677	0.555	0.535	0.398	0.498	0.42	0.316	0.281	0.282	0.36	0.647	0.604	0.637	0.597		
3552	0.286	0.337	0.327	0.401	0.572	0.504	0.677	0.554	0.535	0.398	0.498	0.42	0.316	0.281	0.282	0.36	0.646	0.604	0.638	0.598		
3553	0.286	0.337	0.327	0.401	0.571	0.504	0.677	0.554	0.535	0.398	0.497	0.42	0.316	0.281	0.282	0.36	0.646	0.604	0.637	0.6		
3554	0.286	0.337	0.326	0.401	0.571	0.504	0.676	0.554	0.535	0.398	0.497	0.42	0.316	0.281	0.282	0.359	0.647	0.604	0.637	0.6		
3555	0.286	0.337	0.326	0.401	0.571	0.503	0.676	0.554	0.535	0.398	0.497	0.42	0.316	0.281	0.282	0.359	0.647	0.603	0.636	0.599		
3556	0.286	0.337	0.327	0.4	0.571	0.503	0.675	0.554	0.535	0.398	0.496	0.42	0.316	0.281	0.282	0.359	0.647	0.603	0.635	0.597		
3557	0.286	0.337	0.327	0.4	0.571	0.503	0.675	0.554	0.534	0.398	0.496	0.42	0.316	0.281	0.282	0.359	0.646	0.603	0.635	0.596		
3558	0.286	0.337	0.326	0.4	0.571	0.503	0.674	0.554	0.534	0.398	0.496	0.42	0.316	0.281	0.282	0.359	0.645	0.603	0.635	0.597		
3559	0.286	0.337	0.326	0.4	0.57	0.503	0.674	0.554	0.534	0.398	0.496	0.419	0.316	0.281	0.282	0.359	0.645	0.603	0.635	0.599		
3560	0.286	0.337	0.326	0.4	0.57	0.503	0.674	0.554	0.534	0.398	0.496	0.419	0.316	0.281	0.281	0.358	0.645	0.603	0.634	0.598		
3561	0.286	0.337	0.326	0.4	0.57	0.503	0.673	0.553	0.534	0.398	0.496	0.419	0.315	0.281	0.282	0.358	0.645	0.602	0.633	0.598		
3562	0.286	0.337	0.326	0.399	0.57	0.503	0.673	0.553	0.534	0.397	0.495	0.419	0.315	0.281	0.281	0.358	0.644	0.602	0.633	0.596		
3563	0.286	0.337	0.326	0.399	0.57	0.502	0.672	0.553	0.534	0.397	0.495	0.419	0.315	0.281	0.282	0.358	0.644	0.602	0.633	0.595		
3564	0.286	0.336	0.326	0.4	0.57	0.502	0.672	0.553	0.534	0.397	0.495	0.419	0.315	0.281	0.281	0.358	0.643	0.602	0.633	0.596		
3565	0.286	0.337	0.326	0.399	0.57	0.502	0.671	0.553	0.534	0.397	0.495	0.419	0.315	0.281	0.281	0.358	0.642	0.602	0.633	0.597		
3566	0.286	0.337	0.326	0.399	0.569	0.502	0.671	0.553	0.534	0.397	0.495	0.419	0.315	0.281	0.281	0.358	0.643	0.601	0.632	0.597		
3567	0.286	0.337	0.326	0.399	0.569	0.502	0.67	0.553	0.533	0.397	0.495	0.418	0.315	0.281	0.281	0.358	0.643	0.601	0.631	0.596		
3568	0.286	0.337	0.326	0.399	0.569	0.502	0.67	0.553	0.533	0.396	0.495	0.418	0.315	0.281	0.281	0.358	0.642	0.601	0.631	0.594		
3569	0.286	0.337	0.326	0.399	0.569	0.502	0.669	0.553	0.533	0.397	0.495	0.418	0.314	0.28	0.281	0.357	0.642	0.601	0.631	0.594		
3570	0.286	0.336	0.326	0.399	0.569	0.502	0.669	0.553	0.533	0.396	0.494	0.418	0.313	0.281	0.281	0.357	0.641	0.6	0.631	0.595		
3571	0.285	0.336	0.326	0.399	0.569	0.502	0.669	0.552	0.533	0.396	0.494	0.418	0.313	0.28	0.281	0.357	0.641	0.6	0.63	0.596		
3572	0.286	0.336	0.326	0.398	0.568	0.502	0.668	0.552	0.533	0.396	0.494	0.418	0.315	0.28	0.281	0.357	0.641	0.6	0.63	0.596		
3573	0.286	0.336	0.326	0.399	0.568	0.502	0.668	0.552	0.533	0.396	0.493	0.417	0.315	0.28	0.281	0.357	0.641	0.6	0.629	0.595		
3574	0.286	0.336	0.326	0.399	0.568	0.501	0.667	0.552	0.533	0.396	0.493	0.417	0.314	0.28	0.281	0.357	0.64	0.599	0.628	0.594		
3575	0.285	0.336	0.326	0.398	0.568	0.501	0.667	0.552	0.533	0.396	0.493	0.417	0.314	0.28	0.281	0.357	0.639	0.599	0.629	0.592		
3576	0.285	0.336	0.326	0.399	0.568	0.501	0.666	0.552	0.532	0.396	0.493	0.417	0.313	0.28	0.281	0.356	0.638	0.599	0.629	0.593		
3577	0.285	0.336	0.326	0.399	0.568	0.501	0.666	0.552	0.532	0.396	0.492	0.417	0.313	0.28	0.281	0.356	0.638	0.599	0.628	0.594		
3578	0.285	0.336	0.326	0.398	0.567	0.501	0.665	0.552	0.532	0.396	0.492	0.417	0.314	0.28	0.28	0.356	0.638	0.598	0.628	0.594		
3579	0.285	0.336	0.326	0.398	0.567	0.501	0.665	0.552	0.532	0.395	0.492	0.417	0.314	0.28	0.28	0.356	0.639	0.598	0.627	0.593		
3580	0.285	0.336	0.326	0.398	0.567	0.501	0.664	0.552	0.532	0.395	0.492	0.416	0.314	0.28	0.28	0.356	0.638	0.598	0.626	0.592		
3581	0.285	0.336	0.325	0.398	0.567	0.501	0.664	0.552	0.532	0.395	0.491	0.416	0.313	0.28	0.28	0.355	0.638	0.598	0.626	0.59		
3582	0.285	0.336	0.326	0.398	0.567	0.5	0.663	0.551	0.532	0.395	0.491	0.416	0.312	0.28	0.28	0.355	0.636	0.598	0.627	0.591		
3583	0.285	0.336	0.325	0.398	0.567	0.5	0.663	0.551	0.532	0.395	0.491	0.416	0.312	0.279	0.28	0.355	0.636	0.598	0.627	0.592		
3584	0.285	0.336	0.325	0.398	0.567	0.5	0.662	0.551	0.532	0.395	0.49	0.416	0.313	0.28	0.28	0.355	0.637	0.597	0.626	0.592		
3585	0.285	0.336	0.325	0.398	0.567	0.5	0.662	0.551	0.532	0.395	0.49	0.416	0.314	0.279	0.28	0.355	0.637	0.597	0.625	0.591		
3586	0.285	0.336	0.325	0.398	0.566	0.5	0.661	0.551	0.532	0.394	0.49	0.416	0.313	0.279	0.28	0.355	0.636	0.597	0.625	0.591		
3587	0.285	0.336	0.325	0.398	0.566	0.5	0.661	0.551	0.532	0.394	0.49	0.416	0.313	0.279	0.28	0.355	0.636	0.597	0.625	0.59		
3588	0.285	0.335	0.325	0.398	0.566	0.5	0.66	0.551	0.532	0.394	0.49	0.415	0.311	0.279	0.28	0.354	0.635	0.597	0.625	0.59		
3589	0.285	0.335	0.325	0.398	0.566	0.5	0.66	0.551	0.532	0.394	0.49	0.415	0.311	0.279	0.28	0.354	0.634	0.597	0.625	0.59		
3590	0.285	0.335	0.325	0.398	0.566	0.5	0.659	0.551	0.532	0.394	0.489	0.415	0.313	0.279	0.28	0.354	0.635	0.596	0.625	0.59		
3591	0.285	0.335	0.325	0.397	0.566	0.5	0.659	0.55	0.532	0.394	0.489	0.415	0.313	0.279	0.28	0.354	0.634	0.596	0.624	0.59		
3592	0.285	0.335	0.325	0.398	0.566	0.5	0.658	0.55	0.532	0.394	0.489	0.415	0.312	0.279	0.28	0.354	0.634	0.596	0.623	0.589		
3593	0.285	0.335	0.325	0.397	0.566	0.5	0.658	0.55	0.532	0.393	0.489	0.415	0.312	0.279	0.28	0.354	0.634	0.596	0.623	0.589		
3594	0.285	0.335	0.325	0.397	0.565	0.5	0.657	0.55	0.532	0.393	0.489	0.415	0.311	0.279	0.28	0.353	0.634	0.595	0.624	0.589		
3595	0.285	0.335	0.325	0.397	0.565	0.499	0.656	0.55	0.532	0.393	0.488	0.415	0.311	0.279	0.28	0.353	0.633	0.595	0.624	0.589		
3596	0.285	0.335	0.325	0.397	0.565	0.499	0.656	0.55	0.532	0.393	0.488	0.415	0.312	0.279	0.28	0.353	0.633	0.595	0.623	0.589		
3597	0.285	0.335	0.325	0.397	0.565	0.499	0.656	0.549	0.532	0.393	0.488	0.415	0.312	0.279	0.28	0.353	0.632	0.595	0.622	0.589		
3598	0.285	0.335	0.325	0.397	0.565	0.499	0.655	0.549	0.531	0.393	0.488	0.414	0.312	0.278	0.28	0.353	0.632	0.595	0.622	0.588		
3599	0.285	0.335	0.325	0.397	0.565	0.499	0.655	0.549	0.531	0.393	0.488	0.414	0.311	0.278	0.28	0.353	0.632	0.594	0.622	0.588		
3600	0.284	0.335	0.325	0.397	0.565	0.499	0.654	0.549	0.531	0.392	0.487	0.414	0.31	0.278	0.28	0.353	0.632	0.594	0.622	0.588		
3601	0.285	0.334	0.324	0.397	0.565	0.499	0.654	0.549	0.531	0.393	0.487	0.414	0.31	0.278	0.28	0.353	0.631	0.594	0.621	0.588		
3602	0.284	0.334	0.324	0.397	0.565	0.499	0.653	0.549	0.53	0.393	0.487	0.414	0.311	0.278	0.28	0.353	0.631	0.594	0.621	0.588		
3603	0.284	0.334	0.324	0.397	0.565	0.498	0.653	0.549	0.53	0.393	0.487	0.414	0.311	0.278	0.28	0.353	0.63	0.593	0.621	0.588		
3604	0.284	0.334	0.324	0.397	0.565	0.498	0.652	0.549	0.53	0.392	0.486	0.414	0.311	0.278	0.28	0.352	0.63	0.593	0.62	0.587		
3605	0.284	0.334	0.324	0.397	0.564	0.498	0.652	0.549	0.53	0.392	0.486	0.413	0.31	0.278	0.28	0.352	0.63	0.593	0.62	0.587		
3606	0.284	0.334	0.324	0.396	0.564	0.498	0.652	0.549	0.53	0.392	0.486	0.413	0.309	0.278	0.28	0.352	0.63	0.593	0.62	0.587		
3607	0.284	0.334	0.324	0.396	0.564	0.498	0.651	0.549	0.529	0.392	0.486	0.413	0.309	0.278	0.28	0.352	0.629	0.592	0.62	0.587		
3608	0.284	0.334	0.324	0.396	0.564	0.498	0.649	0.549	0.529	0.393	0.486	0.413	0.311	0.278	0.28	0.352	0.629	0.592	0.619	0.587		
3609	0.284	0.334	0.324	0.396	0.564	0.498	0.649	0.549	0.529	0.393	0.485	0.413	0.311	0.278	0.28	0.352	0.629	0.592	0.619	0.587		
3610	0.284	0.334	0.324	0.396	0.564	0.498	0.65	0.549	0.529	0.393	0.485	0.413	0.31	0.278	0.28	0.351	0.629	0.591	0.619	0.586		
3611	0.284	0.334	0.324	0.396	0.564	0.498	0.65	0.549	0.529	0.392	0.485	0.413	0.31	0.278	0.28	0.351	0.628	0.591	0.619	0.586		
3612	0.284	0.334	0.324	0.396	0.564	0.497	0.649	0.548	0.529	0.392	0.485	0.412	0.309	0.278	0.28	0.351	0.628	0.59	0.618	0.586		
3613	0.284	0.333	0.324	0.396	0.563	0.497	0.648	0.548	0.529	0.393	0.485	0.412	0.309	0.278	0.28	0.351	0.628	0.59	0.618	0.586		
3614	0.284	0.334	0.324	0.396	0.563	0.497	0.647	0.548	0.528	0.393	0.485	0.412	0.31	0.278	0.28	0.351	0.627	0.59	0.618	0.585		
3615	0.284	0.333	0.323	0.396	0.563	0.497	0.647	0.548	0.528	0.392	0.484	0.412	0.31	0.278	0.28	0.35	0.627	0.59	0.618	0.585		
3616	0.284	0.333	0.323	0.396	0.563	0.497	0.648	0.548	0.528	0.392	0.484	0.412	0.31	0.278	0.28	0.35	0.627	0.59	0.617	0.585		
3617	0.284	0.333	0.323	0.396	0.563	0.497	0.648	0.548	0.528	0.392	0.484	0.412	0.309	0.278	0.28	0.35	0.626	0.59	0.617	0.585		
3618	0.284	0.333	0.323	0.396	0.563	0.497	0.647	0.548	0.528	0.392	0.484	0.412	0.308	0.278	0.28	0.35	0.626	0.589	0.617	0.585		
3619	0.284	0.333	0.323	0.396	0.563	0.497	0.646	0.548	0.528	0.392	0.484	0.412	0.308	0.278	0.28	0.35	0.626	0.589	0.617	0.585		
3620	0.284	0.333	0.323	0.395	0.562	0.496	0.644	0.548	0.528	0.392	0.483	0.412	0.31	0.278	0.28	0.35	0.626	0.589	0.617	0.584		
3621	0.284	0.333	0.323	0.396	0.562	0.496	0.644	0.548	0.528	0.392	0.483	0.411	0.31	0.278	0.28	0.35	0.626	0.589	0.616	0.584		
3622	0.284	0.333	0.323	0.395	0.562	0.496	0.645	0.548	0.528	0.392	0.483	0.411	0.31	0.278	0.28	0.35	0.625	0.589	0.616	0.584		
3623	0.284	0.332	0.323	0.396	0.562	0.496	0.645	0.547	0.528	0.392	0.483	0.411	0.309	0.278	0.28	0.349	0.625	0.589	0.616	0.584		
3624	0.284	0.332	0.323	0.395	0.562	0.496	0.644	0.547	0.528	0.392	0.483	0.411	0.308	0.278	0.279	0.349	0.625	0.589	0.615	0.584		
3625	0.284	0.332	0.323	0.395	0.562	0.496	0.643	0.547	0.528	0.391	0.483	0.411	0.308	0.277	0.279	0.349	0.624	0.589	0.615	0.584		
3626	0.284	0.332	0.323	0.395	0.562	0.495	0.642	0.547	0.527	0.391	0.483	0.411	0.309	0.277	0.279	0.349	0.624	0.589	0.615	0.584		
3627	0.284	0.332	0.323	0.395	0.562	0.495	0.641	0.547	0.527	0.391	0.482	0.41	0.309	0.277	0.28	0.349	0.624	0.589	0.615	0.584		
3628	0.284	0.332	0.323	0.395	0.561	0.495	0.643	0.547	0.527	0.391	0.482	0.41	0.308	0.277	0.28	0.349	0.624	0.588	0.614	0.584		
3629	0.284	0.332	0.323	0.395	0.561	0.495	0.642	0.547	0.527	0.391	0.482	0.41	0.308	0.277	0.279	0.348	0.623	0.588	0.614	0.584		
3630	0.284	0.332	0.323	0.395	0.561	0.495	0.642	0.547	0.526	0.391	0.482	0.41	0.308	0.277	0.279	0.349	0.623	0.588	0.614	0.584		
3631	0.283	0.332	0.323	0.395	0.561	0.495	0.641	0.547	0.527	0.391	0.482	0.41	0.308	0.277	0.279	0.348	0.622	0.588	0.613	0.584		
3632	0.284	0.332	0.323	0.395	0.561	0.495	0.639	0.547	0.526	0.391	0.482	0.41	0.308	0.277	0.279	0.348	0.622	0.588	0.613	0.583		
3633	0.283	0.332	0.323	0.395	0.561	0.494	0.639	0.547	0.526	0.391	0.481	0.41	0.308	0.277	0.279	0.348	0.622	0.587	0.613	0.583		
3634	0.284	0.332	0.323	0.395	0.56	0.494	0.64	0.546	0.526	0.391	0.481	0.409	0.308	0.277	0.279	0.348	0.622	0.587	0.613	0.583		
3635	0.284	0.332	0.323	0.395	0.56	0.494	0.64	0.546	0.526	0.391	0.481	0.409	0.308	0.277	0.279	0.347	0.621	0.587	0.612	0.583		
3636	0.284	0.332	0.323	0.395	0.56	0.494	0.639	0.546	0.526	0.39	0.481	0.409	0.308	0.277	0.279	0.347	0.621	0.586	0.612	0.583		
3637	0.284	0.332	0.323	0.395	0.56	0.494	0.639	0.546	0.526	0.39	0.481	0.409	0.308	0.276	0.279	0.347	0.62	0.586	0.612	0.582		
3638	0.284	0.331	0.323	0.395	0.56	0.494	0.637	0.546	0.526	0.391	0.481	0.409	0.308	0.277	0.279	0.347	0.62	0.586	0.612	0.582		
3639	0.283	0.331	0.323	0.395	0.559	0.494	0.637	0.546	0.525	0.39	0.481	0.409	0.308	0.276	0.279	0.347	0.62	0.586	0.611	0.582		
3640	0.283	0.331	0.323	0.395	0.559	0.494	0.638	0.546	0.526	0.39	0.481	0.409	0.308	0.277	0.279	0.347	0.619	0.586	0.611	0.581		
3641	0.283	0.331	0.322	0.395	0.559	0.494	0.638	0.546	0.525	0.39	0.48	0.409	0.308	0.276	0.279	0.347	0.619	0.585	0.611	0.581		
3642	0.283	0.331	0.322	0.395	0.559	0.494	0.637	0.546	0.525	0.39	0.48	0.409	0.307	0.276	0.279	0.347	0.619	0.585	0.611	0.581		
3643	0.284	0.331	0.322	0.395	0.559	0.494	0.637	0.545	0.525	0.39	0.48	0.409	0.307	0.276	0.279	0.346	0.618	0.585	0.611	0.581		
3644	0.284	0.331	0.322	0.395	0.559	0.494	0.635	0.545	0.525	0.39	0.48	0.408	0.307	0.276	0.279	0.346	0.618	0.585	0.611	0.581		
3645	0.283	0.331	0.322	0.395	0.559	0.494	0.635	0.545	0.525	0.39	0.48	0.408	0.307	0.276	0.279	0.346	0.618	0.585	0.61	0.581		
3646	0.283	0.331	0.322	0.395	0.559	0.493	0.636	0.545	0.525	0.39	0.48	0.408	0.307	0.276	0.279	0.346	0.618	0.585	0.61	0.581		
3647	0.283	0.331	0.322	0.395	0.559	0.493	0.636	0.545	0.525	0.39	0.48	0.408	0.307	0.276	0.279	0.346	0.618	0.585	0.61	0.58		
3648	0.283	0.331	0.322	0.395	0.559	0.493	0.635	0.545	0.525	0.39	0.479	0.408	0.307	0.276	0.279	0.346	0.618	0.585	0.61	0.58		
3649	0.284	0.331	0.322	0.395	0.559	0.493	0.635	0.545	0.525	0.39	0.479	0.408	0.307	0.276	0.279	0.346	0.618	0.585	0.609	0.58		
3650	0.284	0.331	0.322	0.396	0.559	0.493	0.633	0.545	0.525	0.389	0.479	0.408	0.307	0.276	0.279	0.346	0.617	0.585	0.609	0.581		
3651	0.283	0.331	0.322	0.395	0.559	0.493	0.633	0.545	0.525	0.389	0.479	0.407	0.307	0.276	0.279	0.346	0.617	0.584	0.609	0.58		
3652	0.282	0.331	0.322	0.395	0.558	0.493	0.634	0.545	0.525	0.389	0.478	0.407	0.306	0.276	0.279	0.346	0.617	0.584	0.609	0.58		
3653	0.282	0.33	0.322	0.395	0.558	0.493	0.634	0.545	0.525	0.389	0.478	0.407	0.306	0.276	0.279	0.345	0.617	0.584	0.608	0.578		
3654	0.283	0.33	0.322	0.395	0.558	0.493	0.633	0.545	0.525	0.389	0.478	0.407	0.306	0.276	0.279	0.345	0.615	0.584	0.608	0.578		
3655	0.283	0.33	0.321	0.395	0.558	0.492	0.633	0.546	0.525	0.389	0.477	0.407	0.306	0.276	0.279	0.345	0.614	0.584	0.608	0.58		
3656	0.283	0.33	0.322	0.395	0.558	0.492	0.631	0.546	0.525	0.389	0.477	0.407	0.306	0.276	0.279	0.345	0.615	0.584	0.608	0.58		
3657	0.282	0.33	0.321	0.395	0.558	0.492	0.63	0.546	0.525	0.389	0.477	0.407	0.306	0.276	0.279	0.345	0.616	0.584	0.607	0.579		
3658	0.282	0.33	0.321	0.395	0.557	0.492	0.632	0.545	0.525	0.389	0.477	0.406	0.306	0.276	0.279	0.345	0.616	0.583	0.607	0.579		
3659	0.282	0.33	0.321	0.395	0.557	0.492	0.632	0.545	0.525	0.389	0.477	0.406	0.306	0.276	0.278	0.345	0.615	0.583	0.607	0.577		
3660	0.282	0.33	0.321	0.395	0.557	0.492	0.631	0.546	0.525	0.389	0.477	0.406	0.306	0.276	0.279	0.345	0.613	0.583	0.607	0.577		
3661	0.283	0.33	0.321	0.395	0.557	0.492	0.63	0.546	0.525	0.389	0.476	0.406	0.306	0.276	0.279	0.345	0.612	0.583	0.607	0.578		
3662	0.283	0.33	0.321	0.395	0.557	0.491	0.629	0.545	0.525	0.389	0.476	0.406	0.306	0.275	0.279	0.344	0.613	0.583	0.607	0.579		
3663	0.282	0.33	0.321	0.395	0.557	0.492	0.628	0.546	0.524	0.389	0.476	0.406	0.305	0.275	0.279	0.344	0.614	0.583	0.606	0.578		
3664	0.282	0.33	0.321	0.394	0.557	0.491	0.63	0.545	0.524	0.389	0.475	0.406	0.305	0.276	0.278	0.344	0.614	0.583	0.605	0.577		
3665	0.282	0.33	0.321	0.394	0.556	0.491	0.63	0.545	0.524	0.389	0.475	0.406	0.305	0.275	0.279	0.344	0.613	0.583	0.605	0.576		
3666	0.282	0.329	0.321	0.394	0.556	0.491	0.629	0.545	0.524	0.389	0.475	0.405	0.305	0.275	0.278	0.344	0.612	0.583	0.606	0.576		
3667	0.283	0.33	0.321	0.394	0.556	0.491	0.628	0.545	0.524	0.388	0.475	0.405	0.305	0.275	0.278	0.344	0.611	0.582	0.607	0.577		
3668	0.283	0.329	0.321	0.394	0.556	0.491	0.628	0.545	0.524	0.388	0.475	0.405	0.305	0.275	0.278	0.344	0.612	0.582	0.606	0.578		
3669	0.282	0.33	0.321	0.394	0.556	0.491	0.628	0.545	0.524	0.388	0.474	0.405	0.305	0.275	0.278	0.343	0.613	0.582	0.605	0.577		
3670	0.282	0.329	0.321	0.394	0.556	0.491	0.627	0.545	0.524	0.388	0.474	0.405	0.305	0.275	0.278	0.343	0.613	0.582	0.604	0.576		
3671	0.282	0.329	0.321	0.394	0.555	0.491	0.627	0.545	0.524	0.388	0.474	0.405	0.305	0.275	0.278	0.343	0.612	0.582	0.604	0.575		
3672	0.282	0.329	0.321	0.394	0.555	0.491	0.627	0.545	0.524	0.388	0.474	0.405	0.305	0.275	0.278	0.343	0.611	0.581	0.606	0.574		
3673	0.282	0.329	0.321	0.394	0.555	0.491	0.626	0.544	0.523	0.388	0.473	0.405	0.304	0.275	0.278	0.343	0.61	0.581	0.606	0.575		
3674	0.282	0.329	0.321	0.394	0.555	0.491	0.626	0.544	0.523	0.388	0.473	0.404	0.304	0.275	0.278	0.343	0.61	0.581	0.606	0.576		
3675	0.281	0.329	0.321	0.394	0.555	0.491	0.626	0.544	0.523	0.388	0.473	0.404	0.304	0.275	0.278	0.343	0.611	0.58	0.605	0.575		
3676	0.281	0.329	0.321	0.393	0.555	0.49	0.625	0.544	0.523	0.388	0.473	0.404	0.304	0.275	0.278	0.343	0.611	0.58	0.603	0.575		
3677	0.281	0.329	0.321	0.393	0.555	0.491	0.625	0.544	0.523	0.388	0.473	0.404	0.304	0.275	0.278	0.343	0.61	0.58	0.603	0.573		
3678	0.281	0.329	0.321	0.393	0.555	0.49	0.625	0.543	0.523	0.388	0.473	0.404	0.304	0.275	0.278	0.342	0.609	0.58	0.605	0.573		
3679	0.282	0.329	0.32	0.393	0.554	0.49	0.624	0.543	0.523	0.388	0.472	0.403	0.304	0.275	0.278	0.342	0.608	0.58	0.605	0.574		
3680	0.282	0.329	0.32	0.393	0.554	0.49	0.624	0.543	0.523	0.388	0.472	0.403	0.304	0.274	0.279	0.342	0.609	0.579	0.604	0.575		
3681	0.281	0.329	0.32	0.393	0.554	0.49	0.623	0.543	0.523	0.387	0.472	0.403	0.304	0.275	0.278	0.342	0.61	0.579	0.604	0.574		
3682	0.281	0.328	0.32	0.393	0.554	0.49	0.623	0.543	0.523	0.388	0.472	0.403	0.304	0.274	0.279	0.342	0.61	0.579	0.602	0.573		
3683	0.281	0.329	0.32	0.393	0.554	0.49	0.623	0.543	0.523	0.388	0.471	0.403	0.304	0.274	0.278	0.342	0.609	0.579	0.602	0.572		
3684	0.281	0.329	0.32	0.393	0.554	0.49	0.623	0.543	0.523	0.388	0.471	0.403	0.304	0.274	0.279	0.342	0.608	0.578	0.603	0.572		
3685	0.282	0.328	0.32	0.393	0.553	0.49	0.622	0.542	0.522	0.388	0.471	0.402	0.304	0.274	0.279	0.341	0.606	0.578	0.604	0.573		
3686	0.282	0.328	0.32	0.393	0.553	0.49	0.622	0.542	0.522	0.387	0.471	0.402	0.304	0.274	0.278	0.341	0.607	0.578	0.603	0.573		
3687	0.281	0.328	0.32	0.393	0.553	0.489	0.622	0.542	0.522	0.387	0.471	0.402	0.304	0.274	0.279	0.341	0.608	0.578	0.603	0.573		
3688	0.281	0.328	0.32	0.393	0.553	0.489	0.622	0.542	0.522	0.387	0.471	0.402	0.304	0.274	0.278	0.341	0.608	0.578	0.601	0.573		
3689	0.281	0.328	0.32	0.393	0.553	0.489	0.621	0.542	0.522	0.387	0.471	0.402	0.303	0.274	0.278	0.341	0.607	0.578	0.601	0.571		
3690	0.281	0.328	0.32	0.393	0.553	0.489	0.621	0.542	0.522	0.387	0.47	0.402	0.304	0.274	0.278	0.341	0.606	0.577	0.602	0.571		
3691	0.281	0.328	0.32	0.393	0.553	0.489	0.621	0.542	0.521	0.387	0.47	0.402	0.303	0.274	0.278	0.341	0.605	0.577	0.603	0.572		
3692	0.282	0.328	0.32	0.393	0.552	0.489	0.621	0.542	0.521	0.387	0.47	0.402	0.303	0.274	0.278	0.341	0.606	0.577	0.602	0.573		
3693	0.281	0.328	0.32	0.392	0.552	0.489	0.62	0.541	0.521	0.387	0.47	0.402	0.303	0.274	0.278	0.34	0.607	0.577	0.601	0.572		
3694	0.28	0.328	0.319	0.392	0.552	0.489	0.62	0.541	0.521	0.387	0.47	0.401	0.303	0.274	0.278	0.34	0.607	0.577	0.6	0.572		
3695	0.28	0.328	0.319	0.393	0.552	0.489	0.62	0.541	0.521	0.387	0.47	0.401	0.303	0.274	0.278	0.34	0.606	0.577	0.599	0.571		
3696	0.281	0.328	0.319	0.392	0.552	0.489	0.62	0.541	0.521	0.387	0.469	0.401	0.303	0.274	0.278	0.34	0.605	0.576	0.601	0.57		
3697	0.281	0.328	0.319	0.392	0.552	0.489	0.619	0.541	0.521	0.387	0.469	0.401	0.303	0.274	0.278	0.34	0.604	0.576	0.601	0.571		
3698	0.281	0.328	0.319	0.392	0.552	0.488	0.619	0.541	0.521	0.387	0.469	0.401	0.303	0.274	0.278	0.34	0.604	0.576	0.601	0.572		
3699	0.28	0.327	0.319	0.392	0.552	0.488	0.619	0.541	0.521	0.387	0.469	0.401	0.303	0.274	0.278	0.34	0.605	0.576	0.6	0.572		
3700	0.281	0.327	0.319	0.392	0.552	0.488	0.619	0.541	0.521	0.387	0.468	0.401	0.303	0.274	0.278	0.34	0.605	0.576	0.599	0.571		
3701	0.28	0.327	0.319	0.392	0.552	0.488	0.618	0.541	0.521	0.387	0.468	0.4	0.303	0.274	0.277	0.339	0.604	0.576	0.598	0.57		
3702	0.28	0.327	0.319	0.392	0.552	0.488	0.618	0.54	0.521	0.387	0.468	0.4	0.303	0.274	0.277	0.339	0.603	0.576	0.599	0.569		
3703	0.28	0.327	0.319	0.392	0.551	0.488	0.618	0.54	0.521	0.386	0.468	0.4	0.303	0.274	0.277	0.339	0.602	0.575	0.6	0.571		
3704	0.28	0.326	0.319	0.392	0.551	0.488	0.618	0.54	0.521	0.386	0.468	0.4	0.303	0.274	0.277	0.339	0.602	0.575	0.599	0.571		
3705	0.28	0.327	0.319	0.392	0.551	0.488	0.617	0.54	0.521	0.386	0.467	0.4	0.303	0.274	0.277	0.339	0.604	0.575	0.598	0.571		
3706	0.28	0.328	0.319	0.392	0.551	0.488	0.617	0.54	0.521	0.386	0.467	0.4	0.302	0.274	0.277	0.339	0.604	0.575	0.597	0.57		
3707	0.28	0.328	0.319	0.392	0.551	0.488	0.617	0.54	0.521	0.386	0.467	0.399	0.302	0.274	0.277	0.339	0.603	0.575	0.596	0.569		
3708	0.28	0.327	0.319	0.392	0.55	0.488	0.617	0.54	0.521	0.386	0.467	0.399	0.302	0.274	0.277	0.339	0.602	0.575	0.598	0.568		
3709	0.28	0.327	0.319	0.392	0.549	0.487	0.616	0.54	0.521	0.386	0.467	0.399	0.302	0.273	0.277	0.339	0.601	0.575	0.599	0.57		
3710	0.28	0.326	0.319	0.392	0.55	0.487	0.616	0.539	0.521	0.386	0.466	0.399	0.302	0.273	0.277	0.339	0.601	0.575	0.598	0.57		
3711	0.28	0.327	0.319	0.392	0.551	0.487	0.616	0.539	0.521	0.386	0.466	0.399	0.302	0.273	0.277	0.339	0.603	0.575	0.597	0.57		
3712	0.28	0.327	0.319	0.392	0.55	0.487	0.615	0.539	0.52	0.386	0.466	0.399	0.302	0.273	0.277	0.338	0.603	0.575	0.596	0.569		
3713	0.28	0.327	0.318	0.392	0.55	0.487	0.615	0.539	0.52	0.386	0.466	0.399	0.302	0.273	0.277	0.338	0.602	0.575	0.595	0.569		
3714	0.28	0.327	0.318	0.392	0.549	0.487	0.615	0.539	0.52	0.386	0.466	0.399	0.302	0.273	0.277	0.338	0.601	0.574	0.596	0.569		
3715	0.28	0.326	0.318	0.391	0.548	0.487	0.615	0.539	0.52	0.385	0.466	0.399	0.302	0.273	0.277	0.338	0.601	0.574	0.597	0.569		
3716	0.28	0.326	0.318	0.391	0.549	0.487	0.614	0.539	0.52	0.386	0.466	0.398	0.302	0.273	0.277	0.338	0.601	0.574	0.597	0.568		
3717	0.28	0.326	0.318	0.391	0.55	0.487	0.614	0.539	0.52	0.385	0.466	0.398	0.302	0.273	0.277	0.338	0.601	0.574	0.596	0.568		
3718	0.28	0.327	0.318	0.391	0.55	0.487	0.614	0.539	0.52	0.385	0.466	0.398	0.302	0.273	0.277	0.338	0.6	0.573	0.595	0.568		
3719	0.28	0.327	0.318	0.391	0.549	0.487	0.614	0.539	0.52	0.385	0.465	0.398	0.302	0.273	0.277	0.337	0.6	0.573	0.594	0.568		
3720	0.28	0.326	0.318	0.391	0.548	0.487	0.613	0.539	0.52	0.385	0.465	0.398	0.301	0.273	0.276	0.337	0.6	0.573	0.595	0.568		
3721	0.28	0.326	0.318	0.391	0.547	0.487	0.613	0.539	0.519	0.385	0.465	0.398	0.302	0.273	0.276	0.337	0.6	0.573	0.596	0.568		
3722	0.28	0.325	0.318	0.391	0.548	0.487	0.613	0.539	0.519	0.385	0.465	0.398	0.301	0.273	0.276	0.337	0.6	0.573	0.595	0.567		
3723	0.28	0.326	0.318	0.391	0.549	0.487	0.612	0.539	0.519	0.385	0.465	0.398	0.301	0.273	0.276	0.337	0.599	0.573	0.594	0.567		
3724	0.28	0.327	0.318	0.391	0.549	0.487	0.612	0.539	0.519	0.385	0.464	0.398	0.301	0.273	0.276	0.337	0.599	0.572	0.594	0.567		
3725	0.28	0.326	0.318	0.391	0.548	0.486	0.612	0.539	0.519	0.385	0.464	0.398	0.301	0.273	0.276	0.337	0.599	0.572	0.594	0.567		
3726	0.28	0.326	0.318	0.391	0.547	0.486	0.612	0.539	0.519	0.385	0.464	0.397	0.301	0.273	0.276	0.337	0.599	0.573	0.594	0.567		
3727	0.28	0.325	0.318	0.391	0.547	0.486	0.612	0.538	0.519	0.385	0.464	0.397	0.301	0.273	0.276	0.337	0.599	0.573	0.593	0.567		
3728	0.28	0.325	0.318	0.391	0.547	0.486	0.611	0.538	0.519	0.385	0.464	0.397	0.301	0.273	0.276	0.336	0.598	0.572	0.593	0.566		
3729	0.279	0.326	0.318	0.391	0.548	0.486	0.611	0.538	0.519	0.385	0.464	0.397	0.301	0.273	0.276	0.336	0.598	0.572	0.593	0.566		
3730	0.279	0.326	0.318	0.39	0.548	0.486	0.61	0.538	0.519	0.385	0.463	0.397	0.301	0.273	0.276	0.336	0.598	0.571	0.593	0.566		
3731	0.28	0.326	0.318	0.39	0.547	0.486	0.61	0.538	0.519	0.385	0.463	0.397	0.301	0.273	0.276	0.336	0.598	0.571	0.593	0.566		
3732	0.279	0.326	0.318	0.391	0.546	0.486	0.612	0.538	0.519	0.385	0.463	0.397	0.301	0.273	0.276	0.336	0.597	0.571	0.592	0.566		
3733	0.279	0.325	0.318	0.391	0.545	0.486	0.61	0.538	0.519	0.384	0.462	0.397	0.301	0.273	0.276	0.336	0.597	0.572	0.592	0.566		
3734	0.279	0.325	0.318	0.39	0.546	0.486	0.609	0.538	0.519	0.384	0.462	0.397	0.3	0.273	0.276	0.336	0.597	0.571	0.592	0.566		
3735	0.279	0.326	0.317	0.39	0.547	0.486	0.609	0.538	0.519	0.384	0.462	0.396	0.3	0.273	0.276	0.336	0.597	0.571	0.592	0.566		
3736	0.279	0.326	0.318	0.39	0.547	0.485	0.609	0.538	0.518	0.384	0.462	0.396	0.3	0.273	0.276	0.336	0.597	0.57	0.592	0.565		
3737	0.279	0.326	0.317	0.39	0.546	0.485	0.608	0.538	0.518	0.384	0.462	0.396	0.3	0.273	0.276	0.335	0.597	0.57	0.592	0.565		
3738	0.279	0.326	0.317	0.39	0.546	0.485	0.608	0.538	0.518	0.384	0.461	0.396	0.3	0.273	0.275	0.335	0.596	0.57	0.592	0.565		
3739	0.279	0.325	0.317	0.39	0.545	0.485	0.608	0.538	0.518	0.384	0.461	0.396	0.3	0.273	0.275	0.335	0.596	0.57	0.592	0.565		
3740	0.279	0.325	0.317	0.39	0.546	0.485	0.608	0.539	0.518	0.384	0.461	0.396	0.3	0.273	0.275	0.335	0.596	0.57	0.591	0.564		
3741	0.279	0.325	0.317	0.39	0.546	0.485	0.607	0.538	0.517	0.384	0.461	0.396	0.3	0.273	0.275	0.335	0.596	0.569	0.591	0.564		
3742	0.279	0.326	0.317	0.39	0.546	0.485	0.607	0.538	0.518	0.384	0.461	0.396	0.3	0.273	0.275	0.335	0.595	0.568	0.591	0.564		
3743	0.279	0.326	0.317	0.39	0.546	0.484	0.607	0.538	0.517	0.384	0.461	0.396	0.3	0.273	0.275	0.334	0.595	0.568	0.591	0.564		
3744	0.279	0.326	0.317	0.39	0.545	0.484	0.607	0.539	0.517	0.383	0.46	0.396	0.3	0.273	0.275	0.334	0.595	0.569	0.591	0.564		
3745	0.279	0.325	0.317	0.39	0.544	0.484	0.606	0.539	0.517	0.383	0.46	0.396	0.299	0.273	0.275	0.334	0.594	0.569	0.591	0.564		
3746	0.279	0.324	0.317	0.39	0.545	0.484	0.606	0.538	0.517	0.383	0.46	0.395	0.299	0.273	0.275	0.334	0.594	0.569	0.59	0.564		
3747	0.279	0.325	0.317	0.39	0.546	0.484	0.606	0.538	0.517	0.383	0.46	0.395	0.299	0.273	0.275	0.334	0.594	0.568	0.59	0.564		
3748	0.279	0.326	0.317	0.39	0.545	0.484	0.606	0.538	0.517	0.383	0.46	0.395	0.299	0.273	0.275	0.333	0.594	0.568	0.59	0.564		
3749	0.279	0.326	0.317	0.39	0.545	0.484	0.605	0.538	0.517	0.383	0.46	0.395	0.299	0.273	0.275	0.333	0.593	0.568	0.59	0.563		
3750	0.279	0.325	0.317	0.39	0.544	0.484	0.605	0.538	0.517	0.383	0.459	0.395	0.299	0.273	0.275	0.333	0.593	0.568	0.59	0.563		
3751	0.278	0.325	0.317	0.39	0.543	0.484	0.605	0.538	0.517	0.383	0.46	0.395	0.299	0.273	0.275	0.333	0.593	0.568	0.59	0.563		
3752	0.279	0.324	0.317	0.39	0.544	0.483	0.604	0.538	0.517	0.383	0.459	0.395	0.299	0.273	0.275	0.333	0.593	0.568	0.59	0.563		
3753	0.278	0.325	0.316	0.39	0.545	0.483	0.604	0.538	0.517	0.383	0.459	0.395	0.299	0.273	0.275	0.333	0.593	0.567	0.589	0.563		
3754	0.278	0.325	0.317	0.39	0.545	0.483	0.604	0.538	0.516	0.383	0.459	0.394	0.299	0.273	0.275	0.332	0.593	0.567	0.589	0.562		
3755	0.278	0.325	0.316	0.39	0.544	0.483	0.603	0.538	0.516	0.383	0.459	0.394	0.299	0.273	0.275	0.332	0.593	0.566	0.589	0.562		
3756	0.278	0.325	0.316	0.39	0.543	0.483	0.603	0.538	0.516	0.383	0.459	0.394	0.298	0.273	0.275	0.332	0.592	0.567	0.589	0.562		
3757	0.278	0.324	0.316	0.39	0.543	0.483	0.603	0.538	0.516	0.383	0.459	0.394	0.298	0.273	0.275	0.332	0.592	0.567	0.589	0.562		
3758	0.278	0.324	0.316	0.39	0.543	0.483	0.602	0.538	0.516	0.383	0.459	0.394	0.299	0.273	0.275	0.332	0.592	0.566	0.589	0.562		
3759	0.278	0.324	0.316	0.389	0.544	0.483	0.602	0.538	0.516	0.383	0.459	0.394	0.298	0.273	0.275	0.332	0.591	0.566	0.589	0.562		
3760	0.278	0.325	0.316	0.389	0.544	0.483	0.602	0.538	0.516	0.383	0.459	0.394	0.298	0.272	0.275	0.332	0.591	0.565	0.589	0.562		
3761	0.278	0.325	0.316	0.389	0.544	0.482	0.602	0.538	0.516	0.383	0.459	0.393	0.298	0.272	0.275	0.332	0.591	0.564	0.588	0.561		
3762	0.278	0.324	0.316	0.389	0.543	0.482	0.601	0.537	0.516	0.383	0.459	0.393	0.298	0.272	0.275	0.331	0.59	0.565	0.588	0.561		
3763	0.278	0.324	0.316	0.389	0.542	0.482	0.601	0.537	0.516	0.383	0.459	0.393	0.298	0.272	0.275	0.331	0.59	0.565	0.588	0.561		
3764	0.278	0.324	0.316	0.389	0.543	0.482	0.601	0.537	0.516	0.383	0.459	0.393	0.298	0.272	0.275	0.331	0.59	0.565	0.587	0.561		
3765	0.278	0.324	0.316	0.389	0.544	0.482	0.601	0.537	0.516	0.383	0.458	0.393	0.298	0.272	0.275	0.331	0.59	0.565	0.587	0.561		
3766	0.278	0.324	0.316	0.389	0.543	0.482	0.6	0.537	0.516	0.383	0.458	0.393	0.298	0.272	0.274	0.331	0.589	0.564	0.587	0.56		
3767	0.278	0.324	0.316	0.389	0.543	0.482	0.6	0.537	0.515	0.383	0.458	0.393	0.298	0.272	0.274	0.331	0.589	0.564	0.586	0.56		
3768	0.278	0.324	0.316	0.389	0.543	0.482	0.6	0.537	0.515	0.383	0.458	0.393	0.298	0.272	0.274	0.331	0.588	0.564	0.586	0.56		
3769	0.278	0.324	0.316	0.389	0.543	0.481	0.6	0.537	0.515	0.383	0.458	0.393	0.298	0.272	0.274	0.331	0.588	0.565	0.586	0.56		
3770	0.277	0.324	0.315	0.389	0.543	0.481	0.6	0.537	0.515	0.383	0.458	0.392	0.298	0.272	0.274	0.331	0.588	0.564	0.586	0.56		
3771	0.277	0.324	0.316	0.389	0.543	0.481	0.6	0.537	0.515	0.383	0.457	0.392	0.298	0.272	0.274	0.331	0.588	0.564	0.585	0.559		
3772	0.277	0.323	0.315	0.389	0.543	0.481	0.6	0.537	0.515	0.383	0.457	0.392	0.298	0.272	0.274	0.331	0.588	0.563	0.585	0.559		
3773	0.277	0.323	0.315	0.389	0.543	0.481	0.599	0.537	0.515	0.383	0.457	0.392	0.298	0.272	0.274	0.33	0.587	0.563	0.585	0.559		
3774	0.277	0.323	0.315	0.389	0.542	0.481	0.599	0.536	0.515	0.383	0.457	0.392	0.298	0.272	0.274	0.33	0.587	0.563	0.584	0.558		
3775	0.277	0.323	0.315	0.389	0.542	0.481	0.599	0.536	0.515	0.383	0.457	0.392	0.298	0.272	0.274	0.33	0.587	0.564	0.584	0.558		
3776	0.277	0.323	0.315	0.389	0.542	0.48	0.599	0.536	0.515	0.382	0.457	0.392	0.298	0.272	0.274	0.33	0.587	0.563	0.584	0.559		
3777	0.277	0.323	0.315	0.389	0.542	0.48	0.599	0.536	0.514	0.382	0.457	0.392	0.297	0.272	0.274	0.33	0.586	0.563	0.584	0.559		
3778	0.277	0.323	0.315	0.389	0.542	0.48	0.599	0.536	0.514	0.382	0.456	0.392	0.297	0.272	0.274	0.33	0.587	0.562	0.583	0.559		
3779	0.277	0.323	0.315	0.389	0.542	0.48	0.599	0.536	0.515	0.382	0.456	0.391	0.297	0.272	0.274	0.33	0.586	0.562	0.583	0.558		
3780	0.277	0.323	0.315	0.389	0.542	0.48	0.598	0.536	0.514	0.382	0.456	0.391	0.297	0.272	0.274	0.329	0.586	0.562	0.583	0.557		
3781	0.277	0.323	0.315	0.389	0.542	0.48	0.598	0.536	0.514	0.382	0.455	0.391	0.297	0.272	0.274	0.329	0.585	0.563	0.583	0.557		
3782	0.277	0.323	0.315	0.389	0.542	0.48	0.598	0.536	0.514	0.382	0.455	0.391	0.297	0.271	0.274	0.329	0.584	0.562	0.583	0.558		
3783	0.277	0.323	0.315	0.389	0.542	0.48	0.598	0.535	0.514	0.382	0.454	0.391	0.297	0.272	0.274	0.329	0.585	0.562	0.583	0.558		
3784	0.277	0.323	0.315	0.389	0.542	0.48	0.598	0.535	0.515	0.382	0.455	0.391	0.297	0.272	0.274	0.329	0.585	0.562	0.582	0.558		
3785	0.277	0.323	0.315	0.389	0.541	0.48	0.597	0.535	0.514	0.382	0.455	0.391	0.297	0.271	0.274	0.329	0.585	0.562	0.582	0.557		
3786	0.277	0.322	0.315	0.389	0.541	0.48	0.597	0.535	0.514	0.382	0.455	0.391	0.297	0.272	0.273	0.329	0.585	0.561	0.582	0.556		
3787	0.277	0.322	0.315	0.389	0.541	0.48	0.597	0.535	0.515	0.382	0.454	0.391	0.297	0.271	0.273	0.329	0.584	0.561	0.582	0.556		
3788	0.277	0.322	0.315	0.389	0.541	0.48	0.596	0.535	0.514	0.382	0.454	0.39	0.297	0.271	0.273	0.329	0.583	0.561	0.582	0.557		
3789	0.277	0.322	0.315	0.389	0.541	0.48	0.596	0.535	0.515	0.382	0.454	0.39	0.297	0.271	0.273	0.329	0.584	0.561	0.581	0.557		
3790	0.277	0.322	0.315	0.389	0.541	0.48	0.596	0.535	0.514	0.381	0.454	0.39	0.297	0.271	0.273	0.329	0.584	0.561	0.581	0.556		
3791	0.277	0.322	0.315	0.389	0.541	0.479	0.595	0.535	0.514	0.381	0.453	0.39	0.297	0.271	0.273	0.328	0.584	0.561	0.581	0.556		
3792	0.277	0.322	0.315	0.389	0.541	0.479	0.595	0.534	0.514	0.381	0.453	0.39	0.296	0.271	0.273	0.328	0.583	0.561	0.581	0.555		
3793	0.277	0.322	0.315	0.389	0.541	0.479	0.595	0.534	0.514	0.381	0.453	0.39	0.296	0.271	0.273	0.328	0.582	0.561	0.581	0.555		
3794	0.277	0.322	0.315	0.389	0.54	0.479	0.595	0.534	0.514	0.381	0.453	0.39	0.296	0.271	0.273	0.328	0.582	0.561	0.581	0.556		
3795	0.277	0.322	0.315	0.389	0.54	0.479	0.594	0.534	0.514	0.381	0.453	0.389	0.296	0.271	0.273	0.328	0.582	0.56	0.581	0.556		
3796	0.277	0.322	0.315	0.389	0.54	0.479	0.594	0.534	0.513	0.381	0.453	0.389	0.296	0.271	0.273	0.328	0.583	0.56	0.58	0.556		
3797	0.277	0.322	0.315	0.389	0.54	0.479	0.594	0.534	0.513	0.381	0.453	0.389	0.296	0.271	0.273	0.328	0.582	0.56	0.58	0.556		
3798	0.277	0.322	0.314	0.389	0.54	0.479	0.594	0.534	0.513	0.381	0.453	0.389	0.296	0.271	0.273	0.328	0.582	0.56	0.58	0.555		
3799	0.277	0.321	0.314	0.389	0.54	0.478	0.594	0.534	0.513	0.381	0.452	0.389	0.295	0.271	0.273	0.328	0.581	0.56	0.58	0.554		
3800	0.277	0.322	0.314	0.388	0.54	0.478	0.593	0.533	0.513	0.381	0.452	0.389	0.295	0.271	0.273	0.328	0.58	0.56	0.58	0.555		
3801	0.277	0.321	0.314	0.389	0.539	0.478	0.593	0.533	0.513	0.381	0.452	0.388	0.295	0.271	0.273	0.327	0.581	0.559	0.58	0.555		
3802	0.277	0.321	0.314	0.388	0.539	0.478	0.593	0.533	0.513	0.381	0.452	0.388	0.295	0.271	0.273	0.327	0.581	0.559	0.579	0.555		
3803	0.277	0.321	0.314	0.388	0.539	0.478	0.593	0.533	0.513	0.381	0.452	0.388	0.295	0.271	0.273	0.327	0.58	0.559	0.579	0.555		
3804	0.276	0.321	0.314	0.388	0.539	0.478	0.593	0.533	0.513	0.381	0.451	0.388	0.295	0.271	0.272	0.327	0.58	0.559	0.579	0.554		
3805	0.276	0.321	0.314	0.388	0.539	0.478	0.592	0.533	0.513	0.381	0.451	0.388	0.295	0.271	0.273	0.327	0.579	0.558	0.579	0.554		
3806	0.277	0.321	0.314	0.388	0.539	0.478	0.592	0.533	0.513	0.38	0.451	0.388	0.295	0.271	0.272	0.327	0.578	0.558	0.578	0.554		
3807	0.276	0.321	0.314	0.388	0.539	0.478	0.592	0.533	0.513	0.381	0.451	0.388	0.295	0.271	0.272	0.327	0.579	0.558	0.578	0.554		
3808	0.276	0.321	0.314	0.388	0.539	0.478	0.592	0.533	0.513	0.38	0.451	0.388	0.295	0.271	0.272	0.327	0.579	0.558	0.578	0.554		
3809	0.276	0.321	0.314	0.388	0.539	0.477	0.591	0.532	0.513	0.38	0.45	0.388	0.295	0.271	0.272	0.327	0.579	0.558	0.578	0.554		
3810	0.276	0.321	0.314	0.388	0.538	0.477	0.591	0.532	0.513	0.38	0.45	0.388	0.295	0.271	0.272	0.327	0.579	0.558	0.578	0.553		
3811	0.276	0.321	0.314	0.388	0.538	0.477	0.591	0.532	0.513	0.38	0.45	0.388	0.295	0.271	0.272	0.326	0.578	0.558	0.577	0.553		
3812	0.276	0.32	0.314	0.388	0.538	0.477	0.591	0.532	0.513	0.38	0.45	0.387	0.295	0.271	0.272	0.326	0.578	0.557	0.577	0.553		
3813	0.276	0.32	0.314	0.388	0.538	0.477	0.59	0.532	0.513	0.38	0.45	0.387	0.294	0.271	0.272	0.326	0.578	0.557	0.577	0.553		
3814	0.276	0.32	0.314	0.388	0.538	0.477	0.59	0.532	0.513	0.38	0.45	0.387	0.294	0.271	0.272	0.326	0.579	0.557	0.577	0.553		
3815	0.276	0.32	0.314	0.388	0.538	0.477	0.59	0.532	0.513	0.38	0.449	0.387	0.294	0.271	0.272	0.326	0.578	0.557	0.576	0.553		
3816	0.276	0.32	0.314	0.388	0.538	0.477	0.59	0.532	0.513	0.38	0.449	0.387	0.294	0.271	0.272	0.326	0.578	0.557	0.576	0.552		
3817	0.276	0.32	0.314	0.388	0.538	0.477	0.589	0.532	0.512	0.38	0.449	0.387	0.294	0.271	0.272	0.326	0.577	0.557	0.576	0.552		
3818	0.276	0.32	0.314	0.388	0.538	0.477	0.589	0.532	0.512	0.38	0.449	0.387	0.294	0.271	0.272	0.326	0.576	0.556	0.575	0.552		
3819	0.276	0.32	0.314	0.388	0.538	0.477	0.589	0.531	0.512	0.38	0.449	0.387	0.294	0.271	0.272	0.326	0.577	0.556	0.575	0.553		
3820	0.276	0.32	0.314	0.388	0.538	0.477	0.589	0.531	0.512	0.38	0.448	0.386	0.294	0.271	0.272	0.326	0.577	0.556	0.575	0.552		
3821	0.276	0.32	0.314	0.388	0.538	0.477	0.589	0.531	0.512	0.38	0.448	0.386	0.294	0.271	0.272	0.326	0.577	0.556	0.575	0.552		
3822	0.276	0.32	0.313	0.388	0.538	0.477	0.589	0.531	0.512	0.379	0.448	0.386	0.294	0.271	0.27	0.326	0.577	0.556	0.574	0.551		
3823	0.276	0.32	0.313	0.388	0.538	0.477	0.588	0.531	0.512	0.379	0.448	0.386	0.294	0.271	0.271	0.325	0.576	0.555	0.574	0.551		
3824	0.276	0.32	0.313	0.388	0.538	0.476	0.588	0.531	0.512	0.379	0.447	0.386	0.293	0.271	0.272	0.325	0.576	0.555	0.574	0.552		
3825	0.276	0.32	0.313	0.388	0.538	0.476	0.588	0.53	0.512	0.379	0.447	0.386	0.293	0.271	0.272	0.325	0.576	0.555	0.573	0.552		
3826	0.276	0.32	0.313	0.388	0.538	0.476	0.588	0.53	0.512	0.379	0.448	0.386	0.294	0.27	0.272	0.325	0.577	0.555	0.573	0.552		
3827	0.276	0.32	0.313	0.388	0.537	0.476	0.588	0.53	0.512	0.379	0.447	0.386	0.293	0.271	0.271	0.325	0.576	0.555	0.573	0.552		
3828	0.276	0.32	0.313	0.387	0.537	0.476	0.588	0.53	0.512	0.379	0.447	0.385	0.293	0.271	0.27	0.325	0.576	0.555	0.573	0.551		
3829	0.276	0.32	0.313	0.387	0.537	0.476	0.587	0.53	0.512	0.379	0.447	0.385	0.293	0.271	0.27	0.325	0.575	0.555	0.572	0.551		
3830	0.276	0.319	0.313	0.387	0.537	0.476	0.587	0.53	0.512	0.379	0.446	0.385	0.293	0.271	0.272	0.325	0.575	0.555	0.572	0.551		
3831	0.276	0.32	0.313	0.387	0.537	0.476	0.587	0.53	0.512	0.379	0.446	0.385	0.293	0.27	0.272	0.325	0.575	0.554	0.572	0.552		
3832	0.276	0.32	0.313	0.387	0.537	0.476	0.587	0.53	0.512	0.379	0.446	0.385	0.293	0.27	0.271	0.325	0.576	0.554	0.571	0.552		
3833	0.276	0.319	0.313	0.387	0.537	0.476	0.587	0.529	0.512	0.379	0.446	0.384	0.293	0.27	0.271	0.324	0.575	0.554	0.571	0.551		
3834	0.276	0.319	0.313	0.387	0.537	0.476	0.587	0.529	0.512	0.379	0.446	0.384	0.293	0.27	0.27	0.324	0.575	0.554	0.571	0.551		
3835	0.275	0.319	0.313	0.387	0.536	0.476	0.587	0.529	0.511	0.378	0.446	0.384	0.293	0.27	0.27	0.324	0.575	0.554	0.57	0.551		
3836	0.276	0.319	0.313	0.387	0.536	0.476	0.586	0.529	0.512	0.379	0.445	0.384	0.293	0.27	0.271	0.324	0.574	0.554	0.57	0.551		
3837	0.275	0.319	0.313	0.386	0.536	0.476	0.586	0.529	0.511	0.378	0.445	0.384	0.293	0.27	0.271	0.324	0.574	0.554	0.57	0.551		
3838	0.275	0.319	0.313	0.386	0.536	0.476	0.586	0.529	0.511	0.378	0.445	0.384	0.293	0.27	0.271	0.324	0.574	0.554	0.57	0.551		
3839	0.275	0.319	0.313	0.386	0.536	0.475	0.586	0.528	0.511	0.378	0.445	0.384	0.293	0.27	0.271	0.324	0.574	0.554	0.57	0.551		
3840	0.275	0.319	0.313	0.386	0.536	0.475	0.585	0.528	0.511	0.378	0.445	0.384	0.292	0.27	0.27	0.324	0.574	0.554	0.569	0.551		
3841	0.275	0.319	0.313	0.386	0.536	0.475	0.585	0.528	0.511	0.378	0.445	0.384	0.292	0.27	0.27	0.324	0.574	0.554	0.569	0.551		
3842	0.275	0.319	0.313	0.386	0.536	0.475	0.585	0.528	0.51	0.378	0.444	0.384	0.292	0.269	0.271	0.323	0.573	0.553	0.569	0.551		
3843	0.275	0.319	0.313	0.385	0.535	0.475	0.585	0.528	0.51	0.378	0.444	0.384	0.292	0.27	0.271	0.323	0.573	0.553	0.569	0.551		
3844	0.275	0.319	0.313	0.385	0.535	0.475	0.584	0.528	0.51	0.378	0.444	0.384	0.292	0.269	0.271	0.323	0.573	0.553	0.568	0.551		
3845	0.275	0.319	0.313	0.385	0.535	0.475	0.584	0.528	0.51	0.378	0.444	0.384	0.292	0.27	0.271	0.323	0.573	0.553	0.568	0.551		
3846	0.275	0.319	0.313	0.385	0.535	0.475	0.584	0.527	0.51	0.378	0.444	0.383	0.292	0.269	0.27	0.323	0.573	0.553	0.568	0.551		
3847	0.275	0.319	0.313	0.385	0.535	0.475	0.584	0.527	0.51	0.378	0.444	0.383	0.292	0.269	0.27	0.323	0.572	0.553	0.568	0.551		
3848	0.275	0.318	0.313	0.385	0.535	0.475	0.583	0.527	0.509	0.378	0.444	0.383	0.292	0.269	0.271	0.323	0.572	0.553	0.567	0.551		
3849	0.275	0.319	0.313	0.384	0.535	0.474	0.583	0.527	0.509	0.378	0.444	0.383	0.292	0.269	0.271	0.323	0.572	0.553	0.567	0.551		
3850	0.275	0.319	0.313	0.384	0.535	0.474	0.583	0.527	0.509	0.378	0.444	0.383	0.292	0.269	0.271	0.323	0.572	0.552	0.567	0.551		
3851	0.275	0.319	0.313	0.384	0.535	0.474	0.583	0.527	0.509	0.378	0.444	0.383	0.292	0.269	0.27	0.323	0.572	0.552	0.566	0.55		
3852	0.275	0.319	0.313	0.384	0.535	0.474	0.582	0.526	0.508	0.378	0.443	0.383	0.292	0.269	0.269	0.323	0.571	0.552	0.566	0.55		
3853	0.275	0.319	0.312	0.383	0.534	0.474	0.582	0.526	0.509	0.378	0.444	0.383	0.291	0.269	0.27	0.323	0.571	0.552	0.566	0.55		
3854	0.275	0.319	0.313	0.383	0.534	0.474	0.582	0.526	0.508	0.378	0.443	0.383	0.291	0.269	0.27	0.322	0.571	0.552	0.565	0.55		
3855	0.275	0.319	0.312	0.383	0.534	0.474	0.581	0.526	0.508	0.378	0.443	0.383	0.291	0.269	0.27	0.322	0.571	0.552	0.565	0.55		
3856	0.275	0.319	0.312	0.383	0.534	0.474	0.581	0.526	0.508	0.378	0.443	0.383	0.291	0.269	0.27	0.322	0.571	0.552	0.565	0.55		
3857	0.275	0.319	0.312	0.382	0.534	0.474	0.581	0.526	0.508	0.378	0.443	0.382	0.291	0.269	0.27	0.322	0.571	0.551	0.565	0.55		
3858	0.275	0.319	0.312	0.382	0.534	0.474	0.581	0.525	0.508	0.378	0.443	0.382	0.291	0.269	0.269	0.322	0.571	0.551	0.565	0.55		
3859	0.275	0.318	0.312	0.382	0.534	0.474	0.581	0.525	0.508	0.378	0.443	0.382	0.291	0.269	0.269	0.322	0.571	0.551	0.564	0.55		
3860	0.275	0.318	0.312	0.381	0.534	0.473	0.58	0.525	0.508	0.377	0.443	0.382	0.291	0.269	0.27	0.322	0.57	0.551	0.564	0.55		
3861	0.275	0.318	0.312	0.381	0.534	0.473	0.58	0.525	0.508	0.378	0.443	0.382	0.291	0.268	0.27	0.322	0.57	0.551	0.564	0.549		
3862	0.275	0.318	0.312	0.381	0.534	0.473	0.58	0.525	0.508	0.377	0.442	0.382	0.291	0.269	0.27	0.322	0.57	0.551	0.564	0.549		
3863	0.275	0.318	0.312	0.38	0.534	0.473	0.58	0.525	0.508	0.377	0.442	0.382	0.29	0.268	0.269	0.322	0.569	0.55	0.564	0.549		
3864	0.275	0.318	0.312	0.38	0.534	0.473	0.579	0.525	0.507	0.377	0.442	0.382	0.29	0.268	0.269	0.322	0.569	0.55	0.563	0.549		
3865	0.275	0.318	0.312	0.38	0.533	0.473	0.579	0.524	0.507	0.377	0.442	0.382	0.29	0.268	0.269	0.322	0.569	0.55	0.563	0.549		
3866	0.274	0.318	0.312	0.379	0.533	0.473	0.579	0.524	0.507	0.377	0.442	0.382	0.29	0.268	0.27	0.322	0.569	0.55	0.563	0.548		
3867	0.274	0.318	0.312	0.379	0.533	0.472	0.579	0.524	0.507	0.377	0.442	0.382	0.29	0.268	0.27	0.321	0.569	0.55	0.563	0.548		
3868	0.275	0.318	0.312	0.379	0.533	0.472	0.579	0.524	0.507	0.377	0.442	0.381	0.29	0.268	0.27	0.321	0.568	0.55	0.563	0.548		
3869	0.275	0.318	0.312	0.379	0.533	0.472	0.579	0.524	0.507	0.377	0.442	0.381	0.29	0.268	0.269	0.321	0.568	0.549	0.562	0.548		
3870	0.274	0.318	0.311	0.378	0.533	0.472	0.578	0.524	0.507	0.377	0.442	0.381	0.29	0.268	0.269	0.321	0.568	0.549	0.562	0.548		
3871	0.274	0.318	0.311	0.378	0.533	0.472	0.578	0.524	0.506	0.377	0.442	0.381	0.29	0.268	0.269	0.321	0.567	0.549	0.562	0.548		
3872	0.274	0.318	0.311	0.378	0.533	0.472	0.578	0.524	0.506	0.377	0.441	0.381	0.29	0.268	0.269	0.321	0.567	0.549	0.562	0.547		
3873	0.274	0.318	0.311	0.377	0.533	0.472	0.578	0.524	0.506	0.377	0.441	0.381	0.29	0.268	0.27	0.32	0.567	0.549	0.562	0.547		
3874	0.274	0.318	0.311	0.377	0.533	0.472	0.578	0.524	0.506	0.377	0.441	0.381	0.29	0.268	0.269	0.32	0.567	0.549	0.562	0.547		
3875	0.274	0.318	0.311	0.377	0.533	0.471	0.577	0.524	0.505	0.377	0.441	0.381	0.29	0.268	0.269	0.32	0.567	0.549	0.561	0.547		
3876	0.274	0.318	0.311	0.376	0.532	0.471	0.577	0.524	0.505	0.377	0.441	0.38	0.29	0.268	0.268	0.32	0.566	0.548	0.561	0.546		
3877	0.275	0.318	0.311	0.376	0.532	0.471	0.577	0.524	0.505	0.377	0.44	0.38	0.289	0.268	0.268	0.32	0.566	0.548	0.561	0.546		
3878	0.274	0.318	0.311	0.376	0.532	0.471	0.577	0.524	0.505	0.377	0.44	0.38	0.289	0.268	0.269	0.32	0.566	0.548	0.561	0.546		
3879	0.274	0.318	0.311	0.376	0.532	0.471	0.577	0.524	0.505	0.377	0.44	0.38	0.289	0.268	0.269	0.32	0.566	0.548	0.56	0.546		
3880	0.274	0.318	0.311	0.375	0.532	0.471	0.576	0.524	0.505	0.376	0.44	0.38	0.289	0.268	0.269	0.32	0.566	0.548	0.56	0.546		
3881	0.274	0.317	0.311	0.375	0.532	0.471	0.576	0.524	0.504	0.376	0.439	0.38	0.289	0.267	0.268	0.319	0.566	0.548	0.56	0.545		
3882	0.274	0.317	0.311	0.375	0.532	0.471	0.576	0.523	0.504	0.376	0.44	0.38	0.289	0.267	0.269	0.32	0.565	0.548	0.56	0.545		
3883	0.274	0.317	0.311	0.374	0.532	0.471	0.576	0.523	0.504	0.376	0.439	0.38	0.289	0.267	0.268	0.319	0.565	0.548	0.559	0.545		
3884	0.274	0.317	0.311	0.374	0.532	0.471	0.575	0.523	0.504	0.376	0.439	0.38	0.289	0.267	0.268	0.319	0.565	0.547	0.559	0.545		
3885	0.274	0.317	0.311	0.374	0.532	0.471	0.575	0.523	0.504	0.376	0.439	0.38	0.289	0.267	0.268	0.319	0.565	0.547	0.559	0.544		
3886	0.274	0.317	0.311	0.374	0.532	0.471	0.575	0.523	0.504	0.376	0.439	0.379	0.289	0.267	0.268	0.319	0.565	0.547	0.559	0.544		
3887	0.274	0.317	0.311	0.373	0.531	0.471	0.575	0.523	0.504	0.376	0.439	0.379	0.288	0.267	0.268	0.319	0.564	0.547	0.559	0.544		
3888	0.274	0.317	0.311	0.373	0.532	0.471	0.575	0.523	0.504	0.376	0.439	0.379	0.289	0.267	0.268	0.319	0.564	0.547	0.558	0.544		
3889	0.274	0.317	0.311	0.373	0.531	0.47	0.575	0.523	0.504	0.376	0.439	0.379	0.289	0.267	0.268	0.319	0.564	0.547	0.558	0.544		
3890	0.274	0.317	0.311	0.373	0.531	0.47	0.574	0.523	0.504	0.376	0.438	0.379	0.288	0.267	0.268	0.318	0.564	0.546	0.558	0.544		
3891	0.274	0.317	0.31	0.372	0.531	0.47	0.574	0.523	0.504	0.376	0.438	0.379	0.288	0.267	0.268	0.319	0.563	0.546	0.558	0.543		
3892	0.274	0.317	0.31	0.372	0.531	0.47	0.574	0.523	0.504	0.376	0.438	0.379	0.288	0.267	0.268	0.318	0.563	0.546	0.558	0.543		
3893	0.274	0.317	0.31	0.372	0.531	0.47	0.574	0.523	0.504	0.375	0.438	0.379	0.288	0.267	0.268	0.318	0.563	0.546	0.558	0.543		
3894	0.274	0.317	0.31	0.372	0.531	0.47	0.574	0.523	0.504	0.375	0.438	0.379	0.288	0.267	0.268	0.318	0.563	0.546	0.557	0.543		
3895	0.274	0.317	0.31	0.372	0.531	0.47	0.573	0.523	0.504	0.375	0.438	0.379	0.288	0.267	0.268	0.318	0.563	0.545	0.557	0.543		
3896	0.274	0.317	0.31	0.371	0.531	0.47	0.573	0.523	0.504	0.375	0.438	0.379	0.288	0.267	0.268	0.318	0.563	0.545	0.557	0.543		
3897	0.274	0.317	0.31	0.371	0.531	0.47	0.573	0.523	0.504	0.375	0.438	0.378	0.288	0.267	0.268	0.318	0.563	0.545	0.556	0.543		
3898	0.274	0.317	0.31	0.371	0.531	0.47	0.572	0.523	0.504	0.375	0.438	0.378	0.288	0.267	0.268	0.318	0.562	0.545	0.556	0.543		
3899	0.274	0.317	0.31	0.371	0.53	0.47	0.572	0.523	0.504	0.375	0.438	0.378	0.288	0.267	0.267	0.318	0.562	0.545	0.556	0.542		
3900	0.274	0.317	0.31	0.371	0.531	0.47	0.572	0.523	0.504	0.375	0.438	0.378	0.288	0.267	0.268	0.318	0.562	0.545	0.556	0.542		
3901	0.274	0.317	0.31	0.37	0.53	0.47	0.572	0.523	0.504	0.375	0.437	0.378	0.288	0.267	0.268	0.318	0.562	0.544	0.556	0.541		
3902	0.274	0.317	0.31	0.37	0.53	0.47	0.572	0.523	0.505	0.375	0.437	0.378	0.287	0.267	0.267	0.318	0.562	0.544	0.556	0.541		
3903	0.273	0.317	0.31	0.37	0.53	0.47	0.571	0.523	0.505	0.375	0.437	0.378	0.287	0.267	0.267	0.318	0.562	0.544	0.556	0.542		
3904	0.274	0.317	0.31	0.369	0.53	0.47	0.571	0.522	0.505	0.375	0.437	0.377	0.288	0.267	0.267	0.318	0.561	0.544	0.555	0.542		
3905	0.273	0.316	0.31	0.369	0.53	0.47	0.571	0.522	0.505	0.375	0.437	0.377	0.287	0.267	0.267	0.317	0.561	0.544	0.555	0.541		
3906	0.274	0.317	0.31	0.369	0.53	0.47	0.571	0.522	0.505	0.375	0.437	0.377	0.287	0.267	0.267	0.317	0.561	0.544	0.555	0.541		
3907	0.273	0.317	0.31	0.369	0.53	0.47	0.571	0.522	0.505	0.375	0.437	0.377	0.287	0.267	0.267	0.317	0.561	0.544	0.555	0.54		
3908	0.273	0.317	0.31	0.369	0.53	0.47	0.57	0.522	0.505	0.374	0.437	0.377	0.287	0.267	0.267	0.317	0.561	0.544	0.555	0.54		
3909	0.273	0.316	0.31	0.368	0.529	0.47	0.57	0.522	0.505	0.374	0.436	0.377	0.287	0.267	0.267	0.317	0.561	0.543	0.554	0.541		
3910	0.273	0.317	0.309	0.368	0.529	0.47	0.57	0.522	0.505	0.374	0.437	0.377	0.287	0.267	0.267	0.317	0.56	0.543	0.554	0.542		
3911	0.273	0.316	0.31	0.368	0.529	0.469	0.57	0.522	0.505	0.374	0.436	0.377	0.287	0.267	0.267	0.317	0.56	0.543	0.554	0.541		
3912	0.273	0.316	0.31	0.368	0.529	0.469	0.569	0.522	0.505	0.374	0.436	0.377	0.287	0.267	0.267	0.317	0.56	0.543	0.553	0.54		
3913	0.273	0.316	0.31	0.368	0.529	0.469	0.569	0.522	0.505	0.374	0.436	0.377	0.287	0.266	0.267	0.317	0.56	0.543	0.554	0.539		
3914	0.273	0.316	0.309	0.367	0.529	0.469	0.569	0.522	0.505	0.374	0.436	0.377	0.287	0.267	0.267	0.317	0.56	0.543	0.554	0.539		
3915	0.273	0.316	0.308	0.367	0.528	0.469	0.569	0.522	0.505	0.374	0.436	0.377	0.287	0.267	0.267	0.317	0.56	0.543	0.554	0.541		
3916	0.273	0.316	0.309	0.367	0.528	0.469	0.569	0.522	0.505	0.373	0.436	0.377	0.287	0.267	0.267	0.316	0.56	0.543	0.554	0.541		
3917	0.273	0.316	0.31	0.367	0.528	0.469	0.568	0.522	0.505	0.373	0.436	0.377	0.286	0.266	0.267	0.316	0.559	0.542	0.553	0.54		
3918	0.273	0.316	0.31	0.366	0.528	0.469	0.568	0.522	0.505	0.373	0.435	0.377	0.286	0.267	0.267	0.316	0.559	0.542	0.552	0.54		
3919	0.273	0.316	0.309	0.366	0.528	0.469	0.568	0.522	0.505	0.373	0.435	0.376	0.286	0.267	0.267	0.316	0.559	0.542	0.553	0.538		
3920	0.273	0.316	0.308	0.366	0.528	0.468	0.568	0.522	0.505	0.373	0.435	0.376	0.286	0.267	0.267	0.316	0.559	0.542	0.553	0.539		
3921	0.273	0.316	0.308	0.366	0.528	0.468	0.568	0.522	0.505	0.373	0.435	0.376	0.286	0.266	0.267	0.316	0.559	0.542	0.553	0.54		
3922	0.273	0.316	0.308	0.365	0.527	0.468	0.568	0.522	0.505	0.373	0.435	0.376	0.286	0.267	0.267	0.316	0.558	0.542	0.552	0.54		
3923	0.273	0.316	0.31	0.365	0.527	0.468	0.568	0.522	0.505	0.373	0.435	0.376	0.286	0.267	0.267	0.316	0.558	0.542	0.552	0.54		
3924	0.273	0.315	0.31	0.365	0.527	0.468	0.567	0.522	0.505	0.373	0.434	0.376	0.286	0.266	0.267	0.316	0.558	0.542	0.551	0.539		
3925	0.273	0.315	0.309	0.365	0.527	0.468	0.567	0.522	0.505	0.373	0.434	0.376	0.286	0.267	0.267	0.316	0.558	0.541	0.552	0.538		
3926	0.273	0.315	0.308	0.365	0.527	0.468	0.567	0.522	0.505	0.373	0.434	0.376	0.286	0.266	0.267	0.315	0.557	0.541	0.552	0.538		
3927	0.273	0.315	0.307	0.364	0.527	0.468	0.567	0.522	0.505	0.373	0.434	0.376	0.286	0.266	0.266	0.315	0.557	0.541	0.552	0.539		
3928	0.273	0.315	0.308	0.364	0.527	0.468	0.566	0.522	0.505	0.373	0.434	0.376	0.286	0.266	0.267	0.315	0.557	0.541	0.552	0.54		
3929	0.273	0.315	0.309	0.364	0.527	0.467	0.566	0.522	0.505	0.373	0.434	0.375	0.285	0.266	0.266	0.315	0.557	0.541	0.551	0.539		
3930	0.272	0.315	0.309	0.363	0.527	0.467	0.566	0.522	0.505	0.373	0.433	0.375	0.286	0.266	0.267	0.315	0.557	0.541	0.551	0.538		
3931	0.273	0.315	0.309	0.363	0.527	0.467	0.566	0.522	0.505	0.373	0.433	0.375	0.285	0.266	0.266	0.315	0.557	0.54	0.551	0.537		
3932	0.273	0.315	0.308	0.363	0.527	0.467	0.565	0.522	0.504	0.372	0.433	0.375	0.285	0.266	0.267	0.315	0.556	0.54	0.552	0.537		
3933	0.272	0.315	0.307	0.363	0.527	0.467	0.565	0.522	0.504	0.372	0.433	0.375	0.285	0.266	0.266	0.315	0.556	0.54	0.552	0.538		
3934	0.273	0.315	0.308	0.362	0.526	0.467	0.565	0.522	0.504	0.372	0.433	0.375	0.285	0.266	0.267	0.315	0.556	0.54	0.551	0.539		
3935	0.272	0.315	0.309	0.362	0.526	0.467	0.565	0.522	0.504	0.372	0.433	0.375	0.285	0.266	0.266	0.315	0.556	0.54	0.55	0.538		
3936	0.273	0.315	0.309	0.362	0.526	0.467	0.565	0.522	0.504	0.372	0.433	0.375	0.285	0.266	0.266	0.315	0.555	0.54	0.55	0.537		
3937	0.272	0.315	0.308	0.362	0.526	0.466	0.565	0.522	0.503	0.372	0.433	0.375	0.285	0.266	0.266	0.315	0.555	0.54	0.55	0.536		
3938	0.272	0.315	0.308	0.361	0.526	0.466	0.564	0.522	0.503	0.372	0.433	0.375	0.285	0.266	0.266	0.314	0.555	0.539	0.55	0.536		
3939	0.272	0.315	0.307	0.361	0.526	0.466	0.564	0.522	0.503	0.372	0.432	0.375	0.285	0.266	0.266	0.314	0.555	0.539	0.55	0.537		
3940	0.272	0.315	0.307	0.361	0.526	0.466	0.564	0.521	0.503	0.372	0.432	0.375	0.285	0.266	0.266	0.314	0.555	0.539	0.55	0.538		
3941	0.272	0.315	0.309	0.361	0.526	0.466	0.564	0.522	0.502	0.371	0.432	0.375	0.285	0.266	0.266	0.314	0.554	0.539	0.549	0.537		
3942	0.272	0.315	0.309	0.361	0.526	0.466	0.564	0.522	0.502	0.371	0.433	0.375	0.284	0.266	0.266	0.314	0.554	0.539	0.549	0.536		
3943	0.272	0.315	0.308	0.36	0.526	0.465	0.563	0.521	0.502	0.371	0.432	0.374	0.284	0.266	0.266	0.314	0.554	0.539	0.549	0.535		
3944	0.272	0.314	0.307	0.36	0.526	0.465	0.563	0.521	0.502	0.371	0.432	0.374	0.284	0.266	0.266	0.314	0.554	0.539	0.549	0.535		
3945	0.272	0.315	0.307	0.36	0.525	0.465	0.563	0.521	0.502	0.371	0.432	0.374	0.284	0.266	0.266	0.314	0.554	0.539	0.549	0.536		
3946	0.272	0.314	0.307	0.36	0.525	0.465	0.563	0.521	0.502	0.371	0.432	0.374	0.284	0.266	0.266	0.314	0.554	0.539	0.549	0.537		
3947	0.272	0.314	0.308	0.36	0.525	0.465	0.563	0.521	0.502	0.371	0.432	0.374	0.284	0.266	0.266	0.314	0.554	0.539	0.549	0.536		
3948	0.272	0.314	0.309	0.359	0.525	0.465	0.563	0.521	0.502	0.371	0.431	0.374	0.284	0.266	0.266	0.313	0.554	0.539	0.548	0.535		
3949	0.272	0.314	0.308	0.359	0.525	0.465	0.563	0.521	0.502	0.371	0.431	0.374	0.284	0.266	0.266	0.313	0.553	0.539	0.548	0.534		
3950	0.272	0.314	0.307	0.359	0.525	0.465	0.563	0.521	0.502	0.371	0.431	0.374	0.284	0.266	0.266	0.313	0.553	0.538	0.549	0.534		
3951	0.272	0.314	0.306	0.359	0.525	0.464	0.563	0.521	0.502	0.371	0.431	0.374	0.284	0.266	0.266	0.313	0.553	0.538	0.548	0.535		
3952	0.272	0.314	0.307	0.358	0.525	0.464	0.562	0.521	0.501	0.371	0.431	0.373	0.284	0.266	0.266	0.313	0.553	0.538	0.548	0.536		
3953	0.272	0.314	0.308	0.358	0.525	0.464	0.562	0.521	0.501	0.371	0.431	0.373	0.284	0.265	0.266	0.313	0.553	0.538	0.547	0.535		
3954	0.272	0.314	0.308	0.358	0.525	0.464	0.562	0.521	0.501	0.371	0.431	0.373	0.284	0.266	0.266	0.313	0.553	0.538	0.547	0.534		
3955	0.272	0.314	0.308	0.358	0.525	0.464	0.562	0.521	0.501	0.371	0.431	0.373	0.284	0.266	0.266	0.313	0.553	0.538	0.547	0.534		
3956	0.272	0.314	0.307	0.358	0.524	0.464	0.562	0.521	0.501	0.37	0.43	0.373	0.283	0.266	0.266	0.313	0.553	0.538	0.548	0.533		
3957	0.272	0.314	0.306	0.357	0.524	0.464	0.562	0.521	0.501	0.37	0.43	0.373	0.283	0.266	0.266	0.313	0.552	0.538	0.547	0.534		
3958	0.272	0.314	0.306	0.357	0.524	0.464	0.562	0.521	0.501	0.37	0.43	0.373	0.283	0.265	0.266	0.313	0.552	0.537	0.547	0.534		
3959	0.272	0.314	0.308	0.357	0.524	0.464	0.561	0.521	0.501	0.37	0.43	0.373	0.283	0.265	0.266	0.313	0.552	0.537	0.546	0.534		
3960	0.272	0.314	0.308	0.357	0.524	0.464	0.561	0.521	0.501	0.37	0.43	0.373	0.283	0.265	0.266	0.313	0.552	0.537	0.546	0.534		
3961	0.272	0.314	0.307	0.357	0.524	0.464	0.561	0.521	0.501	0.37	0.429	0.372	0.283	0.265	0.266	0.312	0.552	0.537	0.546	0.534		
3962	0.272	0.314	0.306	0.357	0.524	0.464	0.561	0.521	0.501	0.37	0.429	0.373	0.283	0.265	0.266	0.312	0.552	0.537	0.546	0.534		
3963	0.272	0.314	0.305	0.357	0.524	0.464	0.561	0.521	0.501	0.37	0.429	0.372	0.283	0.265	0.266	0.312	0.552	0.537	0.546	0.534		
3964	0.272	0.314	0.306	0.356	0.524	0.464	0.561	0.521	0.501	0.37	0.43	0.372	0.283	0.265	0.266	0.312	0.551	0.537	0.546	0.534		
3965	0.272	0.314	0.307	0.356	0.524	0.463	0.561	0.521	0.501	0.37	0.429	0.372	0.283	0.265	0.266	0.312	0.551	0.537	0.546	0.534		
3966	0.272	0.314	0.307	0.356	0.524	0.463	0.561	0.521	0.501	0.37	0.429	0.372	0.283	0.265	0.266	0.312	0.551	0.537	0.545	0.534		
3967	0.271	0.314	0.307	0.356	0.523	0.463	0.56	0.521	0.501	0.37	0.429	0.372	0.283	0.265	0.266	0.312	0.551	0.536	0.545	0.534		
3968	0.271	0.314	0.306	0.356	0.523	0.463	0.56	0.521	0.5	0.37	0.429	0.372	0.283	0.265	0.266	0.312	0.551	0.536	0.546	0.533		
3969	0.271	0.313	0.305	0.355	0.523	0.463	0.56	0.521	0.5	0.37	0.429	0.372	0.283	0.265	0.266	0.312	0.551	0.536	0.546	0.533		
3970	0.271	0.313	0.306	0.355	0.523	0.463	0.56	0.521	0.5	0.37	0.429	0.372	0.283	0.265	0.266	0.312	0.55	0.536	0.545	0.533		
3971	0.271	0.313	0.307	0.355	0.523	0.463	0.56	0.521	0.5	0.37	0.429	0.372	0.283	0.265	0.266	0.312	0.55	0.536	0.545	0.533		
3972	0.271	0.313	0.306	0.355	0.523	0.463	0.56	0.521	0.5	0.37	0.428	0.371	0.283	0.265	0.266	0.312	0.55	0.535	0.545	0.533		
3973	0.271	0.313	0.306	0.355	0.523	0.463	0.559	0.521	0.5	0.37	0.428	0.371	0.283	0.265	0.265	0.311	0.55	0.535	0.545	0.533		
3974	0.271	0.313	0.306	0.355	0.522	0.462	0.559	0.521	0.5	0.369	0.428	0.371	0.282	0.265	0.266	0.311	0.55	0.535	0.545	0.533		
3975	0.271	0.313	0.306	0.354	0.522	0.462	0.559	0.521	0.5	0.369	0.428	0.371	0.282	0.265	0.266	0.311	0.549	0.535	0.545	0.533		
3976	0.271	0.313	0.306	0.354	0.522	0.462	0.559	0.521	0.5	0.369	0.428	0.371	0.282	0.265	0.265	0.311	0.549	0.535	0.545	0.533		
3977	0.271	0.313	0.306	0.354	0.522	0.462	0.559	0.521	0.5	0.369	0.428	0.371	0.282	0.265	0.266	0.311	0.549	0.535	0.545	0.533		
3978	0.271	0.313	0.306	0.354	0.522	0.462	0.559	0.521	0.5	0.369	0.427	0.371	0.282	0.264	0.266	0.311	0.549	0.535	0.544	0.533		
3979	0.271	0.313	0.306	0.354	0.522	0.462	0.559	0.521	0.5	0.369	0.428	0.371	0.282	0.265	0.265	0.311	0.549	0.535	0.544	0.533		
3980	0.271	0.313	0.306	0.353	0.522	0.462	0.559	0.521	0.5	0.369	0.427	0.371	0.282	0.265	0.265	0.311	0.549	0.535	0.544	0.532		
3981	0.271	0.313	0.306	0.354	0.522	0.461	0.558	0.521	0.5	0.369	0.427	0.371	0.282	0.265	0.265	0.311	0.549	0.535	0.544	0.532		
3982	0.271	0.313	0.306	0.353	0.522	0.461	0.558	0.521	0.5	0.369	0.427	0.371	0.282	0.264	0.265	0.31	0.549	0.535	0.544	0.532		
3983	0.271	0.313	0.306	0.353	0.522	0.461	0.558	0.521	0.5	0.369	0.427	0.371	0.282	0.264	0.265	0.31	0.549	0.535	0.544	0.532		
3984	0.271	0.312	0.306	0.353	0.521	0.461	0.558	0.521	0.5	0.369	0.427	0.371	0.282	0.264	0.265	0.31	0.549	0.534	0.544	0.532		
3985	0.271	0.313	0.306	0.353	0.521	0.461	0.558	0.521	0.5	0.369	0.427	0.371	0.282	0.264	0.265	0.31	0.548	0.534	0.544	0.532		
3986	0.271	0.312	0.306	0.352	0.521	0.461	0.558	0.521	0.5	0.369	0.427	0.37	0.282	0.264	0.265	0.31	0.548	0.534	0.544	0.532		
3987	0.271	0.312	0.306	0.352	0.521	0.461	0.557	0.521	0.499	0.369	0.427	0.37	0.282	0.264	0.265	0.31	0.548	0.534	0.544	0.531		
3988	0.271	0.312	0.306	0.352	0.521	0.461	0.557	0.521	0.499	0.369	0.427	0.37	0.282	0.264	0.265	0.31	0.548	0.533	0.544	0.531		
3989	0.271	0.312	0.306	0.352	0.521	0.461	0.557	0.521	0.499	0.369	0.426	0.37	0.282	0.264	0.265	0.31	0.548	0.533	0.544	0.531		
3990	0.271	0.312	0.306	0.352	0.521	0.461	0.557	0.521	0.499	0.369	0.426	0.37	0.282	0.264	0.265	0.31	0.548	0.533	0.543	0.531		
3991	0.271	0.312	0.306	0.352	0.52	0.461	0.557	0.521	0.499	0.369	0.426	0.37	0.282	0.264	0.265	0.31	0.548	0.533	0.543	0.531		
3992	0.271	0.312	0.306	0.352	0.52	0.461	0.557	0.521	0.499	0.369	0.426	0.37	0.282	0.264	0.265	0.309	0.548	0.532	0.543	0.53		
3993	0.27	0.312	0.306	0.351	0.52	0.461	0.557	0.521	0.499	0.369	0.426	0.37	0.281	0.264	0.265	0.309	0.548	0.532	0.543	0.53		
3994	0.27	0.312	0.306	0.351	0.52	0.461	0.556	0.521	0.499	0.369	0.426	0.37	0.282	0.264	0.265	0.309	0.548	0.532	0.543	0.53		
3995	0.27	0.312	0.306	0.351	0.52	0.461	0.556	0.521	0.498	0.368	0.426	0.37	0.281	0.264	0.265	0.309	0.548	0.532	0.543	0.53		
3996	0.27	0.312	0.305	0.351	0.52	0.461	0.556	0.521	0.498	0.369	0.426	0.37	0.281	0.264	0.265	0.309	0.548	0.532	0.542	0.53		
3997	0.27	0.312	0.306	0.351	0.519	0.461	0.556	0.521	0.498	0.368	0.426	0.37	0.281	0.264	0.265	0.309	0.548	0.532	0.542	0.53		
3998	0.27	0.312	0.305	0.351	0.519	0.461	0.556	0.521	0.498	0.368	0.426	0.369	0.281	0.264	0.265	0.309	0.548	0.531	0.542	0.529		
3999	0.27	0.312	0.305	0.351	0.519	0.461	0.556	0.521	0.498	0.368	0.425	0.369	0.281	0.264	0.265	0.309	0.548	0.531	0.542	0.529		
																						
																						